#
# There is insufficient memory for the Java Runtime Environment to continue.
# Native memory allocation (malloc) failed to allocate 1792496 bytes. Error detail: Chunk::new
# Possible reasons:
#   The system is out of physical RAM or swap space
#   This process is running with CompressedOops enabled, and the Java Heap may be blocking the growth of the native heap
# Possible solutions:
#   Reduce memory load on the system
#   Increase physical memory or swap space
#   Check if swap backing store is full
#   Decrease Java heap size (-Xmx/-Xms)
#   Decrease number of Java threads
#   Decrease Java thread stack sizes (-Xss)
#   Set larger code cache with -XX:ReservedCodeCacheSize=
#   JVM is running with Zero Based Compressed Oops mode in which the Java heap is
#     placed in the first 32GB address space. The Java Heap base address is the
#     maximum limit for the native heap growth. Please use -XX:HeapBaseMinAddress
#     to set the Java Heap base and to place the Java Heap above 32GB virtual address.
# This output file may be truncated or incomplete.
#
#  Out of Memory Error (arena.cpp:168), pid=48056, tid=18636
#
# JRE version: OpenJDK Runtime Environment Corretto-21.0.11.10.1 (21.0.11+10) (build 21.0.11+10-LTS)
# Java VM: OpenJDK 64-Bit Server VM Corretto-21.0.11.10.1 (21.0.11+10-LTS, mixed mode, sharing, tiered, compressed oops, compressed class ptrs, g1 gc, windows-amd64)
# No core dump will be written. Minidumps are not enabled by default on client versions of Windows
#

---------------  S U M M A R Y ------------

Command Line: --add-opens=java.base/java.lang=ALL-UNNAMED --add-opens=java.base/java.lang.invoke=ALL-UNNAMED --add-opens=java.base/java.util=ALL-UNNAMED --add-opens=java.prefs/java.util.prefs=ALL-UNNAMED --add-exports=jdk.compiler/com.sun.tools.javac.api=ALL-UNNAMED --add-exports=jdk.compiler/com.sun.tools.javac.util=ALL-UNNAMED --add-opens=java.base/java.util=ALL-UNNAMED --add-opens=java.prefs/java.util.prefs=ALL-UNNAMED --add-opens=java.base/java.nio.charset=ALL-UNNAMED --add-opens=java.base/java.net=ALL-UNNAMED --add-opens=java.base/java.util.concurrent=ALL-UNNAMED --add-opens=java.base/java.util.concurrent.atomic=ALL-UNNAMED --add-opens=java.xml/javax.xml.namespace=ALL-UNNAMED --add-opens=java.base/java.time=ALL-UNNAMED -Xmx4096M -Dfile.encoding=UTF-8 -Duser.country=IN -Duser.language=en -Duser.variant -javaagent:C:\Users\opule\AndroidStudioProjects\wrapper\dists\gradle-9.3.1-bin\23ovyewtku6u96viwx3xl3oks\gradle-9.3.1\lib\agents\gradle-instrumentation-agent-9.3.1.jar org.gradle.launcher.daemon.bootstrap.GradleDaemon 9.3.1

Host: 12th Gen Intel(R) Core(TM) i5-12500H, 16 cores, 15G,  Windows 11 , 64 bit Build 26100 (10.0.26100.8328)
Time: Thu May 28 04:36:38 2026 India Standard Time elapsed time: 1870.114256 seconds (0d 0h 31m 10s)

---------------  T H R E A D  ---------------

Current thread (0x00000281e1e3bde0):  JavaThread "C2 CompilerThread0" daemon [_thread_in_native, id=18636, stack(0x000000ff9c700000,0x000000ff9c800000) (1024K)]


Current CompileTask:
C2:1870114 75186       4       org.gradle.internal.logging.sink.LogEventDispatcher::dispatch (12 bytes)

Stack: [0x000000ff9c700000,0x000000ff9c800000]
Native frames: (J=compiled Java code, j=interpreted, Vv=VM code, C=native code)
V  [jvm.dll+0x6df899]
V  [jvm.dll+0x8bc52b]
V  [jvm.dll+0x8beaba]
V  [jvm.dll+0x8bf193]
V  [jvm.dll+0x28aa16]
V  [jvm.dll+0xc917d]
V  [jvm.dll+0xc96cc]
V  [jvm.dll+0x3c5ab2]
V  [jvm.dll+0x392122]
V  [jvm.dll+0x39157a]
V  [jvm.dll+0x252700]
V  [jvm.dll+0x251d22]
V  [jvm.dll+0x1d1bce]
V  [jvm.dll+0x26198a]
V  [jvm.dll+0x25ff15]
V  [jvm.dll+0x3ff815]
V  [jvm.dll+0x8672bd]
V  [jvm.dll+0x6de09d]
C  [ucrtbase.dll+0x37b0]
C  [KERNEL32.DLL+0x2e957]
C  [ntdll.dll+0x427c]


---------------  P R O C E S S  ---------------

Threads class SMR info:
_java_thread_list=0x000002823fbb10a0, length=262, elements={
0x00000281bff63d20, 0x00000281e1e2b640, 0x00000281e1e2c0a0, 0x00000281e1e2ec40,
0x00000281e1e2f7d0, 0x00000281e1e30360, 0x00000281e1e31f00, 0x00000281e1e3bde0,
0x00000281e21a20a0, 0x00000281e252fee0, 0x00000281e24a0340, 0x000002822843d4a0,
0x000002822900e800, 0x0000028228f1f820, 0x0000028228435ce0, 0x0000028228436370,
0x0000028228436a00, 0x000002822baa0380, 0x000002822ba9dc20, 0x000002822ba9e2b0,
0x000002822ba9cf00, 0x000002822baa2450, 0x000002822baa3800, 0x000002822baa2ae0,
0x000002822baa10a0, 0x000002822baa3170, 0x000002822baa3e90, 0x000002822baa0a10,
0x000002822baa1730, 0x000002822baa1dc0, 0x000002822d390b70, 0x000002822d38fe50,
0x000002822d391200, 0x000002822d392c40, 0x000002822d391890, 0x000002822d391f20,
0x000002824a757eb0, 0x000002824a46b450, 0x000002824aa67b40, 0x000002824aa65a70,
0x000002824aa66790, 0x000002824aa681d0, 0x000002824aa64d50, 0x000002824aa653e0,
0x000002824aa68ef0, 0x000002824aa69580, 0x000002824aa69c10, 0x000002824aa66e20,
0x000002824aa4b670, 0x000002824aa4d740, 0x000002824aa4f810, 0x000002824aa4c390,
0x000002824aa52c90, 0x000002824aa50530, 0x000002824aa51250, 0x000002824aa5bcf0,
0x000002824aa59c20, 0x000002824aa5a2b0, 0x000002824aa58870, 0x000002824aa5c380,
0x000002824aa5ca10, 0x000002824aa5d730, 0x000002824aa5ddc0, 0x000002824aa5e450,
0x000002824aa5afd0, 0x000002824aa5f800, 0x000002824aa5fe90, 0x000002824aa60bb0,
0x000002824aa5f170, 0x000002824aa62c80, 0x000002824aa64030, 0x000002824aa61240,
0x000002824aa618d0, 0x000002824aa66100, 0x00000282380ba380, 0x00000282380b8fd0,
0x00000282380baa10, 0x00000282380b8940, 0x00000282380b9660, 0x00000282380b7c20,
0x00000282380bc450, 0x00000282380bbdc0, 0x00000282380b9cf0, 0x00000282380bb0a0,
0x00000282380bcae0, 0x00000282380a0610, 0x00000282380a2050, 0x000002823809ebd0,
0x00000282380a5b60, 0x00000282380a4120, 0x00000282380a3a90, 0x00000282380a47b0,
0x00000282380a4e40, 0x00000282380a2d70, 0x00000282380a54d0, 0x00000282380a26e0,
0x00000282380a61f0, 0x00000282380a3400, 0x00000282380a9d00, 0x00000282380a8950,
0x00000282380a6880, 0x00000282380aa390, 0x00000282380a6f10, 0x00000282380aaa20,
0x00000282380adea0, 0x00000282380ad180, 0x00000282380ad810, 0x00000282380acaf0,
0x00000282380ab0b0, 0x00000282380aebc0, 0x00000282380af250, 0x00000282380abdd0,
0x00000282380b26d0, 0x00000282380b19b0, 0x00000282380aff70, 0x00000282380af8e0,
0x00000282380b33f0, 0x00000282380b0c90, 0x00000282380b2d60, 0x00000282380b2040,
0x00000282380b1320, 0x00000282380b3a80, 0x00000282380a8fe0, 0x00000282380ae530,
0x00000282380b4110, 0x00000282380b4e30, 0x00000282380b54c0, 0x00000282380b6870,
0x00000282380b7590, 0x00000282380b5b50, 0x00000282380b6f00, 0x000002824885b230,
0x000002824885aba0, 0x0000028248859e80, 0x000002824885b8c0, 0x0000028248859160,
0x000002824885fa60, 0x000002824885f3d0, 0x000002824885d990, 0x000002824885e020,
0x000002824885e6b0, 0x000002824885ed40, 0x000002824885cc70, 0x00000282488600f0,
0x0000028248860780, 0x0000028247992dd0, 0x000002824798f950, 0x0000028247993460,
0x000002824798ffe0, 0x0000028247993af0, 0x0000028229d1aeb0, 0x0000028229d1b540,
0x0000028229d18de0, 0x0000028229d1cf80, 0x0000028229d1c8f0, 0x0000028229d1e330,
0x000002822e7076d0, 0x000002822e70b1e0, 0x000002822e707d60, 0x000002822e70c590,
0x000002822e709e30, 0x0000028228437090, 0x0000028228437720, 0x00000282284342a0,
0x0000028228434930, 0x0000028228434fc0, 0x000002824aa4e460, 0x000002824aa4fea0,
0x000002824aa581e0, 0x000002822ba9e940, 0x000002822ba9f660, 0x0000028229772070,
0x000002824975a270, 0x0000028249758ec0, 0x000002824975a900, 0x000002824975c340,
0x0000028249759550, 0x000002824975dd80, 0x000002824975af90, 0x000002824975b620,
0x000002824975bcb0, 0x0000028249759be0, 0x0000028249758830, 0x000002824975c9d0,
0x000002824975e410, 0x000002824975eaa0, 0x00000282497604e0, 0x000002824975fe50,
0x000002824975f7c0, 0x000002824975d060, 0x0000028249760b70, 0x000002824975d6f0,
0x0000028249764680, 0x00000282497632d0, 0x0000028249763ff0, 0x0000028249764d10,
0x0000028249761f20, 0x0000028249761890, 0x0000028249765a30, 0x0000028249766de0,
0x00000282497653a0, 0x00000282497625b0, 0x0000028249768190, 0x0000028249768820,
0x0000028249768eb0, 0x0000028249769540, 0x0000028249767b00, 0x0000028249767470,
0x00000282497660c0, 0x0000028249769bd0, 0x0000028249766750, 0x000002824976d050,
0x000002824976d6e0, 0x000002824976bca0, 0x000002824976dd70, 0x000002824976b610,
0x000002824976a8f0, 0x000002824976e400, 0x000002824976c330, 0x000002824976c9c0,
0x000002824976af80, 0x0000028249771f10, 0x000002824976ea90, 0x0000028249770b60,
0x00000282497704d0, 0x000002824976f7b0, 0x00000282497711f0, 0x00000282497725a0,
0x0000028249771880, 0x000002824976f120, 0x0000028249772c30, 0x0000028249773950,
0x0000028249776740, 0x00000282497732c0, 0x0000028249775a20, 0x0000028249776dd0,
0x0000028249774d00, 0x0000028249777460, 0x0000028249773fe0, 0x0000028249774670,
0x0000028249777af0, 0x000002822cfbb2e0, 0x000002822cfb9f30, 0x000002822cfb8b80,
0x000002822cfb7e60, 0x000002822cfb84f0, 0x000002822cfbb970, 0x000002822cfbc690,
0x000002822cfb9210, 0x000002822cfbd3b0, 0x000002822cfbda40, 0x0000028248860e10,
0x000002823e31cbe0, 0x000002823e319df0, 0x000002823e31d900, 0x000002823e31ab10,
0x000002823e31e620, 0x0000028238f88f80, 0x0000028241fefc10, 0x000002824a74daa0,
0x000002824a74d410, 0x000002824a750200
}

Java Threads: ( => current thread )
  0x00000281bff63d20 JavaThread "main"                              [_thread_blocked, id=8640, stack(0x000000ff9b900000,0x000000ff9ba00000) (1024K)]
  0x00000281e1e2b640 JavaThread "Reference Handler"          daemon [_thread_blocked, id=28856, stack(0x000000ff9c100000,0x000000ff9c200000) (1024K)]
  0x00000281e1e2c0a0 JavaThread "Finalizer"                  daemon [_thread_blocked, id=33352, stack(0x000000ff9c200000,0x000000ff9c300000) (1024K)]
  0x00000281e1e2ec40 JavaThread "Signal Dispatcher"          daemon [_thread_blocked, id=14576, stack(0x000000ff9c300000,0x000000ff9c400000) (1024K)]
  0x00000281e1e2f7d0 JavaThread "Attach Listener"            daemon [_thread_blocked, id=33768, stack(0x000000ff9c400000,0x000000ff9c500000) (1024K)]
  0x00000281e1e30360 JavaThread "Service Thread"             daemon [_thread_blocked, id=69832, stack(0x000000ff9c500000,0x000000ff9c600000) (1024K)]
  0x00000281e1e31f00 JavaThread "Monitor Deflation Thread"   daemon [_thread_blocked, id=72316, stack(0x000000ff9c600000,0x000000ff9c700000) (1024K)]
=>0x00000281e1e3bde0 JavaThread "C2 CompilerThread0"         daemon [_thread_in_native, id=18636, stack(0x000000ff9c700000,0x000000ff9c800000) (1024K)]
  0x00000281e21a20a0 JavaThread "C1 CompilerThread0"         daemon [_thread_blocked, id=47608, stack(0x000000ff9c800000,0x000000ff9c900000) (1024K)]
  0x00000281e252fee0 JavaThread "Common-Cleaner"             daemon [_thread_blocked, id=15344, stack(0x000000ff9cc00000,0x000000ff9cd00000) (1024K)]
  0x00000281e24a0340 JavaThread "Notification Thread"        daemon [_thread_blocked, id=24764, stack(0x000000ff9ca00000,0x000000ff9cb00000) (1024K)]
  0x000002822843d4a0 JavaThread "Daemon health stats"               [_thread_blocked, id=11828, stack(0x000000ff9d300000,0x000000ff9d400000) (1024K)]
  0x000002822900e800 JavaThread "Incoming local TCP Connector on port 64645"        [_thread_in_native, id=62784, stack(0x000000ff9d400000,0x000000ff9d500000) (1024K)]
  0x0000028228f1f820 JavaThread "Daemon periodic checks"            [_thread_blocked, id=65616, stack(0x000000ff9d600000,0x000000ff9d700000) (1024K)]
  0x0000028228435ce0 JavaThread "Cache worker for journal cache (C:\Users\opule\AndroidStudioProjects\caches\journal-1)"        [_thread_blocked, id=25880, stack(0x000000ff9dd00000,0x000000ff9de00000) (1024K)]
  0x0000028228436370 JavaThread "File lock request listener"        [_thread_in_native, id=46820, stack(0x000000ff9de00000,0x000000ff9df00000) (1024K)]
  0x0000028228436a00 JavaThread "Cache worker for file hash cache (C:\Users\opule\AndroidStudioProjects\caches\9.3.1\fileHashes)"        [_thread_blocked, id=29684, stack(0x000000ff9e000000,0x000000ff9e100000) (1024K)]
  0x000002822baa0380 JavaThread "File watcher server"        daemon [_thread_in_native, id=67036, stack(0x000000ff9ed00000,0x000000ff9ee00000) (1024K)]
  0x000002822ba9dc20 JavaThread "File watcher consumer"      daemon [_thread_blocked, id=57648, stack(0x000000ff9ee00000,0x000000ff9ef00000) (1024K)]
  0x000002822ba9e2b0 JavaThread "jar transforms"                    [_thread_blocked, id=71748, stack(0x000000ff9ef00000,0x000000ff9f000000) (1024K)]
  0x000002822ba9cf00 JavaThread "jar transforms Thread 2"           [_thread_blocked, id=25976, stack(0x000000ff9f000000,0x000000ff9f100000) (1024K)]
  0x000002822baa2450 JavaThread "jar transforms Thread 3"           [_thread_blocked, id=37844, stack(0x000000ff9f100000,0x000000ff9f200000) (1024K)]
  0x000002822baa3800 JavaThread "jar transforms Thread 4"           [_thread_blocked, id=29268, stack(0x000000ff9f200000,0x000000ff9f300000) (1024K)]
  0x000002822baa2ae0 JavaThread "jar transforms Thread 5"           [_thread_blocked, id=51520, stack(0x000000ff9f300000,0x000000ff9f400000) (1024K)]
  0x000002822baa10a0 JavaThread "jar transforms Thread 6"           [_thread_blocked, id=62044, stack(0x000000ff9f400000,0x000000ff9f500000) (1024K)]
  0x000002822baa3170 JavaThread "jar transforms Thread 7"           [_thread_blocked, id=48916, stack(0x000000ff9f500000,0x000000ff9f600000) (1024K)]
  0x000002822baa3e90 JavaThread "jar transforms Thread 8"           [_thread_blocked, id=54688, stack(0x000000ff9f600000,0x000000ff9f700000) (1024K)]
  0x000002822baa0a10 JavaThread "jar transforms Thread 9"           [_thread_blocked, id=69180, stack(0x000000ff9f700000,0x000000ff9f800000) (1024K)]
  0x000002822baa1730 JavaThread "jar transforms Thread 10"          [_thread_blocked, id=8260, stack(0x000000ff9f800000,0x000000ff9f900000) (1024K)]
  0x000002822baa1dc0 JavaThread "jar transforms Thread 11"          [_thread_blocked, id=35196, stack(0x000000ff9f900000,0x000000ff9fa00000) (1024K)]
  0x000002822d390b70 JavaThread "jar transforms Thread 12"          [_thread_blocked, id=30896, stack(0x000000ff9fa00000,0x000000ff9fb00000) (1024K)]
  0x000002822d38fe50 JavaThread "jar transforms Thread 13"          [_thread_blocked, id=62356, stack(0x000000ff9fb00000,0x000000ff9fc00000) (1024K)]
  0x000002822d391200 JavaThread "jar transforms Thread 14"          [_thread_blocked, id=54756, stack(0x000000ff9fc00000,0x000000ff9fd00000) (1024K)]
  0x000002822d392c40 JavaThread "jar transforms Thread 15"          [_thread_blocked, id=29364, stack(0x000000ff9fd00000,0x000000ff9fe00000) (1024K)]
  0x000002822d391890 JavaThread "jar transforms Thread 16"          [_thread_blocked, id=28468, stack(0x000000ff9fe00000,0x000000ff9ff00000) (1024K)]
  0x000002822d391f20 JavaThread "Cache worker for file content cache (C:\Users\opule\AndroidStudioProjects\caches\9.3.1\fileContent)"        [_thread_blocked, id=50728, stack(0x000000ff9df00000,0x000000ff9e000000) (1024K)]
  0x000002824a757eb0 JavaThread "Memory manager"                    [_thread_blocked, id=48060, stack(0x000000ffa4800000,0x000000ffa4900000) (1024K)]
  0x000002824a46b450 JavaThread "pool-3-thread-1"                   [_thread_blocked, id=73292, stack(0x000000ffa6200000,0x000000ffa6300000) (1024K)]
  0x000002824aa67b40 JavaThread "Daemon Thread 2"                   [_thread_blocked, id=16048, stack(0x000000ff9b600000,0x000000ff9b700000) (1024K)]
  0x000002824aa65a70 JavaThread "Handler for socket connection from /127.0.0.1:64645 to /127.0.0.1:64972"        [_thread_in_native, id=78028, stack(0x000000ff9b700000,0x000000ff9b800000) (1024K)]
  0x000002824aa66790 JavaThread "Cancel handler"                    [_thread_blocked, id=76384, stack(0x000000ff9b800000,0x000000ff9b900000) (1024K)]
  0x000002824aa681d0 JavaThread "Daemon worker Thread 2"            [_thread_blocked, id=24668, stack(0x000000ff9d000000,0x000000ff9d100000) (1024K)]
  0x000002824aa64d50 JavaThread "Asynchronous log dispatcher for DefaultDaemonConnection: socket connection from /127.0.0.1:64645 to /127.0.0.1:64972"        [_thread_blocked, id=19020, stack(0x000000ff9d100000,0x000000ff9d200000) (1024K)]
  0x000002824aa653e0 JavaThread "Stdin handler"                     [_thread_blocked, id=34908, stack(0x000000ff9d200000,0x000000ff9d300000) (1024K)]
  0x000002824aa68ef0 JavaThread "Daemon client event forwarder"        [_thread_blocked, id=73060, stack(0x000000ff9d500000,0x000000ff9d600000) (1024K)]
  0x000002824aa69580 JavaThread "Cache worker for file hash cache (C:\Users\opule\AndroidStudioProjects\Promptr\.gradle\9.3.1\fileHashes)"        [_thread_blocked, id=63832, stack(0x000000ff9d700000,0x000000ff9d800000) (1024K)]
  0x000002824aa69c10 JavaThread "Cache worker for checksums cache (C:\Users\opule\AndroidStudioProjects\Promptr\.gradle\9.3.1\checksums)"        [_thread_blocked, id=4116, stack(0x000000ff9d800000,0x000000ff9d900000) (1024K)]
  0x000002824aa66e20 JavaThread "Cache worker for Build Output Cleanup Cache (C:\Users\opule\AndroidStudioProjects\Promptr\.gradle\buildOutputCleanup)"        [_thread_blocked, id=26824, stack(0x000000ff9d900000,0x000000ff9da00000) (1024K)]
  0x000002824aa4b670 JavaThread "Cache worker for cache directory md-supplier (C:\Users\opule\AndroidStudioProjects\caches\9.3.1\md-supplier)"        [_thread_blocked, id=21588, stack(0x000000ff9da00000,0x000000ff9db00000) (1024K)]
  0x000002824aa4d740 JavaThread "Cache worker for cache directory md-rule (C:\Users\opule\AndroidStudioProjects\caches\9.3.1\md-rule)"        [_thread_blocked, id=56276, stack(0x000000ff9dc00000,0x000000ff9dd00000) (1024K)]
  0x000002824aa4f810 JavaThread "Unconstrained build operations"        [_thread_blocked, id=49724, stack(0x000000ff9ea00000,0x000000ff9eb00000) (1024K)]
  0x000002824aa4c390 JavaThread "Unconstrained build operations Thread 2"        [_thread_blocked, id=5468, stack(0x000000ff9eb00000,0x000000ff9ec00000) (1024K)]
  0x000002824aa52c90 JavaThread "Unconstrained build operations Thread 3"        [_thread_blocked, id=49392, stack(0x000000ff9ec00000,0x000000ff9ed00000) (1024K)]
  0x000002824aa50530 JavaThread "Unconstrained build operations Thread 4"        [_thread_blocked, id=9048, stack(0x000000ffa0100000,0x000000ffa0200000) (1024K)]
  0x000002824aa51250 JavaThread "Unconstrained build operations Thread 5"        [_thread_blocked, id=53920, stack(0x000000ffa0200000,0x000000ffa0300000) (1024K)]
  0x000002824aa5bcf0 JavaThread "Unconstrained build operations Thread 6"        [_thread_blocked, id=11148, stack(0x000000ffa0300000,0x000000ffa0400000) (1024K)]
  0x000002824aa59c20 JavaThread "Unconstrained build operations Thread 7"        [_thread_blocked, id=49328, stack(0x000000ffa0400000,0x000000ffa0500000) (1024K)]
  0x000002824aa5a2b0 JavaThread "Unconstrained build operations Thread 8"        [_thread_blocked, id=42224, stack(0x000000ffa0500000,0x000000ffa0600000) (1024K)]
  0x000002824aa58870 JavaThread "Unconstrained build operations Thread 9"        [_thread_blocked, id=4092, stack(0x000000ffa0600000,0x000000ffa0700000) (1024K)]
  0x000002824aa5c380 JavaThread "Unconstrained build operations Thread 10"        [_thread_blocked, id=75732, stack(0x000000ffa0700000,0x000000ffa0800000) (1024K)]
  0x000002824aa5ca10 JavaThread "Unconstrained build operations Thread 11"        [_thread_blocked, id=55552, stack(0x000000ffa0000000,0x000000ffa0100000) (1024K)]
  0x000002824aa5d730 JavaThread "Unconstrained build operations Thread 12"        [_thread_blocked, id=33420, stack(0x000000ffa0900000,0x000000ffa0a00000) (1024K)]
  0x000002824aa5ddc0 JavaThread "Unconstrained build operations Thread 13"        [_thread_blocked, id=66360, stack(0x000000ffa0a00000,0x000000ffa0b00000) (1024K)]
  0x000002824aa5e450 JavaThread "Unconstrained build operations Thread 14"        [_thread_blocked, id=47164, stack(0x000000ffa0b00000,0x000000ffa0c00000) (1024K)]
  0x000002824aa5afd0 JavaThread "Unconstrained build operations Thread 15"        [_thread_blocked, id=51652, stack(0x000000ffa0c00000,0x000000ffa0d00000) (1024K)]
  0x000002824aa5f800 JavaThread "Unconstrained build operations Thread 16"        [_thread_blocked, id=60436, stack(0x000000ffa0d00000,0x000000ffa0e00000) (1024K)]
  0x000002824aa5fe90 JavaThread "Unconstrained build operations Thread 17"        [_thread_blocked, id=66284, stack(0x000000ffa0e00000,0x000000ffa0f00000) (1024K)]
  0x000002824aa60bb0 JavaThread "Unconstrained build operations Thread 18"        [_thread_blocked, id=28788, stack(0x000000ffa0f00000,0x000000ffa1000000) (1024K)]
  0x000002824aa5f170 JavaThread "Unconstrained build operations Thread 19"        [_thread_blocked, id=71468, stack(0x000000ffa1000000,0x000000ffa1100000) (1024K)]
  0x000002824aa62c80 JavaThread "Unconstrained build operations Thread 20"        [_thread_blocked, id=63868, stack(0x000000ffa1100000,0x000000ffa1200000) (1024K)]
  0x000002824aa64030 JavaThread "Configuration cache report writer"        [_thread_blocked, id=77236, stack(0x000000ff9ff00000,0x000000ffa0000000) (1024K)]
  0x000002824aa61240 JavaThread "Unconstrained build operations Thread 21"        [_thread_blocked, id=56696, stack(0x000000ff9db00000,0x000000ff9dc00000) (1024K)]
  0x000002824aa618d0 JavaThread "Unconstrained build operations Thread 22"        [_thread_blocked, id=62564, stack(0x000000ffa0800000,0x000000ffa0900000) (1024K)]
  0x000002824aa66100 JavaThread "Unconstrained build operations Thread 23"        [_thread_blocked, id=14784, stack(0x000000ffa1200000,0x000000ffa1300000) (1024K)]
  0x00000282380ba380 JavaThread "Unconstrained build operations Thread 24"        [_thread_blocked, id=33740, stack(0x000000ffa1300000,0x000000ffa1400000) (1024K)]
  0x00000282380b8fd0 JavaThread "Unconstrained build operations Thread 25"        [_thread_blocked, id=77308, stack(0x000000ffa1400000,0x000000ffa1500000) (1024K)]
  0x00000282380baa10 JavaThread "Unconstrained build operations Thread 26"        [_thread_blocked, id=31532, stack(0x000000ffa1500000,0x000000ffa1600000) (1024K)]
  0x00000282380b8940 JavaThread "Unconstrained build operations Thread 27"        [_thread_blocked, id=23652, stack(0x000000ffa1600000,0x000000ffa1700000) (1024K)]
  0x00000282380b9660 JavaThread "Unconstrained build operations Thread 28"        [_thread_blocked, id=18276, stack(0x000000ffa1700000,0x000000ffa1800000) (1024K)]
  0x00000282380b7c20 JavaThread "Unconstrained build operations Thread 29"        [_thread_blocked, id=21352, stack(0x000000ffa1800000,0x000000ffa1900000) (1024K)]
  0x00000282380bc450 JavaThread "Unconstrained build operations Thread 30"        [_thread_blocked, id=42572, stack(0x000000ffa1900000,0x000000ffa1a00000) (1024K)]
  0x00000282380bbdc0 JavaThread "Unconstrained build operations Thread 31"        [_thread_blocked, id=59624, stack(0x000000ffa1a00000,0x000000ffa1b00000) (1024K)]
  0x00000282380b9cf0 JavaThread "Unconstrained build operations Thread 32"        [_thread_blocked, id=14388, stack(0x000000ffa1b00000,0x000000ffa1c00000) (1024K)]
  0x00000282380bb0a0 JavaThread "Unconstrained build operations Thread 33"        [_thread_blocked, id=43976, stack(0x000000ffa1c00000,0x000000ffa1d00000) (1024K)]
  0x00000282380bcae0 JavaThread "Unconstrained build operations Thread 34"        [_thread_blocked, id=56584, stack(0x000000ffa1d00000,0x000000ffa1e00000) (1024K)]
  0x00000282380a0610 JavaThread "Unconstrained build operations Thread 35"        [_thread_blocked, id=30056, stack(0x000000ffa1e00000,0x000000ffa1f00000) (1024K)]
  0x00000282380a2050 JavaThread "Unconstrained build operations Thread 36"        [_thread_blocked, id=28420, stack(0x000000ffa2100000,0x000000ffa2200000) (1024K)]
  0x000002823809ebd0 JavaThread "Unconstrained build operations Thread 37"        [_thread_blocked, id=58712, stack(0x000000ffa2200000,0x000000ffa2300000) (1024K)]
  0x00000282380a5b60 JavaThread "Unconstrained build operations Thread 38"        [_thread_blocked, id=71508, stack(0x000000ffa2300000,0x000000ffa2400000) (1024K)]
  0x00000282380a4120 JavaThread "Unconstrained build operations Thread 39"        [_thread_blocked, id=34996, stack(0x000000ffa2400000,0x000000ffa2500000) (1024K)]
  0x00000282380a3a90 JavaThread "Unconstrained build operations Thread 40"        [_thread_blocked, id=37624, stack(0x000000ffa2500000,0x000000ffa2600000) (1024K)]
  0x00000282380a47b0 JavaThread "Unconstrained build operations Thread 41"        [_thread_blocked, id=55424, stack(0x000000ffa2600000,0x000000ffa2700000) (1024K)]
  0x00000282380a4e40 JavaThread "Unconstrained build operations Thread 42"        [_thread_blocked, id=42212, stack(0x000000ffa2700000,0x000000ffa2800000) (1024K)]
  0x00000282380a2d70 JavaThread "Unconstrained build operations Thread 43"        [_thread_blocked, id=23568, stack(0x000000ffa2800000,0x000000ffa2900000) (1024K)]
  0x00000282380a54d0 JavaThread "Unconstrained build operations Thread 44"        [_thread_blocked, id=276, stack(0x000000ffa2900000,0x000000ffa2a00000) (1024K)]
  0x00000282380a26e0 JavaThread "Unconstrained build operations Thread 45"        [_thread_blocked, id=75964, stack(0x000000ffa2a00000,0x000000ffa2b00000) (1024K)]
  0x00000282380a61f0 JavaThread "Unconstrained build operations Thread 46"        [_thread_blocked, id=33868, stack(0x000000ffa2b00000,0x000000ffa2c00000) (1024K)]
  0x00000282380a3400 JavaThread "Unconstrained build operations Thread 47"        [_thread_blocked, id=51400, stack(0x000000ffa2c00000,0x000000ffa2d00000) (1024K)]
  0x00000282380a9d00 JavaThread "Unconstrained build operations Thread 48"        [_thread_blocked, id=25036, stack(0x000000ffa2d00000,0x000000ffa2e00000) (1024K)]
  0x00000282380a8950 JavaThread "Unconstrained build operations Thread 49"        [_thread_blocked, id=26584, stack(0x000000ffa2e00000,0x000000ffa2f00000) (1024K)]
  0x00000282380a6880 JavaThread "Unconstrained build operations Thread 50"        [_thread_blocked, id=43620, stack(0x000000ffa2f00000,0x000000ffa3000000) (1024K)]
  0x00000282380aa390 JavaThread "build event listener"              [_thread_blocked, id=58196, stack(0x000000ffa3200000,0x000000ffa3300000) (1024K)]
  0x00000282380a6f10 JavaThread "build event listener"              [_thread_blocked, id=30484, stack(0x000000ffa1f00000,0x000000ffa2000000) (1024K)]
  0x00000282380aaa20 JavaThread "build event listener"              [_thread_blocked, id=49636, stack(0x000000ffa3100000,0x000000ffa3200000) (1024K)]
  0x00000282380adea0 JavaThread "Unconstrained build operations Thread 51"        [_thread_blocked, id=33256, stack(0x000000ffa3300000,0x000000ffa3400000) (1024K)]
  0x00000282380ad180 JavaThread "Unconstrained build operations Thread 52"        [_thread_blocked, id=75920, stack(0x000000ffa3400000,0x000000ffa3500000) (1024K)]
  0x00000282380ad810 JavaThread "Unconstrained build operations Thread 53"        [_thread_blocked, id=37816, stack(0x000000ffa3500000,0x000000ffa3600000) (1024K)]
  0x00000282380acaf0 JavaThread "Unconstrained build operations Thread 54"        [_thread_in_Java, id=7268, stack(0x000000ffa3600000,0x000000ffa3700000) (1024K)]
  0x00000282380ab0b0 JavaThread "Unconstrained build operations Thread 55"        [_thread_in_Java, id=23524, stack(0x000000ffa3700000,0x000000ffa3800000) (1024K)]
  0x00000282380aebc0 JavaThread "Unconstrained build operations Thread 56"        [_thread_blocked, id=60672, stack(0x000000ffa3800000,0x000000ffa3900000) (1024K)]
  0x00000282380af250 JavaThread "Unconstrained build operations Thread 57"        [_thread_blocked, id=36844, stack(0x000000ffa3900000,0x000000ffa3a00000) (1024K)]
  0x00000282380abdd0 JavaThread "Unconstrained build operations Thread 58"        [_thread_blocked, id=40444, stack(0x000000ffa3a00000,0x000000ffa3b00000) (1024K)]
  0x00000282380b26d0 JavaThread "Unconstrained build operations Thread 59"        [_thread_blocked, id=49848, stack(0x000000ffa3b00000,0x000000ffa3c00000) (1024K)]
  0x00000282380b19b0 JavaThread "Unconstrained build operations Thread 60"        [_thread_blocked, id=17008, stack(0x000000ffa3c00000,0x000000ffa3d00000) (1024K)]
  0x00000282380aff70 JavaThread "Unconstrained build operations Thread 61"        [_thread_blocked, id=41804, stack(0x000000ffa3d00000,0x000000ffa3e00000) (1024K)]
  0x00000282380af8e0 JavaThread "Unconstrained build operations Thread 62"        [_thread_in_Java, id=57084, stack(0x000000ffa3e00000,0x000000ffa3f00000) (1024K)]
  0x00000282380b33f0 JavaThread "Unconstrained build operations Thread 63"        [_thread_blocked, id=56756, stack(0x000000ffa3f00000,0x000000ffa4000000) (1024K)]
  0x00000282380b0c90 JavaThread "Unconstrained build operations Thread 64"        [_thread_blocked, id=61924, stack(0x000000ffa4000000,0x000000ffa4100000) (1024K)]
  0x00000282380b2d60 JavaThread "Unconstrained build operations Thread 65"        [_thread_blocked, id=67932, stack(0x000000ffa4100000,0x000000ffa4200000) (1024K)]
  0x00000282380b2040 JavaThread "Unconstrained build operations Thread 66"        [_thread_blocked, id=67024, stack(0x000000ffa4200000,0x000000ffa4300000) (1024K)]
  0x00000282380b1320 JavaThread "Unconstrained build operations Thread 67"        [_thread_in_Java, id=54184, stack(0x000000ffa4300000,0x000000ffa4400000) (1024K)]
  0x00000282380b3a80 JavaThread "Unconstrained build operations Thread 68"        [_thread_blocked, id=36252, stack(0x000000ffa4400000,0x000000ffa4500000) (1024K)]
  0x00000282380a8fe0 JavaThread "pool-8-thread-1"                   [_thread_blocked, id=32272, stack(0x000000ffa2000000,0x000000ffa2100000) (1024K)]
  0x00000282380ae530 JavaThread "build event listener"              [_thread_blocked, id=49792, stack(0x000000ffa3000000,0x000000ffa3100000) (1024K)]
  0x00000282380b4110 JavaThread "Build operations"                  [_thread_blocked, id=48896, stack(0x000000ffa4500000,0x000000ffa4600000) (1024K)]
  0x00000282380b4e30 JavaThread "Unconstrained build operations Thread 69"        [_thread_blocked, id=77440, stack(0x000000ffa4a00000,0x000000ffa4b00000) (1024K)]
  0x00000282380b54c0 JavaThread "Unconstrained build operations Thread 70"        [_thread_blocked, id=600, stack(0x000000ffa4b00000,0x000000ffa4c00000) (1024K)]
  0x00000282380b6870 JavaThread "Unconstrained build operations Thread 71"        [_thread_blocked, id=77280, stack(0x000000ffa4c00000,0x000000ffa4d00000) (1024K)]
  0x00000282380b7590 JavaThread "Unconstrained build operations Thread 72"        [_thread_blocked, id=40316, stack(0x000000ffa4d00000,0x000000ffa4e00000) (1024K)]
  0x00000282380b5b50 JavaThread "Unconstrained build operations Thread 73"        [_thread_blocked, id=70260, stack(0x000000ffa4e00000,0x000000ffa4f00000) (1024K)]
  0x00000282380b6f00 JavaThread "Unconstrained build operations Thread 74"        [_thread_blocked, id=73128, stack(0x000000ffa4f00000,0x000000ffa5000000) (1024K)]
  0x000002824885b230 JavaThread "Unconstrained build operations Thread 75"        [_thread_blocked, id=16508, stack(0x000000ffa5000000,0x000000ffa5100000) (1024K)]
  0x000002824885aba0 JavaThread "Unconstrained build operations Thread 76"        [_thread_blocked, id=39124, stack(0x000000ffa5100000,0x000000ffa5200000) (1024K)]
  0x0000028248859e80 JavaThread "Unconstrained build operations Thread 77"        [_thread_blocked, id=36760, stack(0x000000ffa5200000,0x000000ffa5300000) (1024K)]
  0x000002824885b8c0 JavaThread "Unconstrained build operations Thread 78"        [_thread_blocked, id=14820, stack(0x000000ffa5400000,0x000000ffa5500000) (1024K)]
  0x0000028248859160 JavaThread "Unconstrained build operations Thread 79"        [_thread_in_native, id=64780, stack(0x000000ffa4900000,0x000000ffa4a00000) (1024K)]
  0x000002824885fa60 JavaThread "Unconstrained build operations Thread 80"        [_thread_in_Java, id=62524, stack(0x000000ffa5700000,0x000000ffa5800000) (1024K)]
  0x000002824885f3d0 JavaThread "Unconstrained build operations Thread 81"        [_thread_blocked, id=38208, stack(0x000000ffa5800000,0x000000ffa5900000) (1024K)]
  0x000002824885d990 JavaThread "Unconstrained build operations Thread 82"        [_thread_in_native, id=37484, stack(0x000000ffa5900000,0x000000ffa5a00000) (1024K)]
  0x000002824885e020 JavaThread "Unconstrained build operations Thread 83"        [_thread_in_native, id=34756, stack(0x000000ffa5a00000,0x000000ffa5b00000) (1024K)]
  0x000002824885e6b0 JavaThread "Unconstrained build operations Thread 84"        [_thread_in_native, id=67624, stack(0x000000ffa5b00000,0x000000ffa5c00000) (1024K)]
  0x000002824885ed40 JavaThread "Unconstrained build operations Thread 85"        [_thread_blocked, id=47760, stack(0x000000ffa5c00000,0x000000ffa5d00000) (1024K)]
  0x000002824885cc70 JavaThread "Unconstrained build operations Thread 86"        [_thread_in_native, id=45360, stack(0x000000ffa5d00000,0x000000ffa5e00000) (1024K)]
  0x00000282488600f0 JavaThread "Build operations Thread 2"         [_thread_blocked, id=39948, stack(0x000000ffa6000000,0x000000ffa6100000) (1024K)]
  0x0000028248860780 JavaThread "Build operations Thread 3"         [_thread_blocked, id=44948, stack(0x000000ffa6100000,0x000000ffa6200000) (1024K)]
  0x0000028247992dd0 JavaThread "included builds"                   [_thread_blocked, id=33076, stack(0x000000ffa6500000,0x000000ffa6600000) (1024K)]
  0x000002824798f950 JavaThread "Execution worker"                  [_thread_blocked, id=60292, stack(0x000000ffa6600000,0x000000ffa6700000) (1024K)]
  0x0000028247993460 JavaThread "Execution worker Thread 2"         [_thread_blocked, id=57100, stack(0x000000ffa6700000,0x000000ffa6800000) (1024K)]
  0x000002824798ffe0 JavaThread "Execution worker Thread 3"         [_thread_blocked, id=14432, stack(0x000000ffa6800000,0x000000ffa6900000) (1024K)]
  0x0000028247993af0 JavaThread "Execution worker Thread 4"         [_thread_blocked, id=13572, stack(0x000000ffa6900000,0x000000ffa6a00000) (1024K)]
  0x0000028229d1aeb0 JavaThread "Execution worker Thread 5"         [_thread_blocked, id=52928, stack(0x000000ffa6a00000,0x000000ffa6b00000) (1024K)]
  0x0000028229d1b540 JavaThread "Execution worker Thread 6"         [_thread_blocked, id=35300, stack(0x000000ffa6b00000,0x000000ffa6c00000) (1024K)]
  0x0000028229d18de0 JavaThread "Execution worker Thread 7"         [_thread_in_Java, id=61160, stack(0x000000ffa6c00000,0x000000ffa6d00000) (1024K)]
  0x0000028229d1cf80 JavaThread "Execution worker Thread 8"         [_thread_blocked, id=43944, stack(0x000000ffa6d00000,0x000000ffa6e00000) (1024K)]
  0x0000028229d1c8f0 JavaThread "Execution worker Thread 9"         [_thread_blocked, id=3832, stack(0x000000ffa6e00000,0x000000ffa6f00000) (1024K)]
  0x0000028229d1e330 JavaThread "Execution worker Thread 10"        [_thread_blocked, id=40868, stack(0x000000ffa6f00000,0x000000ffa7000000) (1024K)]
  0x000002822e7076d0 JavaThread "Execution worker Thread 11"        [_thread_in_Java, id=56112, stack(0x000000ffa7000000,0x000000ffa7100000) (1024K)]
  0x000002822e70b1e0 JavaThread "Cache worker for execution history cache (C:\Users\opule\AndroidStudioProjects\Promptr\.gradle\9.3.1\executionHistory)"        [_thread_blocked, id=15916, stack(0x000000ffa7100000,0x000000ffa7200000) (1024K)]
  0x000002822e707d60 JavaThread "Execution worker Thread 12"        [_thread_blocked, id=42616, stack(0x000000ffa7200000,0x000000ffa7300000) (1024K)]
  0x000002822e70c590 JavaThread "Execution worker Thread 13"        [_thread_blocked, id=31180, stack(0x000000ffa7300000,0x000000ffa7400000) (1024K)]
  0x000002822e709e30 JavaThread "Execution worker Thread 14"        [_thread_blocked, id=73008, stack(0x000000ffa7400000,0x000000ffa7500000) (1024K)]
  0x0000028228437090 JavaThread "Execution worker Thread 15"        [_thread_blocked, id=9072, stack(0x000000ffa7500000,0x000000ffa7600000) (1024K)]
  0x0000028228437720 JavaThread "Unconstrained build operations Thread 87"        [_thread_blocked, id=40984, stack(0x000000ffa7600000,0x000000ffa7700000) (1024K)]
  0x00000282284342a0 JavaThread "Unconstrained build operations Thread 88"        [_thread_blocked, id=64500, stack(0x000000ffa7700000,0x000000ffa7800000) (1024K)]
  0x0000028228434930 JavaThread "Unconstrained build operations Thread 89"        [_thread_blocked, id=75864, stack(0x000000ffa7800000,0x000000ffa7900000) (1024K)]
  0x0000028228434fc0 JavaThread "Unconstrained build operations Thread 90"        [_thread_blocked, id=56088, stack(0x000000ffa7900000,0x000000ffa7a00000) (1024K)]
  0x000002824aa4e460 JavaThread "Unconstrained build operations Thread 91"        [_thread_blocked, id=33952, stack(0x000000ffa7a00000,0x000000ffa7b00000) (1024K)]
  0x000002824aa4fea0 JavaThread "Unconstrained build operations Thread 92"        [_thread_blocked, id=14408, stack(0x000000ffa7b00000,0x000000ffa7c00000) (1024K)]
  0x000002824aa581e0 JavaThread "Unconstrained build operations Thread 93"        [_thread_blocked, id=8012, stack(0x000000ffa7c00000,0x000000ffa7d00000) (1024K)]
  0x000002822ba9e940 JavaThread "Unconstrained build operations Thread 94"        [_thread_blocked, id=56612, stack(0x000000ffa7d00000,0x000000ffa7e00000) (1024K)]
  0x000002822ba9f660 JavaThread "Unconstrained build operations Thread 95"        [_thread_blocked, id=27524, stack(0x000000ffa7e00000,0x000000ffa7f00000) (1024K)]
  0x0000028229772070 JavaThread "Unconstrained build operations Thread 96"        [_thread_blocked, id=23424, stack(0x000000ffa7f00000,0x000000ffa8000000) (1024K)]
  0x000002824975a270 JavaThread "Unconstrained build operations Thread 97"        [_thread_blocked, id=5580, stack(0x000000ffa8000000,0x000000ffa8100000) (1024K)]
  0x0000028249758ec0 JavaThread "Unconstrained build operations Thread 98"        [_thread_blocked, id=58460, stack(0x000000ffa8100000,0x000000ffa8200000) (1024K)]
  0x000002824975a900 JavaThread "Unconstrained build operations Thread 99"        [_thread_blocked, id=21960, stack(0x000000ffa8200000,0x000000ffa8300000) (1024K)]
  0x000002824975c340 JavaThread "Unconstrained build operations Thread 100"        [_thread_blocked, id=73276, stack(0x000000ffa8300000,0x000000ffa8400000) (1024K)]
  0x0000028249759550 JavaThread "Unconstrained build operations Thread 101"        [_thread_blocked, id=63092, stack(0x000000ffa8400000,0x000000ffa8500000) (1024K)]
  0x000002824975dd80 JavaThread "Unconstrained build operations Thread 102"        [_thread_blocked, id=22672, stack(0x000000ffa8500000,0x000000ffa8600000) (1024K)]
  0x000002824975af90 JavaThread "Unconstrained build operations Thread 103"        [_thread_blocked, id=48036, stack(0x000000ffa8600000,0x000000ffa8700000) (1024K)]
  0x000002824975b620 JavaThread "Unconstrained build operations Thread 104"        [_thread_blocked, id=75808, stack(0x000000ffa8700000,0x000000ffa8800000) (1024K)]
  0x000002824975bcb0 JavaThread "Unconstrained build operations Thread 105"        [_thread_blocked, id=41096, stack(0x000000ffa8800000,0x000000ffa8900000) (1024K)]
  0x0000028249759be0 JavaThread "Unconstrained build operations Thread 106"        [_thread_blocked, id=16240, stack(0x000000ffa8900000,0x000000ffa8a00000) (1024K)]
  0x0000028249758830 JavaThread "Unconstrained build operations Thread 107"        [_thread_blocked, id=20404, stack(0x000000ffa8a00000,0x000000ffa8b00000) (1024K)]
  0x000002824975c9d0 JavaThread "Unconstrained build operations Thread 108"        [_thread_blocked, id=23676, stack(0x000000ffa8b00000,0x000000ffa8c00000) (1024K)]
  0x000002824975e410 JavaThread "Unconstrained build operations Thread 109"        [_thread_blocked, id=48324, stack(0x000000ffa8c00000,0x000000ffa8d00000) (1024K)]
  0x000002824975eaa0 JavaThread "Unconstrained build operations Thread 110"        [_thread_blocked, id=36816, stack(0x000000ffa8d00000,0x000000ffa8e00000) (1024K)]
  0x00000282497604e0 JavaThread "Unconstrained build operations Thread 111"        [_thread_blocked, id=17032, stack(0x000000ffa8e00000,0x000000ffa8f00000) (1024K)]
  0x000002824975fe50 JavaThread "Unconstrained build operations Thread 112"        [_thread_blocked, id=56488, stack(0x000000ffa8f00000,0x000000ffa9000000) (1024K)]
  0x000002824975f7c0 JavaThread "Unconstrained build operations Thread 113"        [_thread_blocked, id=21148, stack(0x000000ffa9000000,0x000000ffa9100000) (1024K)]
  0x000002824975d060 JavaThread "Unconstrained build operations Thread 114"        [_thread_blocked, id=59312, stack(0x000000ffa9100000,0x000000ffa9200000) (1024K)]
  0x0000028249760b70 JavaThread "Unconstrained build operations Thread 115"        [_thread_blocked, id=38044, stack(0x000000ffa9200000,0x000000ffa9300000) (1024K)]
  0x000002824975d6f0 JavaThread "Unconstrained build operations Thread 116"        [_thread_blocked, id=38036, stack(0x000000ffa9300000,0x000000ffa9400000) (1024K)]
  0x0000028249764680 JavaThread "WorkerExecutor Queue Thread 2"        [_thread_blocked, id=37980, stack(0x000000ffa9500000,0x000000ffa9600000) (1024K)]
  0x00000282497632d0 JavaThread "WorkerExecutor Queue Thread 3"        [_thread_blocked, id=38032, stack(0x000000ffa9600000,0x000000ffa9700000) (1024K)]
  0x0000028249763ff0 JavaThread "WorkerExecutor Queue Thread 4"        [_thread_blocked, id=78444, stack(0x000000ffa9700000,0x000000ffa9800000) (1024K)]
  0x0000028249764d10 JavaThread "WorkerExecutor Queue Thread 5"        [_thread_blocked, id=35980, stack(0x000000ffa9800000,0x000000ffa9900000) (1024K)]
  0x0000028249761f20 JavaThread "WorkerExecutor Queue Thread 6"        [_thread_blocked, id=37988, stack(0x000000ffa9900000,0x000000ffa9a00000) (1024K)]
  0x0000028249761890 JavaThread "WorkerExecutor Queue Thread 7"        [_thread_blocked, id=37984, stack(0x000000ffa9a00000,0x000000ffa9b00000) (1024K)]
  0x0000028249765a30 JavaThread "WorkerExecutor Queue Thread 8"        [_thread_blocked, id=38008, stack(0x000000ffa9b00000,0x000000ffa9c00000) (1024K)]
  0x0000028249766de0 JavaThread "Unconstrained build operations Thread 117"        [_thread_blocked, id=37992, stack(0x000000ffa9c00000,0x000000ffa9d00000) (1024K)]
  0x00000282497653a0 JavaThread "Unconstrained build operations Thread 118"        [_thread_blocked, id=36948, stack(0x000000ffa9d00000,0x000000ffa9e00000) (1024K)]
  0x00000282497625b0 JavaThread "Unconstrained build operations Thread 119"        [_thread_blocked, id=35956, stack(0x000000ffa9e00000,0x000000ffa9f00000) (1024K)]
  0x0000028249768190 JavaThread "Unconstrained build operations Thread 120"        [_thread_blocked, id=12644, stack(0x000000ffa9f00000,0x000000ffaa000000) (1024K)]
  0x0000028249768820 JavaThread "Unconstrained build operations Thread 121"        [_thread_blocked, id=61024, stack(0x000000ffaa000000,0x000000ffaa100000) (1024K)]
  0x0000028249768eb0 JavaThread "Unconstrained build operations Thread 122"        [_thread_blocked, id=53000, stack(0x000000ffaa100000,0x000000ffaa200000) (1024K)]
  0x0000028249769540 JavaThread "Unconstrained build operations Thread 123"        [_thread_blocked, id=36352, stack(0x000000ffaa200000,0x000000ffaa300000) (1024K)]
  0x0000028249767b00 JavaThread "Unconstrained build operations Thread 124"        [_thread_blocked, id=38024, stack(0x000000ffaa300000,0x000000ffaa400000) (1024K)]
  0x0000028249767470 JavaThread "Unconstrained build operations Thread 125"        [_thread_blocked, id=38012, stack(0x000000ffaa400000,0x000000ffaa500000) (1024K)]
  0x00000282497660c0 JavaThread "Unconstrained build operations Thread 126"        [_thread_blocked, id=55760, stack(0x000000ffaa500000,0x000000ffaa600000) (1024K)]
  0x0000028249769bd0 JavaThread "Unconstrained build operations Thread 127"        [_thread_blocked, id=26780, stack(0x000000ffaa600000,0x000000ffaa700000) (1024K)]
  0x0000028249766750 JavaThread "Unconstrained build operations Thread 128"        [_thread_blocked, id=40368, stack(0x000000ffaa700000,0x000000ffaa800000) (1024K)]
  0x000002824976d050 JavaThread "Unconstrained build operations Thread 129"        [_thread_blocked, id=52728, stack(0x000000ffaa800000,0x000000ffaa900000) (1024K)]
  0x000002824976d6e0 JavaThread "Unconstrained build operations Thread 130"        [_thread_blocked, id=12808, stack(0x000000ffaa900000,0x000000ffaaa00000) (1024K)]
  0x000002824976bca0 JavaThread "Unconstrained build operations Thread 131"        [_thread_blocked, id=42448, stack(0x000000ffaaa00000,0x000000ffaab00000) (1024K)]
  0x000002824976dd70 JavaThread "Unconstrained build operations Thread 132"        [_thread_blocked, id=71396, stack(0x000000ffa5e00000,0x000000ffa5f00000) (1024K)]
  0x000002824976b610 JavaThread "Unconstrained build operations Thread 133"        [_thread_blocked, id=7928, stack(0x000000ffa5f00000,0x000000ffa6000000) (1024K)]
  0x000002824976a8f0 JavaThread "Unconstrained build operations Thread 134"        [_thread_blocked, id=7144, stack(0x000000ffaac00000,0x000000ffaad00000) (1024K)]
  0x000002824976e400 JavaThread "Unconstrained build operations Thread 135"        [_thread_blocked, id=33808, stack(0x000000ffaad00000,0x000000ffaae00000) (1024K)]
  0x000002824976c330 JavaThread "Unconstrained build operations Thread 136"        [_thread_blocked, id=972, stack(0x000000ffaae00000,0x000000ffaaf00000) (1024K)]
  0x000002824976c9c0 JavaThread "Unconstrained build operations Thread 137"        [_thread_blocked, id=31604, stack(0x000000ffaaf00000,0x000000ffab000000) (1024K)]
  0x000002824976af80 JavaThread "Unconstrained build operations Thread 138"        [_thread_blocked, id=39628, stack(0x000000ffab000000,0x000000ffab100000) (1024K)]
  0x0000028249771f10 JavaThread "Unconstrained build operations Thread 139"        [_thread_blocked, id=57044, stack(0x000000ffab100000,0x000000ffab200000) (1024K)]
  0x000002824976ea90 JavaThread "Unconstrained build operations Thread 140"        [_thread_blocked, id=27808, stack(0x000000ffab200000,0x000000ffab300000) (1024K)]
  0x0000028249770b60 JavaThread "Unconstrained build operations Thread 141"        [_thread_blocked, id=23584, stack(0x000000ffab300000,0x000000ffab400000) (1024K)]
  0x00000282497704d0 JavaThread "Unconstrained build operations Thread 142"        [_thread_blocked, id=42944, stack(0x000000ffab400000,0x000000ffab500000) (1024K)]
  0x000002824976f7b0 JavaThread "Unconstrained build operations Thread 143"        [_thread_blocked, id=33108, stack(0x000000ffab500000,0x000000ffab600000) (1024K)]
  0x00000282497711f0 JavaThread "Unconstrained build operations Thread 144"        [_thread_blocked, id=39732, stack(0x000000ffab800000,0x000000ffab900000) (1024K)]
  0x00000282497725a0 JavaThread "Unconstrained build operations Thread 145"        [_thread_blocked, id=36048, stack(0x000000ffab900000,0x000000ffaba00000) (1024K)]
  0x0000028249771880 JavaThread "Unconstrained build operations Thread 146"        [_thread_blocked, id=23408, stack(0x000000ffaba00000,0x000000ffabb00000) (1024K)]
  0x000002824976f120 JavaThread "WorkerExecutor Queue Thread 9"        [_thread_blocked, id=25996, stack(0x000000ffabb00000,0x000000ffabc00000) (1024K)]
  0x0000028249772c30 JavaThread "WorkerExecutor Queue Thread 10"        [_thread_blocked, id=22408, stack(0x000000ffabc00000,0x000000ffabd00000) (1024K)]
  0x0000028249773950 JavaThread "Unconstrained build operations Thread 147"        [_thread_in_native, id=10892, stack(0x000000ffabd00000,0x000000ffabe00000) (1024K)]
  0x0000028249776740 JavaThread "WorkerExecutor Queue Thread 11"        [_thread_blocked, id=8032, stack(0x000000ffabf00000,0x000000ffac000000) (1024K)]
  0x00000282497732c0 JavaThread "Unconstrained build operations Thread 148"        [_thread_blocked, id=38836, stack(0x000000ffabe00000,0x000000ffabf00000) (1024K)]
  0x0000028249775a20 JavaThread "Unconstrained build operations Thread 149"        [_thread_blocked, id=38840, stack(0x000000ffac000000,0x000000ffac100000) (1024K)]
  0x0000028249776dd0 JavaThread "Unconstrained build operations Thread 150"        [_thread_blocked, id=38844, stack(0x000000ffac100000,0x000000ffac200000) (1024K)]
  0x0000028249774d00 JavaThread "Unconstrained build operations Thread 151"        [_thread_blocked, id=38804, stack(0x000000ffac200000,0x000000ffac300000) (1024K)]
  0x0000028249777460 JavaThread "Unconstrained build operations Thread 152"        [_thread_blocked, id=38808, stack(0x000000ffac300000,0x000000ffac400000) (1024K)]
  0x0000028249773fe0 JavaThread "Unconstrained build operations Thread 153"        [_thread_blocked, id=38812, stack(0x000000ffac400000,0x000000ffac500000) (1024K)]
  0x0000028249774670 JavaThread "Unconstrained build operations Thread 154"        [_thread_blocked, id=38852, stack(0x000000ffac500000,0x000000ffac600000) (1024K)]
  0x0000028249777af0 JavaThread "Unconstrained build operations Thread 155"        [_thread_blocked, id=38856, stack(0x000000ffac600000,0x000000ffac700000) (1024K)]
  0x000002822cfbb2e0 JavaThread "Unconstrained build operations Thread 156"        [_thread_blocked, id=38860, stack(0x000000ffac700000,0x000000ffac800000) (1024K)]
  0x000002822cfb9f30 JavaThread "Unconstrained build operations Thread 157"        [_thread_blocked, id=38864, stack(0x000000ffac800000,0x000000ffac900000) (1024K)]
  0x000002822cfb8b80 JavaThread "Unconstrained build operations Thread 158"        [_thread_blocked, id=38868, stack(0x000000ffac900000,0x000000ffaca00000) (1024K)]
  0x000002822cfb7e60 JavaThread "Unconstrained build operations Thread 159"        [_thread_blocked, id=38872, stack(0x000000ffaca00000,0x000000ffacb00000) (1024K)]
  0x000002822cfb84f0 JavaThread "Unconstrained build operations Thread 160"        [_thread_blocked, id=38876, stack(0x000000ffacb00000,0x000000ffacc00000) (1024K)]
  0x000002822cfbb970 JavaThread "WorkerExecutor Queue Thread 12"        [_thread_blocked, id=55280, stack(0x000000ffacd00000,0x000000fface00000) (1024K)]
  0x000002822cfbc690 JavaThread "WorkerExecutor Queue Thread 13"        [_thread_blocked, id=38652, stack(0x000000ffa6300000,0x000000ffa6400000) (1024K)]
  0x000002822cfb9210 JavaThread "WorkerExecutor Queue Thread 14"        [_thread_blocked, id=41516, stack(0x000000ffacc00000,0x000000ffacd00000) (1024K)]
  0x000002822cfbd3b0 JavaThread "WorkerExecutor Queue Thread 15"        [_thread_blocked, id=58300, stack(0x000000fface00000,0x000000ffacf00000) (1024K)]
  0x000002822cfbda40 JavaThread "WorkerExecutor Queue Thread 16"        [_thread_blocked, id=61464, stack(0x000000ffacf00000,0x000000ffad000000) (1024K)]
  0x0000028248860e10 JavaThread "pool-9-thread-1"                   [_thread_blocked, id=28720, stack(0x000000ffad300000,0x000000ffad400000) (1024K)]
  0x000002823e31cbe0 JavaThread "pool-9-thread-2"                   [_thread_blocked, id=66636, stack(0x000000ffa5300000,0x000000ffa5400000) (1024K)]
  0x000002823e319df0 JavaThread "pool-9-thread-3"                   [_thread_blocked, id=10900, stack(0x000000ffa5500000,0x000000ffa5600000) (1024K)]
  0x000002823e31d900 JavaThread "pool-9-thread-4"                   [_thread_blocked, id=14568, stack(0x000000ffa5600000,0x000000ffa5700000) (1024K)]
  0x000002823e31ab10 JavaThread "pool-9-thread-5"                   [_thread_blocked, id=59668, stack(0x000000ffa4700000,0x000000ffa4800000) (1024K)]
  0x000002823e31e620 JavaThread "pool-9-thread-6"                   [_thread_blocked, id=28288, stack(0x000000ffaab00000,0x000000ffaac00000) (1024K)]
  0x0000028238f88f80 JavaThread "C1 CompilerThread1"         daemon [_thread_blocked, id=55392, stack(0x000000ffad100000,0x000000ffad200000) (1024K)]
  0x0000028241fefc10 JavaThread "C2 CompilerThread1"         daemon [_thread_blocked, id=1964, stack(0x000000ffa6400000,0x000000ffa6500000) (1024K)]
  0x000002824a74daa0 JavaThread "pool-11-thread-1"                  [_thread_blocked, id=33512, stack(0x000000ffa9400000,0x000000ffa9500000) (1024K)]
  0x000002824a74d410 JavaThread "stderr"                            [_thread_in_native, id=32564, stack(0x000000ffad000000,0x000000ffad100000) (1024K)]
  0x000002824a750200 JavaThread "stdout"                            [_thread_in_native, id=20008, stack(0x000000ffad200000,0x000000ffad300000) (1024K)]
Total: 262

Other Threads:
  0x00000281e1e08120 VMThread "VM Thread"                           [id=24176, stack(0x000000ff9c000000,0x000000ff9c100000) (1024K)]
  0x00000281e1df4c00 WatcherThread "VM Periodic Task Thread"        [id=36448, stack(0x000000ff9bf00000,0x000000ff9c000000) (1024K)]
  0x00000281c03ac760 WorkerThread "GC Thread#0"                     [id=41252, stack(0x000000ff9ba00000,0x000000ff9bb00000) (1024K)]
  0x00000281e1e07610 WorkerThread "GC Thread#1"                     [id=15256, stack(0x000000ff9c900000,0x000000ff9ca00000) (1024K)]
  0x00000281e1e06b00 WorkerThread "GC Thread#2"                     [id=22572, stack(0x000000ff9cb00000,0x000000ff9cc00000) (1024K)]
  0x00000281e1e06750 WorkerThread "GC Thread#3"                     [id=27756, stack(0x000000ff9cd00000,0x000000ff9ce00000) (1024K)]
  0x00000281e1e06eb0 WorkerThread "GC Thread#4"                     [id=67456, stack(0x000000ff9ce00000,0x000000ff9cf00000) (1024K)]
  0x00000281e1e07260 WorkerThread "GC Thread#5"                     [id=26896, stack(0x000000ff9cf00000,0x000000ff9d000000) (1024K)]
  0x00000282282cc1e0 WorkerThread "GC Thread#6"                     [id=63096, stack(0x000000ff9e100000,0x000000ff9e200000) (1024K)]
  0x00000282282cfce0 WorkerThread "GC Thread#7"                     [id=13120, stack(0x000000ff9e200000,0x000000ff9e300000) (1024K)]
  0x00000282282cd800 WorkerThread "GC Thread#8"                     [id=72972, stack(0x000000ff9e300000,0x000000ff9e400000) (1024K)]
  0x00000282282cf930 WorkerThread "GC Thread#9"                     [id=13196, stack(0x000000ff9e400000,0x000000ff9e500000) (1024K)]
  0x00000282282cdf60 WorkerThread "GC Thread#10"                    [id=57004, stack(0x000000ff9e500000,0x000000ff9e600000) (1024K)]
  0x00000282282cdbb0 WorkerThread "GC Thread#11"                    [id=35516, stack(0x000000ff9e600000,0x000000ff9e700000) (1024K)]
  0x00000282282ce6c0 WorkerThread "GC Thread#12"                    [id=78220, stack(0x000000ff9e700000,0x000000ff9e800000) (1024K)]
  0x00000281c03ba660 ConcurrentGCThread "G1 Main Marker"            [id=74276, stack(0x000000ff9bb00000,0x000000ff9bc00000) (1024K)]
  0x00000281c03bbf30 WorkerThread "G1 Conc#0"                       [id=5556, stack(0x000000ff9bc00000,0x000000ff9bd00000) (1024K)]
  0x00000282282cea70 WorkerThread "G1 Conc#1"                       [id=16368, stack(0x000000ff9e800000,0x000000ff9e900000) (1024K)]
  0x000002822a7d0ec0 WorkerThread "G1 Conc#2"                       [id=39460, stack(0x000000ff9e900000,0x000000ff9ea00000) (1024K)]
  0x00000281e1cc38a0 ConcurrentGCThread "G1 Refine#0"               [id=48864, stack(0x000000ff9bd00000,0x000000ff9be00000) (1024K)]
  0x00000281e1cc50e0 ConcurrentGCThread "G1 Service"                [id=75900, stack(0x000000ff9be00000,0x000000ff9bf00000) (1024K)]
Total: 21

Threads with active compile tasks:
C2 CompilerThread0  1870232 75186       4       org.gradle.internal.logging.sink.LogEventDispatcher::dispatch (12 bytes)
Total: 1

VM state: not at safepoint (normal execution)

VM Mutex/Monitor currently owned by a thread: None

Heap address: 0x0000000700000000, size: 4096 MB, Compressed Oops mode: Zero based, Oop shift amount: 3

CDS archive(s) mapped at: [0x00000281e3000000-0x00000281e3c80000-0x00000281e3c80000), size 13107200, SharedBaseAddress: 0x00000281e3000000, ArchiveRelocationMode: 1.
Compressed class space mapped at: 0x00000281e4000000-0x0000028224000000, reserved size: 1073741824
Narrow klass base: 0x00000281e3000000, Narrow klass shift: 0, Narrow klass range: 0x100000000

GC Precious Log:
 CardTable entry size: 512
 Card Set container configuration: InlinePtr #cards 4 size 8 Array Of Cards #cards 16 size 48 Howl #buckets 8 coarsen threshold 3686 Howl Bitmap #cards 512 size 80 coarsen threshold 460 Card regions per heap region 1 cards per card region 4096
 CPUs: 16 total, 16 available
 Memory: 16053M
 Large Page Support: Disabled
 NUMA Support: Disabled
 Compressed Oops: Enabled (Zero based)
 Heap Region Size: 2M
 Heap Min Capacity: 8M
 Heap Initial Capacity: 252M
 Heap Max Capacity: 4G
 Pre-touch: Disabled
 Parallel Workers: 13
 Concurrent Workers: 3
 Concurrent Refinement Workers: 13
 Periodic GC: Disabled

Heap:
 garbage-first heap   total 2717696K, used 1797615K [0x0000000700000000, 0x0000000800000000)
  region size 2048K, 343 young (702464K), 54 survivors (110592K)
 Metaspace       used 319690K, committed 323392K, reserved 1376256K
  class space    used 39673K, committed 41536K, reserved 1048576K

Heap Regions: E=young(eden), S=young(survivor), O=old, HS=humongous(starts), HC=humongous(continues), CS=collection set, F=free, TAMS=top-at-mark-start, PB=parsable bottom
|   0|0x0000000700000000, 0x0000000700200000, 0x0000000700200000|100%|HS|  |TAMS 0x0000000700000000| PB 0x0000000700000000| Complete 
|   1|0x0000000700200000, 0x0000000700400000, 0x0000000700400000|100%|HC|  |TAMS 0x0000000700200000| PB 0x0000000700200000| Complete 
|   2|0x0000000700400000, 0x0000000700600000, 0x0000000700600000|100%| O|  |TAMS 0x0000000700400000| PB 0x0000000700400000| Untracked 
|   3|0x0000000700600000, 0x0000000700800000, 0x0000000700800000|100%|HS|  |TAMS 0x0000000700600000| PB 0x0000000700600000| Complete 
|   4|0x0000000700800000, 0x0000000700a00000, 0x0000000700a00000|100%|HC|  |TAMS 0x0000000700800000| PB 0x0000000700800000| Complete 
|   5|0x0000000700a00000, 0x0000000700c00000, 0x0000000700c00000|100%|HC|  |TAMS 0x0000000700a00000| PB 0x0000000700a00000| Complete 
|   6|0x0000000700c00000, 0x0000000700e00000, 0x0000000700e00000|100%|HS|  |TAMS 0x0000000700c00000| PB 0x0000000700c00000| Complete 
|   7|0x0000000700e00000, 0x0000000701000000, 0x0000000701000000|100%| O|  |TAMS 0x0000000700e00000| PB 0x0000000700e00000| Untracked 
|   8|0x0000000701000000, 0x0000000701200000, 0x0000000701200000|100%| O|  |TAMS 0x0000000701000000| PB 0x0000000701000000| Untracked 
|   9|0x0000000701200000, 0x0000000701400000, 0x0000000701400000|100%| O|  |TAMS 0x0000000701200000| PB 0x0000000701200000| Untracked 
|  10|0x0000000701400000, 0x0000000701600000, 0x0000000701600000|100%|HS|  |TAMS 0x0000000701400000| PB 0x0000000701400000| Complete 
|  11|0x0000000701600000, 0x0000000701800000, 0x0000000701800000|100%| O|  |TAMS 0x0000000701600000| PB 0x0000000701600000| Untracked 
|  12|0x0000000701800000, 0x0000000701a00000, 0x0000000701a00000|100%| O|  |TAMS 0x0000000701800000| PB 0x0000000701800000| Untracked 
|  13|0x0000000701a00000, 0x0000000701c00000, 0x0000000701c00000|100%| O|  |TAMS 0x0000000701a00000| PB 0x0000000701a00000| Untracked 
|  14|0x0000000701c00000, 0x0000000701e00000, 0x0000000701e00000|100%| O|  |TAMS 0x0000000701c00000| PB 0x0000000701c00000| Untracked 
|  15|0x0000000701e00000, 0x0000000702000000, 0x0000000702000000|100%| O|  |TAMS 0x0000000701e00000| PB 0x0000000701e00000| Untracked 
|  16|0x0000000702000000, 0x0000000702200000, 0x0000000702200000|100%| O|  |TAMS 0x0000000702000000| PB 0x0000000702000000| Untracked 
|  17|0x0000000702200000, 0x0000000702400000, 0x0000000702400000|100%| O|  |TAMS 0x0000000702200000| PB 0x0000000702200000| Untracked 
|  18|0x0000000702400000, 0x0000000702600000, 0x0000000702600000|100%| O|  |TAMS 0x0000000702400000| PB 0x0000000702400000| Untracked 
|  19|0x0000000702600000, 0x0000000702800000, 0x0000000702800000|100%| O|  |TAMS 0x0000000702600000| PB 0x0000000702600000| Untracked 
|  20|0x0000000702800000, 0x0000000702800000, 0x0000000702a00000|  0%| F|  |TAMS 0x0000000702800000| PB 0x0000000702800000| Untracked 
|  21|0x0000000702a00000, 0x0000000702c00000, 0x0000000702c00000|100%| O|  |TAMS 0x0000000702a00000| PB 0x0000000702a00000| Untracked 
|  22|0x0000000702c00000, 0x0000000702e00000, 0x0000000702e00000|100%| O|  |TAMS 0x0000000702c00000| PB 0x0000000702c00000| Untracked 
|  23|0x0000000702e00000, 0x0000000703000000, 0x0000000703000000|100%| O|  |TAMS 0x0000000702e00000| PB 0x0000000702e00000| Untracked 
|  24|0x0000000703000000, 0x0000000703200000, 0x0000000703200000|100%| O|  |TAMS 0x0000000703000000| PB 0x0000000703000000| Untracked 
|  25|0x0000000703200000, 0x0000000703400000, 0x0000000703400000|100%| O|  |TAMS 0x0000000703200000| PB 0x0000000703200000| Untracked 
|  26|0x0000000703400000, 0x0000000703600000, 0x0000000703600000|100%| O|  |TAMS 0x0000000703400000| PB 0x0000000703400000| Untracked 
|  27|0x0000000703600000, 0x0000000703800000, 0x0000000703800000|100%| O|  |TAMS 0x0000000703600000| PB 0x0000000703600000| Untracked 
|  28|0x0000000703800000, 0x0000000703a00000, 0x0000000703a00000|100%| O|  |TAMS 0x0000000703800000| PB 0x0000000703800000| Untracked 
|  29|0x0000000703a00000, 0x0000000703c00000, 0x0000000703c00000|100%| O|  |TAMS 0x0000000703a00000| PB 0x0000000703a00000| Untracked 
|  30|0x0000000703c00000, 0x0000000703e00000, 0x0000000703e00000|100%| O|  |TAMS 0x0000000703c00000| PB 0x0000000703c00000| Untracked 
|  31|0x0000000703e00000, 0x0000000704000000, 0x0000000704000000|100%| O|  |TAMS 0x0000000703e00000| PB 0x0000000703e00000| Untracked 
|  32|0x0000000704000000, 0x0000000704200000, 0x0000000704200000|100%| O|  |TAMS 0x0000000704000000| PB 0x0000000704000000| Untracked 
|  33|0x0000000704200000, 0x0000000704400000, 0x0000000704400000|100%|HS|  |TAMS 0x0000000704200000| PB 0x0000000704200000| Complete 
|  34|0x0000000704400000, 0x0000000704600000, 0x0000000704600000|100%|HC|  |TAMS 0x0000000704400000| PB 0x0000000704400000| Complete 
|  35|0x0000000704600000, 0x0000000704800000, 0x0000000704800000|100%|HC|  |TAMS 0x0000000704600000| PB 0x0000000704600000| Complete 
|  36|0x0000000704800000, 0x0000000704a00000, 0x0000000704a00000|100%|HS|  |TAMS 0x0000000704800000| PB 0x0000000704800000| Complete 
|  37|0x0000000704a00000, 0x0000000704c00000, 0x0000000704c00000|100%|HS|  |TAMS 0x0000000704a00000| PB 0x0000000704a00000| Complete 
|  38|0x0000000704c00000, 0x0000000704e00000, 0x0000000704e00000|100%| O|  |TAMS 0x0000000704c00000| PB 0x0000000704c00000| Untracked 
|  39|0x0000000704e00000, 0x0000000705000000, 0x0000000705000000|100%| O|  |TAMS 0x0000000704e00000| PB 0x0000000704e00000| Untracked 
|  40|0x0000000705000000, 0x0000000705200000, 0x0000000705200000|100%| O|  |TAMS 0x0000000705000000| PB 0x0000000705000000| Untracked 
|  41|0x0000000705200000, 0x0000000705400000, 0x0000000705400000|100%| O|  |TAMS 0x0000000705200000| PB 0x0000000705200000| Untracked 
|  42|0x0000000705400000, 0x0000000705600000, 0x0000000705600000|100%| O|  |TAMS 0x0000000705400000| PB 0x0000000705400000| Untracked 
|  43|0x0000000705600000, 0x0000000705800000, 0x0000000705800000|100%| O|  |TAMS 0x0000000705600000| PB 0x0000000705600000| Untracked 
|  44|0x0000000705800000, 0x0000000705a00000, 0x0000000705a00000|100%| O|  |TAMS 0x0000000705800000| PB 0x0000000705800000| Untracked 
|  45|0x0000000705a00000, 0x0000000705c00000, 0x0000000705c00000|100%| O|  |TAMS 0x0000000705a00000| PB 0x0000000705a00000| Untracked 
|  46|0x0000000705c00000, 0x0000000705e00000, 0x0000000705e00000|100%| O|  |TAMS 0x0000000705c00000| PB 0x0000000705c00000| Untracked 
|  47|0x0000000705e00000, 0x0000000706000000, 0x0000000706000000|100%|HS|  |TAMS 0x0000000705e00000| PB 0x0000000705e00000| Complete 
|  48|0x0000000706000000, 0x0000000706200000, 0x0000000706200000|100%| O|  |TAMS 0x0000000706000000| PB 0x0000000706000000| Untracked 
|  49|0x0000000706200000, 0x0000000706400000, 0x0000000706400000|100%| O|  |TAMS 0x0000000706200000| PB 0x0000000706200000| Untracked 
|  50|0x0000000706400000, 0x0000000706600000, 0x0000000706600000|100%| O|  |TAMS 0x0000000706400000| PB 0x0000000706400000| Untracked 
|  51|0x0000000706600000, 0x0000000706800000, 0x0000000706800000|100%| O|  |TAMS 0x0000000706600000| PB 0x0000000706600000| Untracked 
|  52|0x0000000706800000, 0x0000000706a00000, 0x0000000706a00000|100%| O|  |TAMS 0x0000000706800000| PB 0x0000000706800000| Untracked 
|  53|0x0000000706a00000, 0x0000000706c00000, 0x0000000706c00000|100%| O|  |TAMS 0x0000000706a00000| PB 0x0000000706a00000| Untracked 
|  54|0x0000000706c00000, 0x0000000706e00000, 0x0000000706e00000|100%| O|  |TAMS 0x0000000706c00000| PB 0x0000000706c00000| Untracked 
|  55|0x0000000706e00000, 0x0000000707000000, 0x0000000707000000|100%| O|  |TAMS 0x0000000706e00000| PB 0x0000000706e00000| Untracked 
|  56|0x0000000707000000, 0x0000000707200000, 0x0000000707200000|100%| O|  |TAMS 0x0000000707000000| PB 0x0000000707000000| Untracked 
|  57|0x0000000707200000, 0x0000000707400000, 0x0000000707400000|100%| O|  |TAMS 0x0000000707200000| PB 0x0000000707200000| Untracked 
|  58|0x0000000707400000, 0x0000000707600000, 0x0000000707600000|100%| O|  |TAMS 0x0000000707400000| PB 0x0000000707400000| Untracked 
|  59|0x0000000707600000, 0x0000000707800000, 0x0000000707800000|100%| O|  |TAMS 0x0000000707600000| PB 0x0000000707600000| Untracked 
|  60|0x0000000707800000, 0x0000000707a00000, 0x0000000707a00000|100%| O|  |TAMS 0x0000000707800000| PB 0x0000000707800000| Untracked 
|  61|0x0000000707a00000, 0x0000000707c00000, 0x0000000707c00000|100%| O|  |TAMS 0x0000000707a00000| PB 0x0000000707a00000| Untracked 
|  62|0x0000000707c00000, 0x0000000707e00000, 0x0000000707e00000|100%| O|  |TAMS 0x0000000707c00000| PB 0x0000000707c00000| Untracked 
|  63|0x0000000707e00000, 0x0000000708000000, 0x0000000708000000|100%| O|  |TAMS 0x0000000707e00000| PB 0x0000000707e00000| Untracked 
|  64|0x0000000708000000, 0x0000000708200000, 0x0000000708200000|100%| O|  |TAMS 0x0000000708000000| PB 0x0000000708000000| Untracked 
|  65|0x0000000708200000, 0x0000000708400000, 0x0000000708400000|100%| O|  |TAMS 0x0000000708200000| PB 0x0000000708200000| Untracked 
|  66|0x0000000708400000, 0x0000000708600000, 0x0000000708600000|100%| O|  |TAMS 0x0000000708400000| PB 0x0000000708400000| Untracked 
|  67|0x0000000708600000, 0x0000000708800000, 0x0000000708800000|100%| O|  |TAMS 0x0000000708600000| PB 0x0000000708600000| Untracked 
|  68|0x0000000708800000, 0x0000000708a00000, 0x0000000708a00000|100%| O|  |TAMS 0x0000000708800000| PB 0x0000000708800000| Untracked 
|  69|0x0000000708a00000, 0x0000000708c00000, 0x0000000708c00000|100%| O|  |TAMS 0x0000000708a00000| PB 0x0000000708a00000| Untracked 
|  70|0x0000000708c00000, 0x0000000708e00000, 0x0000000708e00000|100%| O|  |TAMS 0x0000000708c00000| PB 0x0000000708c00000| Untracked 
|  71|0x0000000708e00000, 0x0000000709000000, 0x0000000709000000|100%| O|  |TAMS 0x0000000708e00000| PB 0x0000000708e00000| Untracked 
|  72|0x0000000709000000, 0x0000000709000000, 0x0000000709200000|  0%| F|  |TAMS 0x0000000709000000| PB 0x0000000709000000| Untracked 
|  73|0x0000000709200000, 0x0000000709400000, 0x0000000709400000|100%| O|  |TAMS 0x0000000709200000| PB 0x0000000709200000| Untracked 
|  74|0x0000000709400000, 0x0000000709600000, 0x0000000709600000|100%| O|  |TAMS 0x0000000709400000| PB 0x0000000709400000| Untracked 
|  75|0x0000000709600000, 0x0000000709800000, 0x0000000709800000|100%| O|  |TAMS 0x0000000709600000| PB 0x0000000709600000| Untracked 
|  76|0x0000000709800000, 0x0000000709a00000, 0x0000000709a00000|100%| O|  |TAMS 0x0000000709800000| PB 0x0000000709800000| Untracked 
|  77|0x0000000709a00000, 0x0000000709c00000, 0x0000000709c00000|100%| O|  |TAMS 0x0000000709a00000| PB 0x0000000709a00000| Untracked 
|  78|0x0000000709c00000, 0x0000000709e00000, 0x0000000709e00000|100%| O|  |TAMS 0x0000000709c00000| PB 0x0000000709c00000| Untracked 
|  79|0x0000000709e00000, 0x000000070a000000, 0x000000070a000000|100%| O|  |TAMS 0x0000000709e00000| PB 0x0000000709e00000| Untracked 
|  80|0x000000070a000000, 0x000000070a200000, 0x000000070a200000|100%| O|  |TAMS 0x000000070a000000| PB 0x000000070a000000| Untracked 
|  81|0x000000070a200000, 0x000000070a400000, 0x000000070a400000|100%| O|  |TAMS 0x000000070a200000| PB 0x000000070a200000| Untracked 
|  82|0x000000070a400000, 0x000000070a600000, 0x000000070a600000|100%| O|  |TAMS 0x000000070a400000| PB 0x000000070a400000| Untracked 
|  83|0x000000070a600000, 0x000000070a800000, 0x000000070a800000|100%| O|  |TAMS 0x000000070a600000| PB 0x000000070a600000| Untracked 
|  84|0x000000070a800000, 0x000000070aa00000, 0x000000070aa00000|100%| O|  |TAMS 0x000000070a800000| PB 0x000000070a800000| Untracked 
|  85|0x000000070aa00000, 0x000000070ac00000, 0x000000070ac00000|100%| O|  |TAMS 0x000000070aa00000| PB 0x000000070aa00000| Untracked 
|  86|0x000000070ac00000, 0x000000070ae00000, 0x000000070ae00000|100%| O|  |TAMS 0x000000070ac00000| PB 0x000000070ac00000| Untracked 
|  87|0x000000070ae00000, 0x000000070b000000, 0x000000070b000000|100%| O|  |TAMS 0x000000070ae00000| PB 0x000000070ae00000| Untracked 
|  88|0x000000070b000000, 0x000000070b200000, 0x000000070b200000|100%| O|  |TAMS 0x000000070b000000| PB 0x000000070b000000| Untracked 
|  89|0x000000070b200000, 0x000000070b400000, 0x000000070b400000|100%|HS|  |TAMS 0x000000070b200000| PB 0x000000070b200000| Complete 
|  90|0x000000070b400000, 0x000000070b600000, 0x000000070b600000|100%| O|  |TAMS 0x000000070b400000| PB 0x000000070b400000| Untracked 
|  91|0x000000070b600000, 0x000000070b800000, 0x000000070b800000|100%| O|Cm|TAMS 0x000000070b600000| PB 0x000000070b600000| Complete 
|  92|0x000000070b800000, 0x000000070ba00000, 0x000000070ba00000|100%| O|  |TAMS 0x000000070b800000| PB 0x000000070b800000| Untracked 
|  93|0x000000070ba00000, 0x000000070bc00000, 0x000000070bc00000|100%| O|  |TAMS 0x000000070ba00000| PB 0x000000070ba00000| Untracked 
|  94|0x000000070bc00000, 0x000000070be00000, 0x000000070be00000|100%| O|  |TAMS 0x000000070bc00000| PB 0x000000070bc00000| Untracked 
|  95|0x000000070be00000, 0x000000070c000000, 0x000000070c000000|100%| O|  |TAMS 0x000000070be00000| PB 0x000000070be00000| Untracked 
|  96|0x000000070c000000, 0x000000070c200000, 0x000000070c200000|100%| O|  |TAMS 0x000000070c000000| PB 0x000000070c000000| Untracked 
|  97|0x000000070c200000, 0x000000070c400000, 0x000000070c400000|100%| O|  |TAMS 0x000000070c200000| PB 0x000000070c200000| Untracked 
|  98|0x000000070c400000, 0x000000070c600000, 0x000000070c600000|100%| O|  |TAMS 0x000000070c400000| PB 0x000000070c400000| Untracked 
|  99|0x000000070c600000, 0x000000070c800000, 0x000000070c800000|100%| O|  |TAMS 0x000000070c600000| PB 0x000000070c600000| Untracked 
| 100|0x000000070c800000, 0x000000070ca00000, 0x000000070ca00000|100%| O|  |TAMS 0x000000070c800000| PB 0x000000070c800000| Untracked 
| 101|0x000000070ca00000, 0x000000070cc00000, 0x000000070cc00000|100%| O|  |TAMS 0x000000070ca00000| PB 0x000000070ca00000| Untracked 
| 102|0x000000070cc00000, 0x000000070ce00000, 0x000000070ce00000|100%| O|  |TAMS 0x000000070cc00000| PB 0x000000070cc00000| Untracked 
| 103|0x000000070ce00000, 0x000000070d000000, 0x000000070d000000|100%| O|  |TAMS 0x000000070ce00000| PB 0x000000070ce00000| Untracked 
| 104|0x000000070d000000, 0x000000070d200000, 0x000000070d200000|100%| O|  |TAMS 0x000000070d000000| PB 0x000000070d000000| Untracked 
| 105|0x000000070d200000, 0x000000070d400000, 0x000000070d400000|100%| O|  |TAMS 0x000000070d200000| PB 0x000000070d200000| Untracked 
| 106|0x000000070d400000, 0x000000070d600000, 0x000000070d600000|100%| O|  |TAMS 0x000000070d400000| PB 0x000000070d400000| Untracked 
| 107|0x000000070d600000, 0x000000070d800000, 0x000000070d800000|100%| O|  |TAMS 0x000000070d600000| PB 0x000000070d600000| Untracked 
| 108|0x000000070d800000, 0x000000070da00000, 0x000000070da00000|100%| O|  |TAMS 0x000000070d800000| PB 0x000000070d800000| Untracked 
| 109|0x000000070da00000, 0x000000070dc00000, 0x000000070dc00000|100%| O|  |TAMS 0x000000070da00000| PB 0x000000070da00000| Untracked 
| 110|0x000000070dc00000, 0x000000070de00000, 0x000000070de00000|100%| O|  |TAMS 0x000000070dc00000| PB 0x000000070dc00000| Untracked 
| 111|0x000000070de00000, 0x000000070e000000, 0x000000070e000000|100%| O|  |TAMS 0x000000070de00000| PB 0x000000070de00000| Untracked 
| 112|0x000000070e000000, 0x000000070e200000, 0x000000070e200000|100%| O|  |TAMS 0x000000070e000000| PB 0x000000070e000000| Untracked 
| 113|0x000000070e200000, 0x000000070e400000, 0x000000070e400000|100%| O|  |TAMS 0x000000070e200000| PB 0x000000070e200000| Untracked 
| 114|0x000000070e400000, 0x000000070e600000, 0x000000070e600000|100%| O|  |TAMS 0x000000070e400000| PB 0x000000070e400000| Untracked 
| 115|0x000000070e600000, 0x000000070e800000, 0x000000070e800000|100%| O|  |TAMS 0x000000070e600000| PB 0x000000070e600000| Untracked 
| 116|0x000000070e800000, 0x000000070ea00000, 0x000000070ea00000|100%| O|  |TAMS 0x000000070e800000| PB 0x000000070e800000| Untracked 
| 117|0x000000070ea00000, 0x000000070ec00000, 0x000000070ec00000|100%| O|  |TAMS 0x000000070ea00000| PB 0x000000070ea00000| Untracked 
| 118|0x000000070ec00000, 0x000000070ee00000, 0x000000070ee00000|100%| O|  |TAMS 0x000000070ec00000| PB 0x000000070ec00000| Untracked 
| 119|0x000000070ee00000, 0x000000070f000000, 0x000000070f000000|100%| O|  |TAMS 0x000000070ee00000| PB 0x000000070ee00000| Untracked 
| 120|0x000000070f000000, 0x000000070f200000, 0x000000070f200000|100%| O|  |TAMS 0x000000070f000000| PB 0x000000070f000000| Untracked 
| 121|0x000000070f200000, 0x000000070f400000, 0x000000070f400000|100%| O|  |TAMS 0x000000070f200000| PB 0x000000070f200000| Untracked 
| 122|0x000000070f400000, 0x000000070f600000, 0x000000070f600000|100%| O|  |TAMS 0x000000070f400000| PB 0x000000070f400000| Untracked 
| 123|0x000000070f600000, 0x000000070f800000, 0x000000070f800000|100%| O|  |TAMS 0x000000070f600000| PB 0x000000070f600000| Untracked 
| 124|0x000000070f800000, 0x000000070fa00000, 0x000000070fa00000|100%| O|  |TAMS 0x000000070f800000| PB 0x000000070f800000| Untracked 
| 125|0x000000070fa00000, 0x000000070fc00000, 0x000000070fc00000|100%| O|  |TAMS 0x000000070fa00000| PB 0x000000070fa00000| Untracked 
| 126|0x000000070fc00000, 0x000000070fe00000, 0x000000070fe00000|100%| O|  |TAMS 0x000000070fc00000| PB 0x000000070fc00000| Untracked 
| 127|0x000000070fe00000, 0x0000000710000000, 0x0000000710000000|100%| O|  |TAMS 0x000000070fe00000| PB 0x000000070fe00000| Untracked 
| 128|0x0000000710000000, 0x0000000710200000, 0x0000000710200000|100%| O|  |TAMS 0x0000000710000000| PB 0x0000000710000000| Untracked 
| 129|0x0000000710200000, 0x0000000710400000, 0x0000000710400000|100%| O|  |TAMS 0x0000000710200000| PB 0x0000000710200000| Untracked 
| 130|0x0000000710400000, 0x0000000710600000, 0x0000000710600000|100%| O|  |TAMS 0x0000000710400000| PB 0x0000000710400000| Untracked 
| 131|0x0000000710600000, 0x0000000710800000, 0x0000000710800000|100%| O|  |TAMS 0x0000000710600000| PB 0x0000000710600000| Untracked 
| 132|0x0000000710800000, 0x0000000710a00000, 0x0000000710a00000|100%| O|  |TAMS 0x0000000710800000| PB 0x0000000710800000| Untracked 
| 133|0x0000000710a00000, 0x0000000710c00000, 0x0000000710c00000|100%| O|  |TAMS 0x0000000710a00000| PB 0x0000000710a00000| Untracked 
| 134|0x0000000710c00000, 0x0000000710e00000, 0x0000000710e00000|100%| O|  |TAMS 0x0000000710c00000| PB 0x0000000710c00000| Untracked 
| 135|0x0000000710e00000, 0x0000000711000000, 0x0000000711000000|100%| O|  |TAMS 0x0000000710e00000| PB 0x0000000710e00000| Untracked 
| 136|0x0000000711000000, 0x0000000711200000, 0x0000000711200000|100%| O|  |TAMS 0x0000000711000000| PB 0x0000000711000000| Untracked 
| 137|0x0000000711200000, 0x0000000711400000, 0x0000000711400000|100%| O|  |TAMS 0x0000000711200000| PB 0x0000000711200000| Untracked 
| 138|0x0000000711400000, 0x0000000711600000, 0x0000000711600000|100%| O|  |TAMS 0x0000000711400000| PB 0x0000000711400000| Untracked 
| 139|0x0000000711600000, 0x0000000711800000, 0x0000000711800000|100%| O|  |TAMS 0x0000000711600000| PB 0x0000000711600000| Untracked 
| 140|0x0000000711800000, 0x0000000711a00000, 0x0000000711a00000|100%| O|  |TAMS 0x0000000711800000| PB 0x0000000711800000| Untracked 
| 141|0x0000000711a00000, 0x0000000711c00000, 0x0000000711c00000|100%| O|  |TAMS 0x0000000711a00000| PB 0x0000000711a00000| Untracked 
| 142|0x0000000711c00000, 0x0000000711e00000, 0x0000000711e00000|100%| O|  |TAMS 0x0000000711c00000| PB 0x0000000711c00000| Untracked 
| 143|0x0000000711e00000, 0x0000000712000000, 0x0000000712000000|100%| O|  |TAMS 0x0000000711e00000| PB 0x0000000711e00000| Untracked 
| 144|0x0000000712000000, 0x0000000712200000, 0x0000000712200000|100%| O|  |TAMS 0x0000000712000000| PB 0x0000000712000000| Untracked 
| 145|0x0000000712200000, 0x0000000712400000, 0x0000000712400000|100%| O|  |TAMS 0x0000000712200000| PB 0x0000000712200000| Untracked 
| 146|0x0000000712400000, 0x0000000712600000, 0x0000000712600000|100%| O|  |TAMS 0x0000000712400000| PB 0x0000000712400000| Untracked 
| 147|0x0000000712600000, 0x0000000712800000, 0x0000000712800000|100%| O|  |TAMS 0x0000000712600000| PB 0x0000000712600000| Untracked 
| 148|0x0000000712800000, 0x0000000712a00000, 0x0000000712a00000|100%| O|  |TAMS 0x0000000712800000| PB 0x0000000712800000| Untracked 
| 149|0x0000000712a00000, 0x0000000712c00000, 0x0000000712c00000|100%| O|  |TAMS 0x0000000712a00000| PB 0x0000000712a00000| Untracked 
| 150|0x0000000712c00000, 0x0000000712e00000, 0x0000000712e00000|100%| O|  |TAMS 0x0000000712c00000| PB 0x0000000712c00000| Untracked 
| 151|0x0000000712e00000, 0x0000000713000000, 0x0000000713000000|100%| O|  |TAMS 0x0000000712e00000| PB 0x0000000712e00000| Untracked 
| 152|0x0000000713000000, 0x0000000713200000, 0x0000000713200000|100%| O|  |TAMS 0x0000000713000000| PB 0x0000000713000000| Untracked 
| 153|0x0000000713200000, 0x0000000713400000, 0x0000000713400000|100%| O|  |TAMS 0x0000000713200000| PB 0x0000000713200000| Untracked 
| 154|0x0000000713400000, 0x0000000713600000, 0x0000000713600000|100%| O|  |TAMS 0x0000000713400000| PB 0x0000000713400000| Untracked 
| 155|0x0000000713600000, 0x0000000713800000, 0x0000000713800000|100%| O|  |TAMS 0x0000000713600000| PB 0x0000000713600000| Untracked 
| 156|0x0000000713800000, 0x0000000713a00000, 0x0000000713a00000|100%| O|  |TAMS 0x0000000713800000| PB 0x0000000713800000| Untracked 
| 157|0x0000000713a00000, 0x0000000713c00000, 0x0000000713c00000|100%| O|Cm|TAMS 0x0000000713a00000| PB 0x0000000713a00000| Complete 
| 158|0x0000000713c00000, 0x0000000713e00000, 0x0000000713e00000|100%| O|  |TAMS 0x0000000713c00000| PB 0x0000000713c00000| Untracked 
| 159|0x0000000713e00000, 0x0000000714000000, 0x0000000714000000|100%| O|  |TAMS 0x0000000713e00000| PB 0x0000000713e00000| Untracked 
| 160|0x0000000714000000, 0x0000000714200000, 0x0000000714200000|100%| O|  |TAMS 0x0000000714000000| PB 0x0000000714000000| Untracked 
| 161|0x0000000714200000, 0x0000000714400000, 0x0000000714400000|100%| O|  |TAMS 0x0000000714200000| PB 0x0000000714200000| Untracked 
| 162|0x0000000714400000, 0x0000000714600000, 0x0000000714600000|100%| O|  |TAMS 0x0000000714400000| PB 0x0000000714400000| Untracked 
| 163|0x0000000714600000, 0x0000000714800000, 0x0000000714800000|100%| O|  |TAMS 0x0000000714600000| PB 0x0000000714600000| Untracked 
| 164|0x0000000714800000, 0x0000000714a00000, 0x0000000714a00000|100%| O|  |TAMS 0x0000000714800000| PB 0x0000000714800000| Untracked 
| 165|0x0000000714a00000, 0x0000000714c00000, 0x0000000714c00000|100%| O|  |TAMS 0x0000000714a00000| PB 0x0000000714a00000| Untracked 
| 166|0x0000000714c00000, 0x0000000714e00000, 0x0000000714e00000|100%| O|  |TAMS 0x0000000714c00000| PB 0x0000000714c00000| Untracked 
| 167|0x0000000714e00000, 0x0000000715000000, 0x0000000715000000|100%| O|  |TAMS 0x0000000714e00000| PB 0x0000000714e00000| Untracked 
| 168|0x0000000715000000, 0x0000000715200000, 0x0000000715200000|100%| O|  |TAMS 0x0000000715000000| PB 0x0000000715000000| Untracked 
| 169|0x0000000715200000, 0x0000000715400000, 0x0000000715400000|100%| O|  |TAMS 0x0000000715200000| PB 0x0000000715200000| Untracked 
| 170|0x0000000715400000, 0x0000000715600000, 0x0000000715600000|100%| O|  |TAMS 0x0000000715400000| PB 0x0000000715400000| Untracked 
| 171|0x0000000715600000, 0x0000000715800000, 0x0000000715800000|100%| O|  |TAMS 0x0000000715600000| PB 0x0000000715600000| Untracked 
| 172|0x0000000715800000, 0x0000000715a00000, 0x0000000715a00000|100%| O|  |TAMS 0x0000000715800000| PB 0x0000000715800000| Untracked 
| 173|0x0000000715a00000, 0x0000000715c00000, 0x0000000715c00000|100%| O|  |TAMS 0x0000000715a00000| PB 0x0000000715a00000| Untracked 
| 174|0x0000000715c00000, 0x0000000715e00000, 0x0000000715e00000|100%| O|  |TAMS 0x0000000715c00000| PB 0x0000000715c00000| Untracked 
| 175|0x0000000715e00000, 0x0000000716000000, 0x0000000716000000|100%| O|  |TAMS 0x0000000715e00000| PB 0x0000000715e00000| Untracked 
| 176|0x0000000716000000, 0x0000000716200000, 0x0000000716200000|100%| O|  |TAMS 0x0000000716000000| PB 0x0000000716000000| Untracked 
| 177|0x0000000716200000, 0x0000000716400000, 0x0000000716400000|100%| O|  |TAMS 0x0000000716200000| PB 0x0000000716200000| Untracked 
| 178|0x0000000716400000, 0x0000000716600000, 0x0000000716600000|100%| O|  |TAMS 0x0000000716400000| PB 0x0000000716400000| Untracked 
| 179|0x0000000716600000, 0x0000000716800000, 0x0000000716800000|100%| O|  |TAMS 0x0000000716600000| PB 0x0000000716600000| Untracked 
| 180|0x0000000716800000, 0x0000000716a00000, 0x0000000716a00000|100%| O|  |TAMS 0x0000000716800000| PB 0x0000000716800000| Untracked 
| 181|0x0000000716a00000, 0x0000000716c00000, 0x0000000716c00000|100%| O|  |TAMS 0x0000000716a00000| PB 0x0000000716a00000| Untracked 
| 182|0x0000000716c00000, 0x0000000716e00000, 0x0000000716e00000|100%| O|  |TAMS 0x0000000716c00000| PB 0x0000000716c00000| Untracked 
| 183|0x0000000716e00000, 0x0000000717000000, 0x0000000717000000|100%| O|  |TAMS 0x0000000716e00000| PB 0x0000000716e00000| Untracked 
| 184|0x0000000717000000, 0x0000000717200000, 0x0000000717200000|100%| O|  |TAMS 0x0000000717000000| PB 0x0000000717000000| Untracked 
| 185|0x0000000717200000, 0x0000000717400000, 0x0000000717400000|100%| O|  |TAMS 0x0000000717200000| PB 0x0000000717200000| Untracked 
| 186|0x0000000717400000, 0x0000000717600000, 0x0000000717600000|100%| O|Cm|TAMS 0x0000000717400000| PB 0x0000000717400000| Complete 
| 187|0x0000000717600000, 0x0000000717800000, 0x0000000717800000|100%| O|  |TAMS 0x0000000717600000| PB 0x0000000717600000| Untracked 
| 188|0x0000000717800000, 0x0000000717a00000, 0x0000000717a00000|100%| O|  |TAMS 0x0000000717800000| PB 0x0000000717800000| Untracked 
| 189|0x0000000717a00000, 0x0000000717c00000, 0x0000000717c00000|100%| O|  |TAMS 0x0000000717a00000| PB 0x0000000717a00000| Untracked 
| 190|0x0000000717c00000, 0x0000000717e00000, 0x0000000717e00000|100%| O|  |TAMS 0x0000000717c00000| PB 0x0000000717c00000| Untracked 
| 191|0x0000000717e00000, 0x0000000718000000, 0x0000000718000000|100%| O|  |TAMS 0x0000000717e00000| PB 0x0000000717e00000| Untracked 
| 192|0x0000000718000000, 0x0000000718200000, 0x0000000718200000|100%| O|  |TAMS 0x0000000718000000| PB 0x0000000718000000| Untracked 
| 193|0x0000000718200000, 0x0000000718400000, 0x0000000718400000|100%| O|Cm|TAMS 0x0000000718200000| PB 0x0000000718200000| Complete 
| 194|0x0000000718400000, 0x0000000718600000, 0x0000000718600000|100%| O|  |TAMS 0x0000000718400000| PB 0x0000000718400000| Untracked 
| 195|0x0000000718600000, 0x0000000718800000, 0x0000000718800000|100%| O|Cm|TAMS 0x0000000718600000| PB 0x0000000718600000| Complete 
| 196|0x0000000718800000, 0x0000000718a00000, 0x0000000718a00000|100%| O|  |TAMS 0x0000000718800000| PB 0x0000000718800000| Untracked 
| 197|0x0000000718a00000, 0x0000000718c00000, 0x0000000718c00000|100%| O|  |TAMS 0x0000000718a00000| PB 0x0000000718a00000| Untracked 
| 198|0x0000000718c00000, 0x0000000718e00000, 0x0000000718e00000|100%| O|  |TAMS 0x0000000718c00000| PB 0x0000000718c00000| Untracked 
| 199|0x0000000718e00000, 0x0000000719000000, 0x0000000719000000|100%| O|  |TAMS 0x0000000718e00000| PB 0x0000000718e00000| Untracked 
| 200|0x0000000719000000, 0x0000000719200000, 0x0000000719200000|100%|HS|  |TAMS 0x0000000719000000| PB 0x0000000719000000| Complete 
| 201|0x0000000719200000, 0x0000000719400000, 0x0000000719400000|100%|HC|  |TAMS 0x0000000719200000| PB 0x0000000719200000| Complete 
| 202|0x0000000719400000, 0x0000000719400000, 0x0000000719600000|  0%| F|  |TAMS 0x0000000719400000| PB 0x0000000719400000| Untracked 
| 203|0x0000000719600000, 0x0000000719800000, 0x0000000719800000|100%| O|Cm|TAMS 0x0000000719600000| PB 0x0000000719600000| Complete 
| 204|0x0000000719800000, 0x0000000719a00000, 0x0000000719a00000|100%| O|  |TAMS 0x0000000719800000| PB 0x0000000719800000| Untracked 
| 205|0x0000000719a00000, 0x0000000719c00000, 0x0000000719c00000|100%| O|Cm|TAMS 0x0000000719a00000| PB 0x0000000719a00000| Complete 
| 206|0x0000000719c00000, 0x0000000719e00000, 0x0000000719e00000|100%| O|  |TAMS 0x0000000719c00000| PB 0x0000000719c00000| Untracked 
| 207|0x0000000719e00000, 0x000000071a000000, 0x000000071a000000|100%| O|  |TAMS 0x0000000719e00000| PB 0x0000000719e00000| Untracked 
| 208|0x000000071a000000, 0x000000071a200000, 0x000000071a200000|100%| O|  |TAMS 0x000000071a000000| PB 0x000000071a000000| Untracked 
| 209|0x000000071a200000, 0x000000071a400000, 0x000000071a400000|100%| O|  |TAMS 0x000000071a200000| PB 0x000000071a200000| Untracked 
| 210|0x000000071a400000, 0x000000071a600000, 0x000000071a600000|100%| O|  |TAMS 0x000000071a400000| PB 0x000000071a400000| Untracked 
| 211|0x000000071a600000, 0x000000071a600000, 0x000000071a800000|  0%| F|  |TAMS 0x000000071a600000| PB 0x000000071a600000| Untracked 
| 212|0x000000071a800000, 0x000000071aa00000, 0x000000071aa00000|100%| O|  |TAMS 0x000000071a800000| PB 0x000000071a800000| Untracked 
| 213|0x000000071aa00000, 0x000000071ac00000, 0x000000071ac00000|100%| O|  |TAMS 0x000000071aa00000| PB 0x000000071aa00000| Untracked 
| 214|0x000000071ac00000, 0x000000071ae00000, 0x000000071ae00000|100%| O|  |TAMS 0x000000071ac00000| PB 0x000000071ac00000| Untracked 
| 215|0x000000071ae00000, 0x000000071b000000, 0x000000071b000000|100%| O|  |TAMS 0x000000071ae00000| PB 0x000000071ae00000| Untracked 
| 216|0x000000071b000000, 0x000000071b200000, 0x000000071b200000|100%|HS|  |TAMS 0x000000071b000000| PB 0x000000071b000000| Complete 
| 217|0x000000071b200000, 0x000000071b400000, 0x000000071b400000|100%| O|  |TAMS 0x000000071b200000| PB 0x000000071b200000| Untracked 
| 218|0x000000071b400000, 0x000000071b600000, 0x000000071b600000|100%| O|  |TAMS 0x000000071b400000| PB 0x000000071b400000| Untracked 
| 219|0x000000071b600000, 0x000000071b800000, 0x000000071b800000|100%| O|  |TAMS 0x000000071b600000| PB 0x000000071b600000| Untracked 
| 220|0x000000071b800000, 0x000000071ba00000, 0x000000071ba00000|100%| O|  |TAMS 0x000000071b800000| PB 0x000000071b800000| Untracked 
| 221|0x000000071ba00000, 0x000000071bc00000, 0x000000071bc00000|100%|HS|  |TAMS 0x000000071ba00000| PB 0x000000071ba00000| Complete 
| 222|0x000000071bc00000, 0x000000071be00000, 0x000000071be00000|100%|HC|  |TAMS 0x000000071bc00000| PB 0x000000071bc00000| Complete 
| 223|0x000000071be00000, 0x000000071c000000, 0x000000071c000000|100%| O|  |TAMS 0x000000071be00000| PB 0x000000071be00000| Untracked 
| 224|0x000000071c000000, 0x000000071c200000, 0x000000071c200000|100%| O|  |TAMS 0x000000071c000000| PB 0x000000071c000000| Untracked 
| 225|0x000000071c200000, 0x000000071c400000, 0x000000071c400000|100%| O|  |TAMS 0x000000071c200000| PB 0x000000071c200000| Untracked 
| 226|0x000000071c400000, 0x000000071c400000, 0x000000071c600000|  0%| F|  |TAMS 0x000000071c400000| PB 0x000000071c400000| Untracked 
| 227|0x000000071c600000, 0x000000071c800000, 0x000000071c800000|100%| O|  |TAMS 0x000000071c600000| PB 0x000000071c600000| Untracked 
| 228|0x000000071c800000, 0x000000071ca00000, 0x000000071ca00000|100%| O|  |TAMS 0x000000071c800000| PB 0x000000071c800000| Untracked 
| 229|0x000000071ca00000, 0x000000071cc00000, 0x000000071cc00000|100%| O|  |TAMS 0x000000071ca00000| PB 0x000000071ca00000| Untracked 
| 230|0x000000071cc00000, 0x000000071ce00000, 0x000000071ce00000|100%| O|  |TAMS 0x000000071cc00000| PB 0x000000071cc00000| Untracked 
| 231|0x000000071ce00000, 0x000000071d000000, 0x000000071d000000|100%| O|  |TAMS 0x000000071ce00000| PB 0x000000071ce00000| Untracked 
| 232|0x000000071d000000, 0x000000071d200000, 0x000000071d200000|100%| O|  |TAMS 0x000000071d000000| PB 0x000000071d000000| Untracked 
| 233|0x000000071d200000, 0x000000071d400000, 0x000000071d400000|100%| O|  |TAMS 0x000000071d200000| PB 0x000000071d200000| Untracked 
| 234|0x000000071d400000, 0x000000071d600000, 0x000000071d600000|100%| O|  |TAMS 0x000000071d400000| PB 0x000000071d400000| Untracked 
| 235|0x000000071d600000, 0x000000071d600000, 0x000000071d800000|  0%| F|  |TAMS 0x000000071d600000| PB 0x000000071d600000| Untracked 
| 236|0x000000071d800000, 0x000000071da00000, 0x000000071da00000|100%| O|  |TAMS 0x000000071d800000| PB 0x000000071d800000| Untracked 
| 237|0x000000071da00000, 0x000000071dc00000, 0x000000071dc00000|100%| O|  |TAMS 0x000000071da00000| PB 0x000000071da00000| Untracked 
| 238|0x000000071dc00000, 0x000000071de00000, 0x000000071de00000|100%| O|  |TAMS 0x000000071dc00000| PB 0x000000071dc00000| Untracked 
| 239|0x000000071de00000, 0x000000071de00000, 0x000000071e000000|  0%| F|  |TAMS 0x000000071de00000| PB 0x000000071de00000| Untracked 
| 240|0x000000071e000000, 0x000000071e200000, 0x000000071e200000|100%| O|  |TAMS 0x000000071e000000| PB 0x000000071e000000| Untracked 
| 241|0x000000071e200000, 0x000000071e400000, 0x000000071e400000|100%| O|  |TAMS 0x000000071e200000| PB 0x000000071e200000| Untracked 
| 242|0x000000071e400000, 0x000000071e600000, 0x000000071e600000|100%| O|  |TAMS 0x000000071e400000| PB 0x000000071e400000| Untracked 
| 243|0x000000071e600000, 0x000000071e800000, 0x000000071e800000|100%| O|  |TAMS 0x000000071e600000| PB 0x000000071e600000| Untracked 
| 244|0x000000071e800000, 0x000000071ea00000, 0x000000071ea00000|100%| O|  |TAMS 0x000000071e800000| PB 0x000000071e800000| Untracked 
| 245|0x000000071ea00000, 0x000000071ec00000, 0x000000071ec00000|100%| O|  |TAMS 0x000000071ea00000| PB 0x000000071ea00000| Untracked 
| 246|0x000000071ec00000, 0x000000071ee00000, 0x000000071ee00000|100%| O|  |TAMS 0x000000071ec00000| PB 0x000000071ec00000| Untracked 
| 247|0x000000071ee00000, 0x000000071f000000, 0x000000071f000000|100%| O|  |TAMS 0x000000071ee00000| PB 0x000000071ee00000| Untracked 
| 248|0x000000071f000000, 0x000000071f200000, 0x000000071f200000|100%| O|  |TAMS 0x000000071f000000| PB 0x000000071f000000| Untracked 
| 249|0x000000071f200000, 0x000000071f400000, 0x000000071f400000|100%| O|  |TAMS 0x000000071f200000| PB 0x000000071f200000| Untracked 
| 250|0x000000071f400000, 0x000000071f600000, 0x000000071f600000|100%| O|  |TAMS 0x000000071f400000| PB 0x000000071f400000| Untracked 
| 251|0x000000071f600000, 0x000000071f800000, 0x000000071f800000|100%| O|  |TAMS 0x000000071f600000| PB 0x000000071f600000| Untracked 
| 252|0x000000071f800000, 0x000000071fa00000, 0x000000071fa00000|100%| O|  |TAMS 0x000000071f800000| PB 0x000000071f800000| Untracked 
| 253|0x000000071fa00000, 0x000000071fc00000, 0x000000071fc00000|100%| O|  |TAMS 0x000000071fa00000| PB 0x000000071fa00000| Untracked 
| 254|0x000000071fc00000, 0x000000071fe00000, 0x000000071fe00000|100%| O|  |TAMS 0x000000071fc00000| PB 0x000000071fc00000| Untracked 
| 255|0x000000071fe00000, 0x0000000720000000, 0x0000000720000000|100%| O|  |TAMS 0x000000071fe00000| PB 0x000000071fe00000| Untracked 
| 256|0x0000000720000000, 0x0000000720200000, 0x0000000720200000|100%| O|  |TAMS 0x0000000720000000| PB 0x0000000720000000| Untracked 
| 257|0x0000000720200000, 0x0000000720400000, 0x0000000720400000|100%| O|  |TAMS 0x0000000720200000| PB 0x0000000720200000| Untracked 
| 258|0x0000000720400000, 0x0000000720400000, 0x0000000720600000|  0%| F|  |TAMS 0x0000000720400000| PB 0x0000000720400000| Untracked 
| 259|0x0000000720600000, 0x0000000720800000, 0x0000000720800000|100%| O|  |TAMS 0x0000000720600000| PB 0x0000000720600000| Untracked 
| 260|0x0000000720800000, 0x0000000720a00000, 0x0000000720a00000|100%| O|  |TAMS 0x0000000720800000| PB 0x0000000720800000| Untracked 
| 261|0x0000000720a00000, 0x0000000720c00000, 0x0000000720c00000|100%| O|  |TAMS 0x0000000720a00000| PB 0x0000000720a00000| Untracked 
| 262|0x0000000720c00000, 0x0000000720e00000, 0x0000000720e00000|100%| O|Cm|TAMS 0x0000000720c00000| PB 0x0000000720c00000| Complete 
| 263|0x0000000720e00000, 0x0000000721000000, 0x0000000721000000|100%| O|  |TAMS 0x0000000720e00000| PB 0x0000000720e00000| Untracked 
| 264|0x0000000721000000, 0x0000000721200000, 0x0000000721200000|100%| O|  |TAMS 0x0000000721000000| PB 0x0000000721000000| Untracked 
| 265|0x0000000721200000, 0x0000000721400000, 0x0000000721400000|100%| O|  |TAMS 0x0000000721200000| PB 0x0000000721200000| Untracked 
| 266|0x0000000721400000, 0x0000000721600000, 0x0000000721600000|100%| O|  |TAMS 0x0000000721400000| PB 0x0000000721400000| Untracked 
| 267|0x0000000721600000, 0x0000000721800000, 0x0000000721800000|100%| O|  |TAMS 0x0000000721600000| PB 0x0000000721600000| Untracked 
| 268|0x0000000721800000, 0x0000000721a00000, 0x0000000721a00000|100%| O|  |TAMS 0x0000000721800000| PB 0x0000000721800000| Untracked 
| 269|0x0000000721a00000, 0x0000000721c00000, 0x0000000721c00000|100%| O|  |TAMS 0x0000000721a00000| PB 0x0000000721a00000| Untracked 
| 270|0x0000000721c00000, 0x0000000721e00000, 0x0000000721e00000|100%| O|Cm|TAMS 0x0000000721c00000| PB 0x0000000721c00000| Complete 
| 271|0x0000000721e00000, 0x0000000722000000, 0x0000000722000000|100%| O|  |TAMS 0x0000000721e00000| PB 0x0000000721e00000| Untracked 
| 272|0x0000000722000000, 0x0000000722200000, 0x0000000722200000|100%| O|  |TAMS 0x0000000722000000| PB 0x0000000722000000| Untracked 
| 273|0x0000000722200000, 0x0000000722400000, 0x0000000722400000|100%| O|  |TAMS 0x0000000722200000| PB 0x0000000722200000| Untracked 
| 274|0x0000000722400000, 0x0000000722600000, 0x0000000722600000|100%| O|  |TAMS 0x0000000722400000| PB 0x0000000722400000| Untracked 
| 275|0x0000000722600000, 0x0000000722800000, 0x0000000722800000|100%| O|  |TAMS 0x0000000722600000| PB 0x0000000722600000| Untracked 
| 276|0x0000000722800000, 0x0000000722a00000, 0x0000000722a00000|100%| O|Cm|TAMS 0x0000000722800000| PB 0x0000000722800000| Complete 
| 277|0x0000000722a00000, 0x0000000722c00000, 0x0000000722c00000|100%| O|  |TAMS 0x0000000722a00000| PB 0x0000000722a00000| Untracked 
| 278|0x0000000722c00000, 0x0000000722e00000, 0x0000000722e00000|100%| O|  |TAMS 0x0000000722c00000| PB 0x0000000722c00000| Untracked 
| 279|0x0000000722e00000, 0x0000000723000000, 0x0000000723000000|100%| O|  |TAMS 0x0000000722e00000| PB 0x0000000722e00000| Untracked 
| 280|0x0000000723000000, 0x0000000723200000, 0x0000000723200000|100%|HS|  |TAMS 0x0000000723000000| PB 0x0000000723000000| Complete 
| 281|0x0000000723200000, 0x0000000723400000, 0x0000000723400000|100%|HC|  |TAMS 0x0000000723200000| PB 0x0000000723200000| Complete 
| 282|0x0000000723400000, 0x0000000723600000, 0x0000000723600000|100%|HC|  |TAMS 0x0000000723400000| PB 0x0000000723400000| Complete 
| 283|0x0000000723600000, 0x0000000723740018, 0x0000000723800000| 62%| S|CS|TAMS 0x0000000723600000| PB 0x0000000723600000| Complete 
| 284|0x0000000723800000, 0x0000000723a00000, 0x0000000723a00000|100%| O|  |TAMS 0x0000000723800000| PB 0x0000000723800000| Untracked 
| 285|0x0000000723a00000, 0x0000000723c00000, 0x0000000723c00000|100%| O|  |TAMS 0x0000000723a00000| PB 0x0000000723a00000| Untracked 
| 286|0x0000000723c00000, 0x0000000723e00000, 0x0000000723e00000|100%| O|  |TAMS 0x0000000723c00000| PB 0x0000000723c00000| Untracked 
| 287|0x0000000723e00000, 0x0000000724000000, 0x0000000724000000|100%| S|CS|TAMS 0x0000000723e00000| PB 0x0000000723e00000| Complete 
| 288|0x0000000724000000, 0x0000000724200000, 0x0000000724200000|100%| O|  |TAMS 0x0000000724000000| PB 0x0000000724000000| Untracked 
| 289|0x0000000724200000, 0x0000000724400000, 0x0000000724400000|100%| O|Cm|TAMS 0x0000000724200000| PB 0x0000000724200000| Complete 
| 290|0x0000000724400000, 0x0000000724600000, 0x0000000724600000|100%| O|  |TAMS 0x0000000724400000| PB 0x0000000724400000| Untracked 
| 291|0x0000000724600000, 0x0000000724800000, 0x0000000724800000|100%| O|  |TAMS 0x0000000724600000| PB 0x0000000724600000| Untracked 
| 292|0x0000000724800000, 0x0000000724a00000, 0x0000000724a00000|100%| O|  |TAMS 0x0000000724800000| PB 0x0000000724800000| Untracked 
| 293|0x0000000724a00000, 0x0000000724c00000, 0x0000000724c00000|100%| O|  |TAMS 0x0000000724a00000| PB 0x0000000724a00000| Untracked 
| 294|0x0000000724c00000, 0x0000000724e00000, 0x0000000724e00000|100%| O|  |TAMS 0x0000000724c00000| PB 0x0000000724c00000| Untracked 
| 295|0x0000000724e00000, 0x0000000725000000, 0x0000000725000000|100%| O|  |TAMS 0x0000000724e00000| PB 0x0000000724e00000| Untracked 
| 296|0x0000000725000000, 0x0000000725200000, 0x0000000725200000|100%| O|  |TAMS 0x0000000725000000| PB 0x0000000725000000| Untracked 
| 297|0x0000000725200000, 0x0000000725400000, 0x0000000725400000|100%| O|Cm|TAMS 0x0000000725200000| PB 0x0000000725200000| Complete 
| 298|0x0000000725400000, 0x0000000725600000, 0x0000000725600000|100%| O|  |TAMS 0x0000000725400000| PB 0x0000000725400000| Untracked 
| 299|0x0000000725600000, 0x0000000725800000, 0x0000000725800000|100%| O|  |TAMS 0x0000000725600000| PB 0x0000000725600000| Untracked 
| 300|0x0000000725800000, 0x0000000725a00000, 0x0000000725a00000|100%| O|  |TAMS 0x0000000725800000| PB 0x0000000725800000| Untracked 
| 301|0x0000000725a00000, 0x0000000725c00000, 0x0000000725c00000|100%| O|  |TAMS 0x0000000725a00000| PB 0x0000000725a00000| Untracked 
| 302|0x0000000725c00000, 0x0000000725e00000, 0x0000000725e00000|100%| O|  |TAMS 0x0000000725c00000| PB 0x0000000725c00000| Untracked 
| 303|0x0000000725e00000, 0x0000000726000000, 0x0000000726000000|100%| O|  |TAMS 0x0000000725e00000| PB 0x0000000725e00000| Untracked 
| 304|0x0000000726000000, 0x0000000726200000, 0x0000000726200000|100%| O|  |TAMS 0x0000000726000000| PB 0x0000000726000000| Untracked 
| 305|0x0000000726200000, 0x0000000726400000, 0x0000000726400000|100%| O|  |TAMS 0x0000000726200000| PB 0x0000000726200000| Untracked 
| 306|0x0000000726400000, 0x0000000726600000, 0x0000000726600000|100%| O|  |TAMS 0x0000000726400000| PB 0x0000000726400000| Untracked 
| 307|0x0000000726600000, 0x0000000726800000, 0x0000000726800000|100%| O|  |TAMS 0x0000000726600000| PB 0x0000000726600000| Untracked 
| 308|0x0000000726800000, 0x0000000726a00000, 0x0000000726a00000|100%| O|  |TAMS 0x0000000726800000| PB 0x0000000726800000| Untracked 
| 309|0x0000000726a00000, 0x0000000726c00000, 0x0000000726c00000|100%| O|  |TAMS 0x0000000726a00000| PB 0x0000000726a00000| Untracked 
| 310|0x0000000726c00000, 0x0000000726e00000, 0x0000000726e00000|100%| O|  |TAMS 0x0000000726c00000| PB 0x0000000726c00000| Untracked 
| 311|0x0000000726e00000, 0x0000000727000000, 0x0000000727000000|100%| O|  |TAMS 0x0000000726e00000| PB 0x0000000726e00000| Untracked 
| 312|0x0000000727000000, 0x0000000727200000, 0x0000000727200000|100%| O|  |TAMS 0x0000000727000000| PB 0x0000000727000000| Untracked 
| 313|0x0000000727200000, 0x0000000727400000, 0x0000000727400000|100%| O|  |TAMS 0x0000000727200000| PB 0x0000000727200000| Untracked 
| 314|0x0000000727400000, 0x0000000727600000, 0x0000000727600000|100%| O|  |TAMS 0x0000000727400000| PB 0x0000000727400000| Untracked 
| 315|0x0000000727600000, 0x0000000727800000, 0x0000000727800000|100%| S|CS|TAMS 0x0000000727600000| PB 0x0000000727600000| Complete 
| 316|0x0000000727800000, 0x0000000727a00000, 0x0000000727a00000|100%| O|  |TAMS 0x0000000727800000| PB 0x0000000727800000| Untracked 
| 317|0x0000000727a00000, 0x0000000727c00000, 0x0000000727c00000|100%| O|  |TAMS 0x0000000727a00000| PB 0x0000000727a00000| Untracked 
| 318|0x0000000727c00000, 0x0000000727e00000, 0x0000000727e00000|100%| O|  |TAMS 0x0000000727c00000| PB 0x0000000727c00000| Untracked 
| 319|0x0000000727e00000, 0x0000000728000000, 0x0000000728000000|100%| O|  |TAMS 0x0000000727e00000| PB 0x0000000727e00000| Untracked 
| 320|0x0000000728000000, 0x0000000728200000, 0x0000000728200000|100%| O|  |TAMS 0x0000000728000000| PB 0x0000000728000000| Untracked 
| 321|0x0000000728200000, 0x0000000728400000, 0x0000000728400000|100%| O|  |TAMS 0x0000000728200000| PB 0x0000000728200000| Untracked 
| 322|0x0000000728400000, 0x0000000728600000, 0x0000000728600000|100%| O|  |TAMS 0x0000000728400000| PB 0x0000000728400000| Untracked 
| 323|0x0000000728600000, 0x0000000728800000, 0x0000000728800000|100%| O|  |TAMS 0x0000000728600000| PB 0x0000000728600000| Untracked 
| 324|0x0000000728800000, 0x0000000728a00000, 0x0000000728a00000|100%| O|  |TAMS 0x0000000728800000| PB 0x0000000728800000| Untracked 
| 325|0x0000000728a00000, 0x0000000728c00000, 0x0000000728c00000|100%| O|  |TAMS 0x0000000728a00000| PB 0x0000000728a00000| Untracked 
| 326|0x0000000728c00000, 0x0000000728e00000, 0x0000000728e00000|100%| O|  |TAMS 0x0000000728c00000| PB 0x0000000728c00000| Untracked 
| 327|0x0000000728e00000, 0x0000000729000000, 0x0000000729000000|100%| O|  |TAMS 0x0000000728e00000| PB 0x0000000728e00000| Untracked 
| 328|0x0000000729000000, 0x0000000729200000, 0x0000000729200000|100%| O|  |TAMS 0x0000000729000000| PB 0x0000000729000000| Untracked 
| 329|0x0000000729200000, 0x0000000729400000, 0x0000000729400000|100%| O|  |TAMS 0x0000000729200000| PB 0x0000000729200000| Untracked 
| 330|0x0000000729400000, 0x0000000729600000, 0x0000000729600000|100%| O|  |TAMS 0x0000000729400000| PB 0x0000000729400000| Untracked 
| 331|0x0000000729600000, 0x0000000729800000, 0x0000000729800000|100%| O|  |TAMS 0x0000000729600000| PB 0x0000000729600000| Untracked 
| 332|0x0000000729800000, 0x0000000729a00000, 0x0000000729a00000|100%| O|  |TAMS 0x0000000729800000| PB 0x0000000729800000| Untracked 
| 333|0x0000000729a00000, 0x0000000729c00000, 0x0000000729c00000|100%| O|  |TAMS 0x0000000729a00000| PB 0x0000000729a00000| Untracked 
| 334|0x0000000729c00000, 0x0000000729e00000, 0x0000000729e00000|100%| S|CS|TAMS 0x0000000729c00000| PB 0x0000000729c00000| Complete 
| 335|0x0000000729e00000, 0x000000072a000000, 0x000000072a000000|100%| O|  |TAMS 0x0000000729e00000| PB 0x0000000729e00000| Untracked 
| 336|0x000000072a000000, 0x000000072a200000, 0x000000072a200000|100%| S|CS|TAMS 0x000000072a000000| PB 0x000000072a000000| Complete 
| 337|0x000000072a200000, 0x000000072a400000, 0x000000072a400000|100%| O|  |TAMS 0x000000072a200000| PB 0x000000072a200000| Untracked 
| 338|0x000000072a400000, 0x000000072a600000, 0x000000072a600000|100%| O|  |TAMS 0x000000072a400000| PB 0x000000072a400000| Untracked 
| 339|0x000000072a600000, 0x000000072a800000, 0x000000072a800000|100%| O|Cm|TAMS 0x000000072a600000| PB 0x000000072a600000| Complete 
| 340|0x000000072a800000, 0x000000072aa00000, 0x000000072aa00000|100%| O|  |TAMS 0x000000072a800000| PB 0x000000072a800000| Untracked 
| 341|0x000000072aa00000, 0x000000072ac00000, 0x000000072ac00000|100%| S|CS|TAMS 0x000000072aa00000| PB 0x000000072aa00000| Complete 
| 342|0x000000072ac00000, 0x000000072ae00000, 0x000000072ae00000|100%| O|  |TAMS 0x000000072ac00000| PB 0x000000072ac00000| Untracked 
| 343|0x000000072ae00000, 0x000000072b000000, 0x000000072b000000|100%| O|  |TAMS 0x000000072ae00000| PB 0x000000072ae00000| Untracked 
| 344|0x000000072b000000, 0x000000072b200000, 0x000000072b200000|100%| O|  |TAMS 0x000000072b000000| PB 0x000000072b000000| Untracked 
| 345|0x000000072b200000, 0x000000072b400000, 0x000000072b400000|100%| O|  |TAMS 0x000000072b200000| PB 0x000000072b200000| Untracked 
| 346|0x000000072b400000, 0x000000072b600000, 0x000000072b600000|100%| O|  |TAMS 0x000000072b400000| PB 0x000000072b400000| Untracked 
| 347|0x000000072b600000, 0x000000072b800000, 0x000000072b800000|100%| O|  |TAMS 0x000000072b600000| PB 0x000000072b600000| Untracked 
| 348|0x000000072b800000, 0x000000072ba00000, 0x000000072ba00000|100%| O|  |TAMS 0x000000072b800000| PB 0x000000072b800000| Untracked 
| 349|0x000000072ba00000, 0x000000072bc00000, 0x000000072bc00000|100%| O|  |TAMS 0x000000072ba00000| PB 0x000000072ba00000| Untracked 
| 350|0x000000072bc00000, 0x000000072be00000, 0x000000072be00000|100%| O|  |TAMS 0x000000072bc00000| PB 0x000000072bc00000| Untracked 
| 351|0x000000072be00000, 0x000000072c000000, 0x000000072c000000|100%| O|  |TAMS 0x000000072be00000| PB 0x000000072be00000| Untracked 
| 352|0x000000072c000000, 0x000000072c200000, 0x000000072c200000|100%| O|  |TAMS 0x000000072c000000| PB 0x000000072c000000| Untracked 
| 353|0x000000072c200000, 0x000000072c400000, 0x000000072c400000|100%| O|  |TAMS 0x000000072c200000| PB 0x000000072c200000| Untracked 
| 354|0x000000072c400000, 0x000000072c600000, 0x000000072c600000|100%| O|  |TAMS 0x000000072c400000| PB 0x000000072c400000| Untracked 
| 355|0x000000072c600000, 0x000000072c800000, 0x000000072c800000|100%| O|  |TAMS 0x000000072c600000| PB 0x000000072c600000| Untracked 
| 356|0x000000072c800000, 0x000000072ca00000, 0x000000072ca00000|100%| O|  |TAMS 0x000000072c800000| PB 0x000000072c800000| Untracked 
| 357|0x000000072ca00000, 0x000000072cc00000, 0x000000072cc00000|100%| O|  |TAMS 0x000000072ca00000| PB 0x000000072ca00000| Untracked 
| 358|0x000000072cc00000, 0x000000072ce00000, 0x000000072ce00000|100%| O|  |TAMS 0x000000072cc00000| PB 0x000000072cc00000| Untracked 
| 359|0x000000072ce00000, 0x000000072d000000, 0x000000072d000000|100%| O|  |TAMS 0x000000072ce00000| PB 0x000000072ce00000| Untracked 
| 360|0x000000072d000000, 0x000000072d200000, 0x000000072d200000|100%| O|  |TAMS 0x000000072d000000| PB 0x000000072d000000| Untracked 
| 361|0x000000072d200000, 0x000000072d400000, 0x000000072d400000|100%| O|  |TAMS 0x000000072d200000| PB 0x000000072d200000| Untracked 
| 362|0x000000072d400000, 0x000000072d600000, 0x000000072d600000|100%| O|  |TAMS 0x000000072d400000| PB 0x000000072d400000| Untracked 
| 363|0x000000072d600000, 0x000000072d800000, 0x000000072d800000|100%| O|  |TAMS 0x000000072d600000| PB 0x000000072d600000| Untracked 
| 364|0x000000072d800000, 0x000000072da00000, 0x000000072da00000|100%| O|  |TAMS 0x000000072d800000| PB 0x000000072d800000| Untracked 
| 365|0x000000072da00000, 0x000000072dc00000, 0x000000072dc00000|100%| O|  |TAMS 0x000000072da00000| PB 0x000000072da00000| Untracked 
| 366|0x000000072dc00000, 0x000000072de00000, 0x000000072de00000|100%| O|  |TAMS 0x000000072dc00000| PB 0x000000072dc00000| Untracked 
| 367|0x000000072de00000, 0x000000072e000000, 0x000000072e000000|100%| O|  |TAMS 0x000000072de00000| PB 0x000000072de00000| Untracked 
| 368|0x000000072e000000, 0x000000072e200000, 0x000000072e200000|100%| O|  |TAMS 0x000000072e000000| PB 0x000000072e000000| Untracked 
| 369|0x000000072e200000, 0x000000072e400000, 0x000000072e400000|100%| O|  |TAMS 0x000000072e200000| PB 0x000000072e200000| Untracked 
| 370|0x000000072e400000, 0x000000072e600000, 0x000000072e600000|100%| O|  |TAMS 0x000000072e400000| PB 0x000000072e400000| Untracked 
| 371|0x000000072e600000, 0x000000072e800000, 0x000000072e800000|100%| O|  |TAMS 0x000000072e600000| PB 0x000000072e600000| Untracked 
| 372|0x000000072e800000, 0x000000072ea00000, 0x000000072ea00000|100%| S|CS|TAMS 0x000000072e800000| PB 0x000000072e800000| Complete 
| 373|0x000000072ea00000, 0x000000072ec00000, 0x000000072ec00000|100%| O|  |TAMS 0x000000072ea00000| PB 0x000000072ea00000| Untracked 
| 374|0x000000072ec00000, 0x000000072ee00000, 0x000000072ee00000|100%| O|  |TAMS 0x000000072ec00000| PB 0x000000072ec00000| Untracked 
| 375|0x000000072ee00000, 0x000000072f000000, 0x000000072f000000|100%| S|CS|TAMS 0x000000072ee00000| PB 0x000000072ee00000| Complete 
| 376|0x000000072f000000, 0x000000072f200000, 0x000000072f200000|100%| O|  |TAMS 0x000000072f000000| PB 0x000000072f000000| Untracked 
| 377|0x000000072f200000, 0x000000072f400000, 0x000000072f400000|100%| O|Cm|TAMS 0x000000072f200000| PB 0x000000072f200000| Complete 
| 378|0x000000072f400000, 0x000000072f600000, 0x000000072f600000|100%| O|  |TAMS 0x000000072f400000| PB 0x000000072f400000| Untracked 
| 379|0x000000072f600000, 0x000000072f800000, 0x000000072f800000|100%| O|  |TAMS 0x000000072f600000| PB 0x000000072f600000| Untracked 
| 380|0x000000072f800000, 0x000000072fa00000, 0x000000072fa00000|100%| O|  |TAMS 0x000000072f800000| PB 0x000000072f800000| Untracked 
| 381|0x000000072fa00000, 0x000000072fc00000, 0x000000072fc00000|100%| O|  |TAMS 0x000000072fa00000| PB 0x000000072fa00000| Untracked 
| 382|0x000000072fc00000, 0x000000072fe00000, 0x000000072fe00000|100%| O|  |TAMS 0x000000072fc00000| PB 0x000000072fc00000| Untracked 
| 383|0x000000072fe00000, 0x0000000730000000, 0x0000000730000000|100%| O|  |TAMS 0x000000072fe00000| PB 0x000000072fe00000| Untracked 
| 384|0x0000000730000000, 0x0000000730200000, 0x0000000730200000|100%| O|  |TAMS 0x0000000730000000| PB 0x0000000730000000| Untracked 
| 385|0x0000000730200000, 0x0000000730400000, 0x0000000730400000|100%| O|  |TAMS 0x0000000730200000| PB 0x0000000730200000| Untracked 
| 386|0x0000000730400000, 0x0000000730600000, 0x0000000730600000|100%| O|  |TAMS 0x0000000730400000| PB 0x0000000730400000| Untracked 
| 387|0x0000000730600000, 0x0000000730800000, 0x0000000730800000|100%| O|  |TAMS 0x0000000730600000| PB 0x0000000730600000| Untracked 
| 388|0x0000000730800000, 0x0000000730a00000, 0x0000000730a00000|100%| S|CS|TAMS 0x0000000730800000| PB 0x0000000730800000| Complete 
| 389|0x0000000730a00000, 0x0000000730c00000, 0x0000000730c00000|100%| O|  |TAMS 0x0000000730a00000| PB 0x0000000730a00000| Untracked 
| 390|0x0000000730c00000, 0x0000000730e00000, 0x0000000730e00000|100%| S|CS|TAMS 0x0000000730c00000| PB 0x0000000730c00000| Complete 
| 391|0x0000000730e00000, 0x0000000731000000, 0x0000000731000000|100%| S|CS|TAMS 0x0000000730e00000| PB 0x0000000730e00000| Complete 
| 392|0x0000000731000000, 0x0000000731200000, 0x0000000731200000|100%| S|CS|TAMS 0x0000000731000000| PB 0x0000000731000000| Complete 
| 393|0x0000000731200000, 0x0000000731200000, 0x0000000731400000|  0%| F|  |TAMS 0x0000000731200000| PB 0x0000000731200000| Untracked 
| 394|0x0000000731400000, 0x0000000731400000, 0x0000000731600000|  0%| F|  |TAMS 0x0000000731400000| PB 0x0000000731400000| Untracked 
| 395|0x0000000731600000, 0x0000000731800000, 0x0000000731800000|100%| O|  |TAMS 0x0000000731600000| PB 0x0000000731600000| Untracked 
| 396|0x0000000731800000, 0x0000000731a00000, 0x0000000731a00000|100%| O|  |TAMS 0x0000000731800000| PB 0x0000000731800000| Untracked 
| 397|0x0000000731a00000, 0x0000000731c00000, 0x0000000731c00000|100%| O|  |TAMS 0x0000000731a00000| PB 0x0000000731a00000| Untracked 
| 398|0x0000000731c00000, 0x0000000731e00000, 0x0000000731e00000|100%| O|  |TAMS 0x0000000731c00000| PB 0x0000000731c00000| Untracked 
| 399|0x0000000731e00000, 0x0000000732000000, 0x0000000732000000|100%| O|  |TAMS 0x0000000731e00000| PB 0x0000000731e00000| Untracked 
| 400|0x0000000732000000, 0x0000000732000000, 0x0000000732200000|  0%| F|  |TAMS 0x0000000732000000| PB 0x0000000732000000| Untracked 
| 401|0x0000000732200000, 0x0000000732400000, 0x0000000732400000|100%| O|  |TAMS 0x0000000732200000| PB 0x0000000732200000| Untracked 
| 402|0x0000000732400000, 0x0000000732600000, 0x0000000732600000|100%| O|  |TAMS 0x0000000732400000| PB 0x0000000732400000| Untracked 
| 403|0x0000000732600000, 0x0000000732800000, 0x0000000732800000|100%| O|  |TAMS 0x0000000732600000| PB 0x0000000732600000| Untracked 
| 404|0x0000000732800000, 0x0000000732800000, 0x0000000732a00000|  0%| F|  |TAMS 0x0000000732800000| PB 0x0000000732800000| Untracked 
| 405|0x0000000732a00000, 0x0000000732a00000, 0x0000000732c00000|  0%| F|  |TAMS 0x0000000732a00000| PB 0x0000000732a00000| Untracked 
| 406|0x0000000732c00000, 0x0000000732c00000, 0x0000000732e00000|  0%| F|  |TAMS 0x0000000732c00000| PB 0x0000000732c00000| Untracked 
| 407|0x0000000732e00000, 0x0000000733000000, 0x0000000733000000|100%| S|CS|TAMS 0x0000000732e00000| PB 0x0000000732e00000| Complete 
| 408|0x0000000733000000, 0x0000000733200000, 0x0000000733200000|100%| O|  |TAMS 0x0000000733000000| PB 0x0000000733000000| Untracked 
| 409|0x0000000733200000, 0x0000000733400000, 0x0000000733400000|100%| O|  |TAMS 0x0000000733200000| PB 0x0000000733200000| Untracked 
| 410|0x0000000733400000, 0x0000000733600000, 0x0000000733600000|100%| S|CS|TAMS 0x0000000733400000| PB 0x0000000733400000| Complete 
| 411|0x0000000733600000, 0x0000000733800000, 0x0000000733800000|100%| O|Cm|TAMS 0x0000000733600000| PB 0x0000000733600000| Complete 
| 412|0x0000000733800000, 0x0000000733a00000, 0x0000000733a00000|100%| S|CS|TAMS 0x0000000733800000| PB 0x0000000733800000| Complete 
| 413|0x0000000733a00000, 0x0000000733c00000, 0x0000000733c00000|100%| O|  |TAMS 0x0000000733a00000| PB 0x0000000733a00000| Untracked 
| 414|0x0000000733c00000, 0x0000000733e00000, 0x0000000733e00000|100%| S|CS|TAMS 0x0000000733c00000| PB 0x0000000733c00000| Complete 
| 415|0x0000000733e00000, 0x0000000734000000, 0x0000000734000000|100%| S|CS|TAMS 0x0000000733e00000| PB 0x0000000733e00000| Complete 
| 416|0x0000000734000000, 0x0000000734200000, 0x0000000734200000|100%| O|  |TAMS 0x0000000734000000| PB 0x0000000734000000| Untracked 
| 417|0x0000000734200000, 0x0000000734400000, 0x0000000734400000|100%| O|Cm|TAMS 0x0000000734200000| PB 0x0000000734200000| Complete 
| 418|0x0000000734400000, 0x0000000734600000, 0x0000000734600000|100%| O|  |TAMS 0x0000000734400000| PB 0x0000000734400000| Untracked 
| 419|0x0000000734600000, 0x0000000734800000, 0x0000000734800000|100%| S|CS|TAMS 0x0000000734600000| PB 0x0000000734600000| Complete 
| 420|0x0000000734800000, 0x0000000734a00000, 0x0000000734a00000|100%| O|Cm|TAMS 0x0000000734800000| PB 0x0000000734800000| Complete 
| 421|0x0000000734a00000, 0x0000000734c00000, 0x0000000734c00000|100%| O|  |TAMS 0x0000000734a00000| PB 0x0000000734a00000| Untracked 
| 422|0x0000000734c00000, 0x0000000734e00000, 0x0000000734e00000|100%| S|CS|TAMS 0x0000000734c00000| PB 0x0000000734c00000| Complete 
| 423|0x0000000734e00000, 0x0000000735000000, 0x0000000735000000|100%| O|  |TAMS 0x0000000734e00000| PB 0x0000000734e00000| Untracked 
| 424|0x0000000735000000, 0x0000000735200000, 0x0000000735200000|100%| O|  |TAMS 0x0000000735000000| PB 0x0000000735000000| Untracked 
| 425|0x0000000735200000, 0x0000000735400000, 0x0000000735400000|100%| O|  |TAMS 0x0000000735200000| PB 0x0000000735200000| Untracked 
| 426|0x0000000735400000, 0x0000000735600000, 0x0000000735600000|100%| O|  |TAMS 0x0000000735400000| PB 0x0000000735400000| Untracked 
| 427|0x0000000735600000, 0x0000000735800000, 0x0000000735800000|100%| O|  |TAMS 0x0000000735600000| PB 0x0000000735600000| Untracked 
| 428|0x0000000735800000, 0x0000000735800000, 0x0000000735a00000|  0%| F|  |TAMS 0x0000000735800000| PB 0x0000000735800000| Untracked 
| 429|0x0000000735a00000, 0x0000000735c00000, 0x0000000735c00000|100%| O|  |TAMS 0x0000000735a00000| PB 0x0000000735a00000| Untracked 
| 430|0x0000000735c00000, 0x0000000735e00000, 0x0000000735e00000|100%| O|Cm|TAMS 0x0000000735c00000| PB 0x0000000735c00000| Complete 
| 431|0x0000000735e00000, 0x0000000735e00000, 0x0000000736000000|  0%| F|  |TAMS 0x0000000735e00000| PB 0x0000000735e00000| Untracked 
| 432|0x0000000736000000, 0x0000000736200000, 0x0000000736200000|100%| O|  |TAMS 0x0000000736000000| PB 0x0000000736000000| Untracked 
| 433|0x0000000736200000, 0x0000000736400000, 0x0000000736400000|100%| O|  |TAMS 0x0000000736200000| PB 0x0000000736200000| Untracked 
| 434|0x0000000736400000, 0x0000000736600000, 0x0000000736600000|100%| O|Cm|TAMS 0x0000000736400000| PB 0x0000000736400000| Complete 
| 435|0x0000000736600000, 0x0000000736600000, 0x0000000736800000|  0%| F|  |TAMS 0x0000000736600000| PB 0x0000000736600000| Untracked 
| 436|0x0000000736800000, 0x0000000736a00000, 0x0000000736a00000|100%| S|CS|TAMS 0x0000000736800000| PB 0x0000000736800000| Complete 
| 437|0x0000000736a00000, 0x0000000736c00000, 0x0000000736c00000|100%| S|CS|TAMS 0x0000000736a00000| PB 0x0000000736a00000| Complete 
| 438|0x0000000736c00000, 0x0000000736e00000, 0x0000000736e00000|100%| S|CS|TAMS 0x0000000736c00000| PB 0x0000000736c00000| Complete 
| 439|0x0000000736e00000, 0x0000000737000000, 0x0000000737000000|100%| S|CS|TAMS 0x0000000736e00000| PB 0x0000000736e00000| Complete 
| 440|0x0000000737000000, 0x0000000737200000, 0x0000000737200000|100%| S|CS|TAMS 0x0000000737000000| PB 0x0000000737000000| Complete 
| 441|0x0000000737200000, 0x0000000737400000, 0x0000000737400000|100%| S|CS|TAMS 0x0000000737200000| PB 0x0000000737200000| Complete 
| 442|0x0000000737400000, 0x0000000737600000, 0x0000000737600000|100%| S|CS|TAMS 0x0000000737400000| PB 0x0000000737400000| Complete 
| 443|0x0000000737600000, 0x0000000737800000, 0x0000000737800000|100%| O|  |TAMS 0x0000000737600000| PB 0x0000000737600000| Untracked 
| 444|0x0000000737800000, 0x0000000737a00000, 0x0000000737a00000|100%| O|  |TAMS 0x0000000737800000| PB 0x0000000737800000| Untracked 
| 445|0x0000000737a00000, 0x0000000737a00000, 0x0000000737c00000|  0%| F|  |TAMS 0x0000000737a00000| PB 0x0000000737a00000| Untracked 
| 446|0x0000000737c00000, 0x0000000737e00000, 0x0000000737e00000|100%| O|  |TAMS 0x0000000737c00000| PB 0x0000000737c00000| Untracked 
| 447|0x0000000737e00000, 0x0000000738000000, 0x0000000738000000|100%| O|  |TAMS 0x0000000737e00000| PB 0x0000000737e00000| Untracked 
| 448|0x0000000738000000, 0x0000000738200000, 0x0000000738200000|100%| O|  |TAMS 0x0000000738000000| PB 0x0000000738000000| Untracked 
| 449|0x0000000738200000, 0x0000000738400000, 0x0000000738400000|100%| O|  |TAMS 0x0000000738200000| PB 0x0000000738200000| Untracked 
| 450|0x0000000738400000, 0x0000000738600000, 0x0000000738600000|100%| O|  |TAMS 0x0000000738400000| PB 0x0000000738400000| Untracked 
| 451|0x0000000738600000, 0x0000000738800000, 0x0000000738800000|100%| O|  |TAMS 0x0000000738600000| PB 0x0000000738600000| Untracked 
| 452|0x0000000738800000, 0x0000000738a00000, 0x0000000738a00000|100%| O|  |TAMS 0x0000000738800000| PB 0x0000000738800000| Untracked 
| 453|0x0000000738a00000, 0x0000000738c00000, 0x0000000738c00000|100%| S|CS|TAMS 0x0000000738a00000| PB 0x0000000738a00000| Complete 
| 454|0x0000000738c00000, 0x0000000738e00000, 0x0000000738e00000|100%| O|Cm|TAMS 0x0000000738c00000| PB 0x0000000738c00000| Complete 
| 455|0x0000000738e00000, 0x0000000739000000, 0x0000000739000000|100%| O|Cm|TAMS 0x0000000738e00000| PB 0x0000000738e00000| Complete 
| 456|0x0000000739000000, 0x0000000739200000, 0x0000000739200000|100%| O|Cm|TAMS 0x0000000739000000| PB 0x0000000739000000| Complete 
| 457|0x0000000739200000, 0x0000000739200000, 0x0000000739400000|  0%| F|  |TAMS 0x0000000739200000| PB 0x0000000739200000| Untracked 
| 458|0x0000000739400000, 0x0000000739600000, 0x0000000739600000|100%| S|CS|TAMS 0x0000000739400000| PB 0x0000000739400000| Complete 
| 459|0x0000000739600000, 0x0000000739800000, 0x0000000739800000|100%| S|CS|TAMS 0x0000000739600000| PB 0x0000000739600000| Complete 
| 460|0x0000000739800000, 0x0000000739a00000, 0x0000000739a00000|100%| S|CS|TAMS 0x0000000739800000| PB 0x0000000739800000| Complete 
| 461|0x0000000739a00000, 0x0000000739c00000, 0x0000000739c00000|100%| S|CS|TAMS 0x0000000739a00000| PB 0x0000000739a00000| Complete 
| 462|0x0000000739c00000, 0x0000000739e00000, 0x0000000739e00000|100%| O|  |TAMS 0x0000000739c00000| PB 0x0000000739c00000| Untracked 
| 463|0x0000000739e00000, 0x000000073a000000, 0x000000073a000000|100%| O|  |TAMS 0x0000000739e00000| PB 0x0000000739e00000| Untracked 
| 464|0x000000073a000000, 0x000000073a200000, 0x000000073a200000|100%| O|  |TAMS 0x000000073a000000| PB 0x000000073a000000| Untracked 
| 465|0x000000073a200000, 0x000000073a400000, 0x000000073a400000|100%| O|  |TAMS 0x000000073a200000| PB 0x000000073a200000| Untracked 
| 466|0x000000073a400000, 0x000000073a600000, 0x000000073a600000|100%| O|  |TAMS 0x000000073a400000| PB 0x000000073a400000| Untracked 
| 467|0x000000073a600000, 0x000000073a600000, 0x000000073a800000|  0%| F|  |TAMS 0x000000073a600000| PB 0x000000073a600000| Untracked 
| 468|0x000000073a800000, 0x000000073aa00000, 0x000000073aa00000|100%| S|CS|TAMS 0x000000073a800000| PB 0x000000073a800000| Complete 
| 469|0x000000073aa00000, 0x000000073ac00000, 0x000000073ac00000|100%| O|  |TAMS 0x000000073aa00000| PB 0x000000073aa00000| Untracked 
| 470|0x000000073ac00000, 0x000000073ae00000, 0x000000073ae00000|100%| S|CS|TAMS 0x000000073ac00000| PB 0x000000073ac00000| Complete 
| 471|0x000000073ae00000, 0x000000073b000000, 0x000000073b000000|100%| O|  |TAMS 0x000000073ae00000| PB 0x000000073ae00000| Untracked 
| 472|0x000000073b000000, 0x000000073b200000, 0x000000073b200000|100%| O|  |TAMS 0x000000073b000000| PB 0x000000073b000000| Untracked 
| 473|0x000000073b200000, 0x000000073b400000, 0x000000073b400000|100%| O|  |TAMS 0x000000073b200000| PB 0x000000073b200000| Untracked 
| 474|0x000000073b400000, 0x000000073b600000, 0x000000073b600000|100%| S|CS|TAMS 0x000000073b400000| PB 0x000000073b400000| Complete 
| 475|0x000000073b600000, 0x000000073b800000, 0x000000073b800000|100%| O|Cm|TAMS 0x000000073b600000| PB 0x000000073b600000| Complete 
| 476|0x000000073b800000, 0x000000073ba00000, 0x000000073ba00000|100%| S|CS|TAMS 0x000000073b800000| PB 0x000000073b800000| Complete 
| 477|0x000000073ba00000, 0x000000073bc00000, 0x000000073bc00000|100%| O|  |TAMS 0x000000073ba00000| PB 0x000000073ba00000| Untracked 
| 478|0x000000073bc00000, 0x000000073be00000, 0x000000073be00000|100%| O|  |TAMS 0x000000073bc00000| PB 0x000000073bc00000| Untracked 
| 479|0x000000073be00000, 0x000000073c000000, 0x000000073c000000|100%| O|  |TAMS 0x000000073be00000| PB 0x000000073be00000| Untracked 
| 480|0x000000073c000000, 0x000000073c200000, 0x000000073c200000|100%| S|CS|TAMS 0x000000073c000000| PB 0x000000073c000000| Complete 
| 481|0x000000073c200000, 0x000000073c400000, 0x000000073c400000|100%| S|CS|TAMS 0x000000073c200000| PB 0x000000073c200000| Complete 
| 482|0x000000073c400000, 0x000000073c600000, 0x000000073c600000|100%| O|  |TAMS 0x000000073c400000| PB 0x000000073c400000| Untracked 
| 483|0x000000073c600000, 0x000000073c800000, 0x000000073c800000|100%| O|  |TAMS 0x000000073c600000| PB 0x000000073c600000| Untracked 
| 484|0x000000073c800000, 0x000000073ca00000, 0x000000073ca00000|100%| O|  |TAMS 0x000000073c800000| PB 0x000000073c800000| Untracked 
| 485|0x000000073ca00000, 0x000000073cc00000, 0x000000073cc00000|100%| O|  |TAMS 0x000000073ca00000| PB 0x000000073ca00000| Untracked 
| 486|0x000000073cc00000, 0x000000073ce00000, 0x000000073ce00000|100%| O|  |TAMS 0x000000073cc00000| PB 0x000000073cc00000| Untracked 
| 487|0x000000073ce00000, 0x000000073d000000, 0x000000073d000000|100%| O|  |TAMS 0x000000073ce00000| PB 0x000000073ce00000| Untracked 
| 488|0x000000073d000000, 0x000000073d200000, 0x000000073d200000|100%| O|  |TAMS 0x000000073d000000| PB 0x000000073d000000| Untracked 
| 489|0x000000073d200000, 0x000000073d400000, 0x000000073d400000|100%| O|  |TAMS 0x000000073d200000| PB 0x000000073d200000| Untracked 
| 490|0x000000073d400000, 0x000000073d600000, 0x000000073d600000|100%| O|  |TAMS 0x000000073d400000| PB 0x000000073d400000| Untracked 
| 491|0x000000073d600000, 0x000000073d800000, 0x000000073d800000|100%| O|  |TAMS 0x000000073d600000| PB 0x000000073d600000| Untracked 
| 492|0x000000073d800000, 0x000000073d800000, 0x000000073da00000|  0%| F|  |TAMS 0x000000073d800000| PB 0x000000073d800000| Untracked 
| 493|0x000000073da00000, 0x000000073dc00000, 0x000000073dc00000|100%| O|  |TAMS 0x000000073da00000| PB 0x000000073da00000| Untracked 
| 494|0x000000073dc00000, 0x000000073de00000, 0x000000073de00000|100%| O|  |TAMS 0x000000073dc00000| PB 0x000000073dc00000| Untracked 
| 495|0x000000073de00000, 0x000000073e000000, 0x000000073e000000|100%| S|CS|TAMS 0x000000073de00000| PB 0x000000073de00000| Complete 
| 496|0x000000073e000000, 0x000000073e200000, 0x000000073e200000|100%| O|  |TAMS 0x000000073e000000| PB 0x000000073e000000| Untracked 
| 497|0x000000073e200000, 0x000000073e400000, 0x000000073e400000|100%| S|CS|TAMS 0x000000073e200000| PB 0x000000073e200000| Complete 
| 498|0x000000073e400000, 0x000000073e600000, 0x000000073e600000|100%| O|  |TAMS 0x000000073e400000| PB 0x000000073e400000| Untracked 
| 499|0x000000073e600000, 0x000000073e800000, 0x000000073e800000|100%| O|  |TAMS 0x000000073e600000| PB 0x000000073e600000| Untracked 
| 500|0x000000073e800000, 0x000000073ea00000, 0x000000073ea00000|100%| S|CS|TAMS 0x000000073e800000| PB 0x000000073e800000| Complete 
| 501|0x000000073ea00000, 0x000000073ec00000, 0x000000073ec00000|100%| O|  |TAMS 0x000000073ea00000| PB 0x000000073ea00000| Untracked 
| 502|0x000000073ec00000, 0x000000073ee00000, 0x000000073ee00000|100%| O|  |TAMS 0x000000073ec00000| PB 0x000000073ec00000| Untracked 
| 503|0x000000073ee00000, 0x000000073f000000, 0x000000073f000000|100%| O|  |TAMS 0x000000073ee00000| PB 0x000000073ee00000| Untracked 
| 504|0x000000073f000000, 0x000000073f200000, 0x000000073f200000|100%| O|  |TAMS 0x000000073f000000| PB 0x000000073f000000| Untracked 
| 505|0x000000073f200000, 0x000000073f400000, 0x000000073f400000|100%| O|Cm|TAMS 0x000000073f200000| PB 0x000000073f200000| Complete 
| 506|0x000000073f400000, 0x000000073f600000, 0x000000073f600000|100%| O|  |TAMS 0x000000073f400000| PB 0x000000073f400000| Untracked 
| 507|0x000000073f600000, 0x000000073f800000, 0x000000073f800000|100%| O|Cm|TAMS 0x000000073f600000| PB 0x000000073f600000| Complete 
| 508|0x000000073f800000, 0x000000073fa00000, 0x000000073fa00000|100%| O|  |TAMS 0x000000073f800000| PB 0x000000073f800000| Untracked 
| 509|0x000000073fa00000, 0x000000073fc00000, 0x000000073fc00000|100%| S|CS|TAMS 0x000000073fa00000| PB 0x000000073fa00000| Complete 
| 510|0x000000073fc00000, 0x000000073fe00000, 0x000000073fe00000|100%| S|CS|TAMS 0x000000073fc00000| PB 0x000000073fc00000| Complete 
| 511|0x000000073fe00000, 0x0000000740000000, 0x0000000740000000|100%| S|CS|TAMS 0x000000073fe00000| PB 0x000000073fe00000| Complete 
| 512|0x0000000740000000, 0x0000000740200000, 0x0000000740200000|100%| O|  |TAMS 0x0000000740000000| PB 0x0000000740000000| Untracked 
| 513|0x0000000740200000, 0x0000000740400000, 0x0000000740400000|100%| O|Cm|TAMS 0x0000000740200000| PB 0x0000000740200000| Complete 
| 514|0x0000000740400000, 0x0000000740600000, 0x0000000740600000|100%| O|Cm|TAMS 0x0000000740400000| PB 0x0000000740400000| Complete 
| 515|0x0000000740600000, 0x0000000740800000, 0x0000000740800000|100%| O|  |TAMS 0x0000000740600000| PB 0x0000000740600000| Untracked 
| 516|0x0000000740800000, 0x0000000740a00000, 0x0000000740a00000|100%| O|  |TAMS 0x0000000740800000| PB 0x0000000740800000| Untracked 
| 517|0x0000000740a00000, 0x0000000740c00000, 0x0000000740c00000|100%| S|CS|TAMS 0x0000000740a00000| PB 0x0000000740a00000| Complete 
| 518|0x0000000740c00000, 0x0000000740e00000, 0x0000000740e00000|100%| S|CS|TAMS 0x0000000740c00000| PB 0x0000000740c00000| Complete 
| 519|0x0000000740e00000, 0x0000000741000000, 0x0000000741000000|100%| S|CS|TAMS 0x0000000740e00000| PB 0x0000000740e00000| Complete 
| 520|0x0000000741000000, 0x0000000741200000, 0x0000000741200000|100%| O|Cm|TAMS 0x0000000741000000| PB 0x0000000741000000| Complete 
| 521|0x0000000741200000, 0x0000000741400000, 0x0000000741400000|100%| O|  |TAMS 0x0000000741200000| PB 0x0000000741200000| Untracked 
| 522|0x0000000741400000, 0x0000000741400000, 0x0000000741600000|  0%| F|  |TAMS 0x0000000741400000| PB 0x0000000741400000| Untracked 
| 523|0x0000000741600000, 0x0000000741600000, 0x0000000741800000|  0%| F|  |TAMS 0x0000000741600000| PB 0x0000000741600000| Untracked 
| 524|0x0000000741800000, 0x0000000741a00000, 0x0000000741a00000|100%| O|  |TAMS 0x0000000741800000| PB 0x0000000741800000| Untracked 
| 525|0x0000000741a00000, 0x0000000741c00000, 0x0000000741c00000|100%| O|Cm|TAMS 0x0000000741a00000| PB 0x0000000741a00000| Complete 
| 526|0x0000000741c00000, 0x0000000741c00000, 0x0000000741e00000|  0%| F|  |TAMS 0x0000000741c00000| PB 0x0000000741c00000| Untracked 
| 527|0x0000000741e00000, 0x0000000742000000, 0x0000000742000000|100%| O|Cm|TAMS 0x0000000741e00000| PB 0x0000000741e00000| Complete 
| 528|0x0000000742000000, 0x0000000742200000, 0x0000000742200000|100%| O|Cm|TAMS 0x0000000742000000| PB 0x0000000742000000| Complete 
| 529|0x0000000742200000, 0x0000000742200000, 0x0000000742400000|  0%| F|  |TAMS 0x0000000742200000| PB 0x0000000742200000| Untracked 
| 530|0x0000000742400000, 0x0000000742600000, 0x0000000742600000|100%| O|  |TAMS 0x0000000742400000| PB 0x0000000742400000| Untracked 
| 531|0x0000000742600000, 0x0000000742800000, 0x0000000742800000|100%| O|Cm|TAMS 0x0000000742600000| PB 0x0000000742600000| Complete 
| 532|0x0000000742800000, 0x0000000742a00000, 0x0000000742a00000|100%| S|CS|TAMS 0x0000000742800000| PB 0x0000000742800000| Complete 
| 533|0x0000000742a00000, 0x0000000742c00000, 0x0000000742c00000|100%| S|CS|TAMS 0x0000000742a00000| PB 0x0000000742a00000| Complete 
| 534|0x0000000742c00000, 0x0000000742e00000, 0x0000000742e00000|100%| S|CS|TAMS 0x0000000742c00000| PB 0x0000000742c00000| Complete 
| 535|0x0000000742e00000, 0x0000000743000000, 0x0000000743000000|100%| S|CS|TAMS 0x0000000742e00000| PB 0x0000000742e00000| Complete 
| 536|0x0000000743000000, 0x0000000743200000, 0x0000000743200000|100%| S|CS|TAMS 0x0000000743000000| PB 0x0000000743000000| Complete 
| 537|0x0000000743200000, 0x0000000743400000, 0x0000000743400000|100%| S|CS|TAMS 0x0000000743200000| PB 0x0000000743200000| Complete 
| 538|0x0000000743400000, 0x0000000743400000, 0x0000000743600000|  0%| F|  |TAMS 0x0000000743400000| PB 0x0000000743400000| Untracked 
| 539|0x0000000743600000, 0x0000000743600000, 0x0000000743800000|  0%| F|  |TAMS 0x0000000743600000| PB 0x0000000743600000| Untracked 
| 540|0x0000000743800000, 0x0000000743800000, 0x0000000743a00000|  0%| F|  |TAMS 0x0000000743800000| PB 0x0000000743800000| Untracked 
| 541|0x0000000743a00000, 0x0000000743a00000, 0x0000000743c00000|  0%| F|  |TAMS 0x0000000743a00000| PB 0x0000000743a00000| Untracked 
| 542|0x0000000743c00000, 0x0000000743c00000, 0x0000000743e00000|  0%| F|  |TAMS 0x0000000743c00000| PB 0x0000000743c00000| Untracked 
| 543|0x0000000743e00000, 0x0000000743e00000, 0x0000000744000000|  0%| F|  |TAMS 0x0000000743e00000| PB 0x0000000743e00000| Untracked 
| 544|0x0000000744000000, 0x0000000744000000, 0x0000000744200000|  0%| F|  |TAMS 0x0000000744000000| PB 0x0000000744000000| Untracked 
| 545|0x0000000744200000, 0x0000000744200000, 0x0000000744400000|  0%| F|  |TAMS 0x0000000744200000| PB 0x0000000744200000| Untracked 
| 546|0x0000000744400000, 0x0000000744400000, 0x0000000744600000|  0%| F|  |TAMS 0x0000000744400000| PB 0x0000000744400000| Untracked 
| 547|0x0000000744600000, 0x0000000744600000, 0x0000000744800000|  0%| F|  |TAMS 0x0000000744600000| PB 0x0000000744600000| Untracked 
| 548|0x0000000744800000, 0x0000000744800000, 0x0000000744a00000|  0%| F|  |TAMS 0x0000000744800000| PB 0x0000000744800000| Untracked 
| 549|0x0000000744a00000, 0x0000000744a00000, 0x0000000744c00000|  0%| F|  |TAMS 0x0000000744a00000| PB 0x0000000744a00000| Untracked 
| 550|0x0000000744c00000, 0x0000000744c00000, 0x0000000744e00000|  0%| F|  |TAMS 0x0000000744c00000| PB 0x0000000744c00000| Untracked 
| 551|0x0000000744e00000, 0x0000000744e00000, 0x0000000745000000|  0%| F|  |TAMS 0x0000000744e00000| PB 0x0000000744e00000| Untracked 
| 552|0x0000000745000000, 0x0000000745000000, 0x0000000745200000|  0%| F|  |TAMS 0x0000000745000000| PB 0x0000000745000000| Untracked 
| 553|0x0000000745200000, 0x0000000745200000, 0x0000000745400000|  0%| F|  |TAMS 0x0000000745200000| PB 0x0000000745200000| Untracked 
| 554|0x0000000745400000, 0x0000000745400000, 0x0000000745600000|  0%| F|  |TAMS 0x0000000745400000| PB 0x0000000745400000| Untracked 
| 555|0x0000000745600000, 0x0000000745600000, 0x0000000745800000|  0%| F|  |TAMS 0x0000000745600000| PB 0x0000000745600000| Untracked 
| 556|0x0000000745800000, 0x0000000745800000, 0x0000000745a00000|  0%| F|  |TAMS 0x0000000745800000| PB 0x0000000745800000| Untracked 
| 557|0x0000000745a00000, 0x0000000745a00000, 0x0000000745c00000|  0%| F|  |TAMS 0x0000000745a00000| PB 0x0000000745a00000| Untracked 
| 558|0x0000000745c00000, 0x0000000745c00000, 0x0000000745e00000|  0%| F|  |TAMS 0x0000000745c00000| PB 0x0000000745c00000| Untracked 
| 559|0x0000000745e00000, 0x0000000745e00000, 0x0000000746000000|  0%| F|  |TAMS 0x0000000745e00000| PB 0x0000000745e00000| Untracked 
| 560|0x0000000746000000, 0x0000000746000000, 0x0000000746200000|  0%| F|  |TAMS 0x0000000746000000| PB 0x0000000746000000| Untracked 
| 561|0x0000000746200000, 0x0000000746200000, 0x0000000746400000|  0%| F|  |TAMS 0x0000000746200000| PB 0x0000000746200000| Untracked 
| 562|0x0000000746400000, 0x0000000746400000, 0x0000000746600000|  0%| F|  |TAMS 0x0000000746400000| PB 0x0000000746400000| Untracked 
| 563|0x0000000746600000, 0x0000000746600000, 0x0000000746800000|  0%| F|  |TAMS 0x0000000746600000| PB 0x0000000746600000| Untracked 
| 564|0x0000000746800000, 0x0000000746800000, 0x0000000746a00000|  0%| F|  |TAMS 0x0000000746800000| PB 0x0000000746800000| Untracked 
| 565|0x0000000746a00000, 0x0000000746a00000, 0x0000000746c00000|  0%| F|  |TAMS 0x0000000746a00000| PB 0x0000000746a00000| Untracked 
| 566|0x0000000746c00000, 0x0000000746e00000, 0x0000000746e00000|100%| S|CS|TAMS 0x0000000746c00000| PB 0x0000000746c00000| Complete 
| 567|0x0000000746e00000, 0x0000000747000000, 0x0000000747000000|100%| S|CS|TAMS 0x0000000746e00000| PB 0x0000000746e00000| Complete 
| 568|0x0000000747000000, 0x0000000747000000, 0x0000000747200000|  0%| F|  |TAMS 0x0000000747000000| PB 0x0000000747000000| Untracked 
| 569|0x0000000747200000, 0x0000000747200000, 0x0000000747400000|  0%| F|  |TAMS 0x0000000747200000| PB 0x0000000747200000| Untracked 
| 570|0x0000000747400000, 0x0000000747400000, 0x0000000747600000|  0%| F|  |TAMS 0x0000000747400000| PB 0x0000000747400000| Untracked 
| 571|0x0000000747600000, 0x0000000747600000, 0x0000000747800000|  0%| F|  |TAMS 0x0000000747600000| PB 0x0000000747600000| Untracked 
| 572|0x0000000747800000, 0x0000000747800000, 0x0000000747a00000|  0%| F|  |TAMS 0x0000000747800000| PB 0x0000000747800000| Untracked 
| 573|0x0000000747a00000, 0x0000000747a00000, 0x0000000747c00000|  0%| F|  |TAMS 0x0000000747a00000| PB 0x0000000747a00000| Untracked 
| 574|0x0000000747c00000, 0x0000000747c00000, 0x0000000747e00000|  0%| F|  |TAMS 0x0000000747c00000| PB 0x0000000747c00000| Untracked 
| 575|0x0000000747e00000, 0x0000000747e00000, 0x0000000748000000|  0%| F|  |TAMS 0x0000000747e00000| PB 0x0000000747e00000| Untracked 
| 576|0x0000000748000000, 0x0000000748000000, 0x0000000748200000|  0%| F|  |TAMS 0x0000000748000000| PB 0x0000000748000000| Untracked 
| 577|0x0000000748200000, 0x0000000748200000, 0x0000000748400000|  0%| F|  |TAMS 0x0000000748200000| PB 0x0000000748200000| Untracked 
| 578|0x0000000748400000, 0x0000000748400000, 0x0000000748600000|  0%| F|  |TAMS 0x0000000748400000| PB 0x0000000748400000| Untracked 
| 579|0x0000000748600000, 0x0000000748800000, 0x0000000748800000|100%| O|Cm|TAMS 0x0000000748600000| PB 0x0000000748600000| Complete 
| 580|0x0000000748800000, 0x0000000748a00000, 0x0000000748a00000|100%| O|  |TAMS 0x0000000748800000| PB 0x0000000748800000| Untracked 
| 581|0x0000000748a00000, 0x0000000748c00000, 0x0000000748c00000|100%| O|  |TAMS 0x0000000748a00000| PB 0x0000000748a00000| Untracked 
| 582|0x0000000748c00000, 0x0000000748e00000, 0x0000000748e00000|100%| O|  |TAMS 0x0000000748c00000| PB 0x0000000748c00000| Untracked 
| 583|0x0000000748e00000, 0x0000000749000000, 0x0000000749000000|100%| O|  |TAMS 0x0000000748e00000| PB 0x0000000748e00000| Untracked 
| 584|0x0000000749000000, 0x0000000749200000, 0x0000000749200000|100%| O|  |TAMS 0x0000000749000000| PB 0x0000000749000000| Untracked 
| 585|0x0000000749200000, 0x0000000749400000, 0x0000000749400000|100%| O|  |TAMS 0x0000000749200000| PB 0x0000000749200000| Untracked 
| 586|0x0000000749400000, 0x0000000749600000, 0x0000000749600000|100%| O|Cm|TAMS 0x0000000749400000| PB 0x0000000749400000| Complete 
| 587|0x0000000749600000, 0x0000000749800000, 0x0000000749800000|100%| O|  |TAMS 0x0000000749600000| PB 0x0000000749600000| Untracked 
| 588|0x0000000749800000, 0x0000000749800000, 0x0000000749a00000|  0%| F|  |TAMS 0x0000000749800000| PB 0x0000000749800000| Untracked 
| 589|0x0000000749a00000, 0x0000000749a00000, 0x0000000749c00000|  0%| F|  |TAMS 0x0000000749a00000| PB 0x0000000749a00000| Untracked 
| 590|0x0000000749c00000, 0x0000000749c00000, 0x0000000749e00000|  0%| F|  |TAMS 0x0000000749c00000| PB 0x0000000749c00000| Untracked 
| 591|0x0000000749e00000, 0x0000000749e00000, 0x000000074a000000|  0%| F|  |TAMS 0x0000000749e00000| PB 0x0000000749e00000| Untracked 
| 592|0x000000074a000000, 0x000000074a000000, 0x000000074a200000|  0%| F|  |TAMS 0x000000074a000000| PB 0x000000074a000000| Untracked 
| 593|0x000000074a200000, 0x000000074a200000, 0x000000074a400000|  0%| F|  |TAMS 0x000000074a200000| PB 0x000000074a200000| Untracked 
| 594|0x000000074a400000, 0x000000074a400000, 0x000000074a600000|  0%| F|  |TAMS 0x000000074a400000| PB 0x000000074a400000| Untracked 
| 595|0x000000074a600000, 0x000000074a600000, 0x000000074a800000|  0%| F|  |TAMS 0x000000074a600000| PB 0x000000074a600000| Untracked 
| 596|0x000000074a800000, 0x000000074a800000, 0x000000074aa00000|  0%| F|  |TAMS 0x000000074a800000| PB 0x000000074a800000| Untracked 
| 597|0x000000074aa00000, 0x000000074aa00000, 0x000000074ac00000|  0%| F|  |TAMS 0x000000074aa00000| PB 0x000000074aa00000| Untracked 
| 598|0x000000074ac00000, 0x000000074ac00000, 0x000000074ae00000|  0%| F|  |TAMS 0x000000074ac00000| PB 0x000000074ac00000| Untracked 
| 599|0x000000074ae00000, 0x000000074ae00000, 0x000000074b000000|  0%| F|  |TAMS 0x000000074ae00000| PB 0x000000074ae00000| Untracked 
| 600|0x000000074b000000, 0x000000074b000000, 0x000000074b200000|  0%| F|  |TAMS 0x000000074b000000| PB 0x000000074b000000| Untracked 
| 601|0x000000074b200000, 0x000000074b200000, 0x000000074b400000|  0%| F|  |TAMS 0x000000074b200000| PB 0x000000074b200000| Untracked 
| 602|0x000000074b400000, 0x000000074b400000, 0x000000074b600000|  0%| F|  |TAMS 0x000000074b400000| PB 0x000000074b400000| Untracked 
| 603|0x000000074b600000, 0x000000074b600000, 0x000000074b800000|  0%| F|  |TAMS 0x000000074b600000| PB 0x000000074b600000| Untracked 
| 604|0x000000074b800000, 0x000000074b800000, 0x000000074ba00000|  0%| F|  |TAMS 0x000000074b800000| PB 0x000000074b800000| Untracked 
| 605|0x000000074ba00000, 0x000000074ba00000, 0x000000074bc00000|  0%| F|  |TAMS 0x000000074ba00000| PB 0x000000074ba00000| Untracked 
| 606|0x000000074bc00000, 0x000000074bc00000, 0x000000074be00000|  0%| F|  |TAMS 0x000000074bc00000| PB 0x000000074bc00000| Untracked 
| 607|0x000000074be00000, 0x000000074be00000, 0x000000074c000000|  0%| F|  |TAMS 0x000000074be00000| PB 0x000000074be00000| Untracked 
| 608|0x000000074c000000, 0x000000074c000000, 0x000000074c200000|  0%| F|  |TAMS 0x000000074c000000| PB 0x000000074c000000| Untracked 
| 609|0x000000074c200000, 0x000000074c200000, 0x000000074c400000|  0%| F|  |TAMS 0x000000074c200000| PB 0x000000074c200000| Untracked 
| 610|0x000000074c400000, 0x000000074c400000, 0x000000074c600000|  0%| F|  |TAMS 0x000000074c400000| PB 0x000000074c400000| Untracked 
| 611|0x000000074c600000, 0x000000074c600000, 0x000000074c800000|  0%| F|  |TAMS 0x000000074c600000| PB 0x000000074c600000| Untracked 
| 612|0x000000074c800000, 0x000000074c800000, 0x000000074ca00000|  0%| F|  |TAMS 0x000000074c800000| PB 0x000000074c800000| Untracked 
| 613|0x000000074ca00000, 0x000000074ca00000, 0x000000074cc00000|  0%| F|  |TAMS 0x000000074ca00000| PB 0x000000074ca00000| Untracked 
| 614|0x000000074cc00000, 0x000000074cc00000, 0x000000074ce00000|  0%| F|  |TAMS 0x000000074cc00000| PB 0x000000074cc00000| Untracked 
| 615|0x000000074ce00000, 0x000000074ce00000, 0x000000074d000000|  0%| F|  |TAMS 0x000000074ce00000| PB 0x000000074ce00000| Untracked 
| 616|0x000000074d000000, 0x000000074d000000, 0x000000074d200000|  0%| F|  |TAMS 0x000000074d000000| PB 0x000000074d000000| Untracked 
| 617|0x000000074d200000, 0x000000074d200000, 0x000000074d400000|  0%| F|  |TAMS 0x000000074d200000| PB 0x000000074d200000| Untracked 
| 618|0x000000074d400000, 0x000000074d400000, 0x000000074d600000|  0%| F|  |TAMS 0x000000074d400000| PB 0x000000074d400000| Untracked 
| 619|0x000000074d600000, 0x000000074d600000, 0x000000074d800000|  0%| F|  |TAMS 0x000000074d600000| PB 0x000000074d600000| Untracked 
| 620|0x000000074d800000, 0x000000074d800000, 0x000000074da00000|  0%| F|  |TAMS 0x000000074d800000| PB 0x000000074d800000| Untracked 
| 621|0x000000074da00000, 0x000000074da00000, 0x000000074dc00000|  0%| F|  |TAMS 0x000000074da00000| PB 0x000000074da00000| Untracked 
| 622|0x000000074dc00000, 0x000000074dc00000, 0x000000074de00000|  0%| F|  |TAMS 0x000000074dc00000| PB 0x000000074dc00000| Untracked 
| 623|0x000000074de00000, 0x000000074de00000, 0x000000074e000000|  0%| F|  |TAMS 0x000000074de00000| PB 0x000000074de00000| Untracked 
| 624|0x000000074e000000, 0x000000074e000000, 0x000000074e200000|  0%| F|  |TAMS 0x000000074e000000| PB 0x000000074e000000| Untracked 
| 625|0x000000074e200000, 0x000000074e200000, 0x000000074e400000|  0%| F|  |TAMS 0x000000074e200000| PB 0x000000074e200000| Untracked 
| 626|0x000000074e400000, 0x000000074e400000, 0x000000074e600000|  0%| F|  |TAMS 0x000000074e400000| PB 0x000000074e400000| Untracked 
| 627|0x000000074e600000, 0x000000074e600000, 0x000000074e800000|  0%| F|  |TAMS 0x000000074e600000| PB 0x000000074e600000| Untracked 
| 628|0x000000074e800000, 0x000000074e800000, 0x000000074ea00000|  0%| F|  |TAMS 0x000000074e800000| PB 0x000000074e800000| Untracked 
| 629|0x000000074ea00000, 0x000000074ea00000, 0x000000074ec00000|  0%| F|  |TAMS 0x000000074ea00000| PB 0x000000074ea00000| Untracked 
| 630|0x000000074ec00000, 0x000000074ec00000, 0x000000074ee00000|  0%| F|  |TAMS 0x000000074ec00000| PB 0x000000074ec00000| Untracked 
| 631|0x000000074ee00000, 0x000000074ee00000, 0x000000074f000000|  0%| F|  |TAMS 0x000000074ee00000| PB 0x000000074ee00000| Untracked 
| 632|0x000000074f000000, 0x000000074f000000, 0x000000074f200000|  0%| F|  |TAMS 0x000000074f000000| PB 0x000000074f000000| Untracked 
| 633|0x000000074f200000, 0x000000074f200000, 0x000000074f400000|  0%| F|  |TAMS 0x000000074f200000| PB 0x000000074f200000| Untracked 
| 634|0x000000074f400000, 0x000000074f400000, 0x000000074f600000|  0%| F|  |TAMS 0x000000074f400000| PB 0x000000074f400000| Untracked 
| 635|0x000000074f600000, 0x000000074f600000, 0x000000074f800000|  0%| F|  |TAMS 0x000000074f600000| PB 0x000000074f600000| Untracked 
| 636|0x000000074f800000, 0x000000074f800000, 0x000000074fa00000|  0%| F|  |TAMS 0x000000074f800000| PB 0x000000074f800000| Untracked 
| 637|0x000000074fa00000, 0x000000074fa00000, 0x000000074fc00000|  0%| F|  |TAMS 0x000000074fa00000| PB 0x000000074fa00000| Untracked 
| 638|0x000000074fc00000, 0x000000074fc00000, 0x000000074fe00000|  0%| F|  |TAMS 0x000000074fc00000| PB 0x000000074fc00000| Untracked 
| 639|0x000000074fe00000, 0x000000074fe00000, 0x0000000750000000|  0%| F|  |TAMS 0x000000074fe00000| PB 0x000000074fe00000| Untracked 
| 640|0x0000000750000000, 0x0000000750000000, 0x0000000750200000|  0%| F|  |TAMS 0x0000000750000000| PB 0x0000000750000000| Untracked 
| 641|0x0000000750200000, 0x0000000750200000, 0x0000000750400000|  0%| F|  |TAMS 0x0000000750200000| PB 0x0000000750200000| Untracked 
| 642|0x0000000750400000, 0x0000000750400000, 0x0000000750600000|  0%| F|  |TAMS 0x0000000750400000| PB 0x0000000750400000| Untracked 
| 643|0x0000000750600000, 0x0000000750600000, 0x0000000750800000|  0%| F|  |TAMS 0x0000000750600000| PB 0x0000000750600000| Untracked 
| 644|0x0000000750800000, 0x0000000750800000, 0x0000000750a00000|  0%| F|  |TAMS 0x0000000750800000| PB 0x0000000750800000| Untracked 
| 645|0x0000000750a00000, 0x0000000750a00000, 0x0000000750c00000|  0%| F|  |TAMS 0x0000000750a00000| PB 0x0000000750a00000| Untracked 
| 646|0x0000000750c00000, 0x0000000750c00000, 0x0000000750e00000|  0%| F|  |TAMS 0x0000000750c00000| PB 0x0000000750c00000| Untracked 
| 647|0x0000000750e00000, 0x0000000750e00000, 0x0000000751000000|  0%| F|  |TAMS 0x0000000750e00000| PB 0x0000000750e00000| Untracked 
| 648|0x0000000751000000, 0x0000000751000000, 0x0000000751200000|  0%| F|  |TAMS 0x0000000751000000| PB 0x0000000751000000| Untracked 
| 649|0x0000000751200000, 0x0000000751200000, 0x0000000751400000|  0%| F|  |TAMS 0x0000000751200000| PB 0x0000000751200000| Untracked 
| 650|0x0000000751400000, 0x0000000751400000, 0x0000000751600000|  0%| F|  |TAMS 0x0000000751400000| PB 0x0000000751400000| Untracked 
| 651|0x0000000751600000, 0x0000000751600000, 0x0000000751800000|  0%| F|  |TAMS 0x0000000751600000| PB 0x0000000751600000| Untracked 
| 652|0x0000000751800000, 0x0000000751800000, 0x0000000751a00000|  0%| F|  |TAMS 0x0000000751800000| PB 0x0000000751800000| Untracked 
| 653|0x0000000751a00000, 0x0000000751a00000, 0x0000000751c00000|  0%| F|  |TAMS 0x0000000751a00000| PB 0x0000000751a00000| Untracked 
| 654|0x0000000751c00000, 0x0000000751c00000, 0x0000000751e00000|  0%| F|  |TAMS 0x0000000751c00000| PB 0x0000000751c00000| Untracked 
| 655|0x0000000751e00000, 0x0000000751e00000, 0x0000000752000000|  0%| F|  |TAMS 0x0000000751e00000| PB 0x0000000751e00000| Untracked 
| 656|0x0000000752000000, 0x0000000752000000, 0x0000000752200000|  0%| F|  |TAMS 0x0000000752000000| PB 0x0000000752000000| Untracked 
| 657|0x0000000752200000, 0x0000000752200000, 0x0000000752400000|  0%| F|  |TAMS 0x0000000752200000| PB 0x0000000752200000| Untracked 
| 658|0x0000000752400000, 0x0000000752400000, 0x0000000752600000|  0%| F|  |TAMS 0x0000000752400000| PB 0x0000000752400000| Untracked 
| 659|0x0000000752600000, 0x0000000752600000, 0x0000000752800000|  0%| F|  |TAMS 0x0000000752600000| PB 0x0000000752600000| Untracked 
| 660|0x0000000752800000, 0x0000000752800000, 0x0000000752a00000|  0%| F|  |TAMS 0x0000000752800000| PB 0x0000000752800000| Untracked 
| 661|0x0000000752a00000, 0x0000000752a00000, 0x0000000752c00000|  0%| F|  |TAMS 0x0000000752a00000| PB 0x0000000752a00000| Untracked 
| 662|0x0000000752c00000, 0x0000000752c00000, 0x0000000752e00000|  0%| F|  |TAMS 0x0000000752c00000| PB 0x0000000752c00000| Untracked 
| 663|0x0000000752e00000, 0x0000000752e00000, 0x0000000753000000|  0%| F|  |TAMS 0x0000000752e00000| PB 0x0000000752e00000| Untracked 
| 664|0x0000000753000000, 0x0000000753000000, 0x0000000753200000|  0%| F|  |TAMS 0x0000000753000000| PB 0x0000000753000000| Untracked 
| 665|0x0000000753200000, 0x0000000753200000, 0x0000000753400000|  0%| F|  |TAMS 0x0000000753200000| PB 0x0000000753200000| Untracked 
| 666|0x0000000753400000, 0x0000000753400000, 0x0000000753600000|  0%| F|  |TAMS 0x0000000753400000| PB 0x0000000753400000| Untracked 
| 667|0x0000000753600000, 0x0000000753600000, 0x0000000753800000|  0%| F|  |TAMS 0x0000000753600000| PB 0x0000000753600000| Untracked 
| 668|0x0000000753800000, 0x0000000753800000, 0x0000000753a00000|  0%| F|  |TAMS 0x0000000753800000| PB 0x0000000753800000| Untracked 
| 669|0x0000000753a00000, 0x0000000753a00000, 0x0000000753c00000|  0%| F|  |TAMS 0x0000000753a00000| PB 0x0000000753a00000| Untracked 
| 670|0x0000000753c00000, 0x0000000753c00000, 0x0000000753e00000|  0%| F|  |TAMS 0x0000000753c00000| PB 0x0000000753c00000| Untracked 
| 671|0x0000000753e00000, 0x0000000753e00000, 0x0000000754000000|  0%| F|  |TAMS 0x0000000753e00000| PB 0x0000000753e00000| Untracked 
| 672|0x0000000754000000, 0x0000000754000000, 0x0000000754200000|  0%| F|  |TAMS 0x0000000754000000| PB 0x0000000754000000| Untracked 
| 673|0x0000000754200000, 0x0000000754200000, 0x0000000754400000|  0%| F|  |TAMS 0x0000000754200000| PB 0x0000000754200000| Untracked 
| 674|0x0000000754400000, 0x0000000754400000, 0x0000000754600000|  0%| F|  |TAMS 0x0000000754400000| PB 0x0000000754400000| Untracked 
| 675|0x0000000754600000, 0x0000000754600000, 0x0000000754800000|  0%| F|  |TAMS 0x0000000754600000| PB 0x0000000754600000| Untracked 
| 676|0x0000000754800000, 0x0000000754800000, 0x0000000754a00000|  0%| F|  |TAMS 0x0000000754800000| PB 0x0000000754800000| Untracked 
| 677|0x0000000754a00000, 0x0000000754a00000, 0x0000000754c00000|  0%| F|  |TAMS 0x0000000754a00000| PB 0x0000000754a00000| Untracked 
| 678|0x0000000754c00000, 0x0000000754c00000, 0x0000000754e00000|  0%| F|  |TAMS 0x0000000754c00000| PB 0x0000000754c00000| Untracked 
| 679|0x0000000754e00000, 0x0000000754e00000, 0x0000000755000000|  0%| F|  |TAMS 0x0000000754e00000| PB 0x0000000754e00000| Untracked 
| 680|0x0000000755000000, 0x0000000755000000, 0x0000000755200000|  0%| F|  |TAMS 0x0000000755000000| PB 0x0000000755000000| Untracked 
| 681|0x0000000755200000, 0x0000000755200000, 0x0000000755400000|  0%| F|  |TAMS 0x0000000755200000| PB 0x0000000755200000| Untracked 
| 682|0x0000000755400000, 0x0000000755400000, 0x0000000755600000|  0%| F|  |TAMS 0x0000000755400000| PB 0x0000000755400000| Untracked 
| 683|0x0000000755600000, 0x0000000755600000, 0x0000000755800000|  0%| F|  |TAMS 0x0000000755600000| PB 0x0000000755600000| Untracked 
| 684|0x0000000755800000, 0x0000000755800000, 0x0000000755a00000|  0%| F|  |TAMS 0x0000000755800000| PB 0x0000000755800000| Untracked 
| 685|0x0000000755a00000, 0x0000000755a00000, 0x0000000755c00000|  0%| F|  |TAMS 0x0000000755a00000| PB 0x0000000755a00000| Untracked 
| 686|0x0000000755c00000, 0x0000000755c00000, 0x0000000755e00000|  0%| F|  |TAMS 0x0000000755c00000| PB 0x0000000755c00000| Untracked 
| 687|0x0000000755e00000, 0x0000000755e00000, 0x0000000756000000|  0%| F|  |TAMS 0x0000000755e00000| PB 0x0000000755e00000| Untracked 
| 688|0x0000000756000000, 0x0000000756000000, 0x0000000756200000|  0%| F|  |TAMS 0x0000000756000000| PB 0x0000000756000000| Untracked 
| 689|0x0000000756200000, 0x0000000756200000, 0x0000000756400000|  0%| F|  |TAMS 0x0000000756200000| PB 0x0000000756200000| Untracked 
| 690|0x0000000756400000, 0x0000000756400000, 0x0000000756600000|  0%| F|  |TAMS 0x0000000756400000| PB 0x0000000756400000| Untracked 
| 691|0x0000000756600000, 0x0000000756600000, 0x0000000756800000|  0%| F|  |TAMS 0x0000000756600000| PB 0x0000000756600000| Untracked 
| 692|0x0000000756800000, 0x0000000756800000, 0x0000000756a00000|  0%| F|  |TAMS 0x0000000756800000| PB 0x0000000756800000| Untracked 
| 693|0x0000000756a00000, 0x0000000756a00000, 0x0000000756c00000|  0%| F|  |TAMS 0x0000000756a00000| PB 0x0000000756a00000| Untracked 
| 694|0x0000000756c00000, 0x0000000756c00000, 0x0000000756e00000|  0%| F|  |TAMS 0x0000000756c00000| PB 0x0000000756c00000| Untracked 
| 695|0x0000000756e00000, 0x0000000756e00000, 0x0000000757000000|  0%| F|  |TAMS 0x0000000756e00000| PB 0x0000000756e00000| Untracked 
| 696|0x0000000757000000, 0x0000000757000000, 0x0000000757200000|  0%| F|  |TAMS 0x0000000757000000| PB 0x0000000757000000| Untracked 
| 697|0x0000000757200000, 0x0000000757200000, 0x0000000757400000|  0%| F|  |TAMS 0x0000000757200000| PB 0x0000000757200000| Untracked 
| 698|0x0000000757400000, 0x0000000757400000, 0x0000000757600000|  0%| F|  |TAMS 0x0000000757400000| PB 0x0000000757400000| Untracked 
| 699|0x0000000757600000, 0x0000000757600000, 0x0000000757800000|  0%| F|  |TAMS 0x0000000757600000| PB 0x0000000757600000| Untracked 
| 700|0x0000000757800000, 0x0000000757800000, 0x0000000757a00000|  0%| F|  |TAMS 0x0000000757800000| PB 0x0000000757800000| Untracked 
| 701|0x0000000757a00000, 0x0000000757a00000, 0x0000000757c00000|  0%| F|  |TAMS 0x0000000757a00000| PB 0x0000000757a00000| Untracked 
| 702|0x0000000757c00000, 0x0000000757c00000, 0x0000000757e00000|  0%| F|  |TAMS 0x0000000757c00000| PB 0x0000000757c00000| Untracked 
| 703|0x0000000757e00000, 0x0000000757e00000, 0x0000000758000000|  0%| F|  |TAMS 0x0000000757e00000| PB 0x0000000757e00000| Untracked 
| 704|0x0000000758000000, 0x0000000758000000, 0x0000000758200000|  0%| F|  |TAMS 0x0000000758000000| PB 0x0000000758000000| Untracked 
| 705|0x0000000758200000, 0x0000000758200000, 0x0000000758400000|  0%| F|  |TAMS 0x0000000758200000| PB 0x0000000758200000| Untracked 
| 706|0x0000000758400000, 0x0000000758400000, 0x0000000758600000|  0%| F|  |TAMS 0x0000000758400000| PB 0x0000000758400000| Untracked 
| 707|0x0000000758600000, 0x0000000758600000, 0x0000000758800000|  0%| F|  |TAMS 0x0000000758600000| PB 0x0000000758600000| Untracked 
| 708|0x0000000758800000, 0x0000000758800000, 0x0000000758a00000|  0%| F|  |TAMS 0x0000000758800000| PB 0x0000000758800000| Untracked 
| 709|0x0000000758a00000, 0x0000000758a00000, 0x0000000758c00000|  0%| F|  |TAMS 0x0000000758a00000| PB 0x0000000758a00000| Untracked 
| 710|0x0000000758c00000, 0x0000000758c00000, 0x0000000758e00000|  0%| F|  |TAMS 0x0000000758c00000| PB 0x0000000758c00000| Untracked 
| 711|0x0000000758e00000, 0x0000000758e00000, 0x0000000759000000|  0%| F|  |TAMS 0x0000000758e00000| PB 0x0000000758e00000| Untracked 
| 712|0x0000000759000000, 0x0000000759000000, 0x0000000759200000|  0%| F|  |TAMS 0x0000000759000000| PB 0x0000000759000000| Untracked 
| 713|0x0000000759200000, 0x0000000759200000, 0x0000000759400000|  0%| F|  |TAMS 0x0000000759200000| PB 0x0000000759200000| Untracked 
| 714|0x0000000759400000, 0x0000000759400000, 0x0000000759600000|  0%| F|  |TAMS 0x0000000759400000| PB 0x0000000759400000| Untracked 
| 715|0x0000000759600000, 0x0000000759600000, 0x0000000759800000|  0%| F|  |TAMS 0x0000000759600000| PB 0x0000000759600000| Untracked 
| 716|0x0000000759800000, 0x0000000759800000, 0x0000000759a00000|  0%| F|  |TAMS 0x0000000759800000| PB 0x0000000759800000| Untracked 
| 717|0x0000000759a00000, 0x0000000759a00000, 0x0000000759c00000|  0%| F|  |TAMS 0x0000000759a00000| PB 0x0000000759a00000| Untracked 
| 718|0x0000000759c00000, 0x0000000759c00000, 0x0000000759e00000|  0%| F|  |TAMS 0x0000000759c00000| PB 0x0000000759c00000| Untracked 
| 719|0x0000000759e00000, 0x0000000759e00000, 0x000000075a000000|  0%| F|  |TAMS 0x0000000759e00000| PB 0x0000000759e00000| Untracked 
| 720|0x000000075a000000, 0x000000075a000000, 0x000000075a200000|  0%| F|  |TAMS 0x000000075a000000| PB 0x000000075a000000| Untracked 
| 721|0x000000075a200000, 0x000000075a200000, 0x000000075a400000|  0%| F|  |TAMS 0x000000075a200000| PB 0x000000075a200000| Untracked 
| 722|0x000000075a400000, 0x000000075a400000, 0x000000075a600000|  0%| F|  |TAMS 0x000000075a400000| PB 0x000000075a400000| Untracked 
| 723|0x000000075a600000, 0x000000075a600000, 0x000000075a800000|  0%| F|  |TAMS 0x000000075a600000| PB 0x000000075a600000| Untracked 
| 724|0x000000075a800000, 0x000000075a800000, 0x000000075aa00000|  0%| F|  |TAMS 0x000000075a800000| PB 0x000000075a800000| Untracked 
| 725|0x000000075aa00000, 0x000000075aa00000, 0x000000075ac00000|  0%| F|  |TAMS 0x000000075aa00000| PB 0x000000075aa00000| Untracked 
| 726|0x000000075ac00000, 0x000000075ac00000, 0x000000075ae00000|  0%| F|  |TAMS 0x000000075ac00000| PB 0x000000075ac00000| Untracked 
| 727|0x000000075ae00000, 0x000000075ae00000, 0x000000075b000000|  0%| F|  |TAMS 0x000000075ae00000| PB 0x000000075ae00000| Untracked 
| 728|0x000000075b000000, 0x000000075b000000, 0x000000075b200000|  0%| F|  |TAMS 0x000000075b000000| PB 0x000000075b000000| Untracked 
| 729|0x000000075b200000, 0x000000075b200000, 0x000000075b400000|  0%| F|  |TAMS 0x000000075b200000| PB 0x000000075b200000| Untracked 
| 730|0x000000075b400000, 0x000000075b400000, 0x000000075b600000|  0%| F|  |TAMS 0x000000075b400000| PB 0x000000075b400000| Untracked 
| 731|0x000000075b600000, 0x000000075b600000, 0x000000075b800000|  0%| F|  |TAMS 0x000000075b600000| PB 0x000000075b600000| Untracked 
| 732|0x000000075b800000, 0x000000075b800000, 0x000000075ba00000|  0%| F|  |TAMS 0x000000075b800000| PB 0x000000075b800000| Untracked 
| 733|0x000000075ba00000, 0x000000075ba00000, 0x000000075bc00000|  0%| F|  |TAMS 0x000000075ba00000| PB 0x000000075ba00000| Untracked 
| 734|0x000000075bc00000, 0x000000075bc00000, 0x000000075be00000|  0%| F|  |TAMS 0x000000075bc00000| PB 0x000000075bc00000| Untracked 
| 735|0x000000075be00000, 0x000000075be00000, 0x000000075c000000|  0%| F|  |TAMS 0x000000075be00000| PB 0x000000075be00000| Untracked 
| 736|0x000000075c000000, 0x000000075c000000, 0x000000075c200000|  0%| F|  |TAMS 0x000000075c000000| PB 0x000000075c000000| Untracked 
| 737|0x000000075c200000, 0x000000075c200000, 0x000000075c400000|  0%| F|  |TAMS 0x000000075c200000| PB 0x000000075c200000| Untracked 
| 738|0x000000075c400000, 0x000000075c400000, 0x000000075c600000|  0%| F|  |TAMS 0x000000075c400000| PB 0x000000075c400000| Untracked 
| 739|0x000000075c600000, 0x000000075c600000, 0x000000075c800000|  0%| F|  |TAMS 0x000000075c600000| PB 0x000000075c600000| Untracked 
| 740|0x000000075c800000, 0x000000075c800000, 0x000000075ca00000|  0%| F|  |TAMS 0x000000075c800000| PB 0x000000075c800000| Untracked 
| 741|0x000000075ca00000, 0x000000075ca00000, 0x000000075cc00000|  0%| F|  |TAMS 0x000000075ca00000| PB 0x000000075ca00000| Untracked 
| 742|0x000000075cc00000, 0x000000075cc00000, 0x000000075ce00000|  0%| F|  |TAMS 0x000000075cc00000| PB 0x000000075cc00000| Untracked 
| 743|0x000000075ce00000, 0x000000075ce00000, 0x000000075d000000|  0%| F|  |TAMS 0x000000075ce00000| PB 0x000000075ce00000| Untracked 
| 744|0x000000075d000000, 0x000000075d000000, 0x000000075d200000|  0%| F|  |TAMS 0x000000075d000000| PB 0x000000075d000000| Untracked 
| 745|0x000000075d200000, 0x000000075d200000, 0x000000075d400000|  0%| F|  |TAMS 0x000000075d200000| PB 0x000000075d200000| Untracked 
| 746|0x000000075d400000, 0x000000075d400000, 0x000000075d600000|  0%| F|  |TAMS 0x000000075d400000| PB 0x000000075d400000| Untracked 
| 747|0x000000075d600000, 0x000000075d600000, 0x000000075d800000|  0%| F|  |TAMS 0x000000075d600000| PB 0x000000075d600000| Untracked 
| 748|0x000000075d800000, 0x000000075d800000, 0x000000075da00000|  0%| F|  |TAMS 0x000000075d800000| PB 0x000000075d800000| Untracked 
| 749|0x000000075da00000, 0x000000075da00000, 0x000000075dc00000|  0%| F|  |TAMS 0x000000075da00000| PB 0x000000075da00000| Untracked 
| 750|0x000000075dc00000, 0x000000075dc00000, 0x000000075de00000|  0%| F|  |TAMS 0x000000075dc00000| PB 0x000000075dc00000| Untracked 
| 751|0x000000075de00000, 0x000000075de00000, 0x000000075e000000|  0%| F|  |TAMS 0x000000075de00000| PB 0x000000075de00000| Untracked 
| 752|0x000000075e000000, 0x000000075e000000, 0x000000075e200000|  0%| F|  |TAMS 0x000000075e000000| PB 0x000000075e000000| Untracked 
| 753|0x000000075e200000, 0x000000075e200000, 0x000000075e400000|  0%| F|  |TAMS 0x000000075e200000| PB 0x000000075e200000| Untracked 
| 754|0x000000075e400000, 0x000000075e400000, 0x000000075e600000|  0%| F|  |TAMS 0x000000075e400000| PB 0x000000075e400000| Untracked 
| 755|0x000000075e600000, 0x000000075e600000, 0x000000075e800000|  0%| F|  |TAMS 0x000000075e600000| PB 0x000000075e600000| Untracked 
| 756|0x000000075e800000, 0x000000075e800000, 0x000000075ea00000|  0%| F|  |TAMS 0x000000075e800000| PB 0x000000075e800000| Untracked 
| 757|0x000000075ea00000, 0x000000075ea00000, 0x000000075ec00000|  0%| F|  |TAMS 0x000000075ea00000| PB 0x000000075ea00000| Untracked 
| 758|0x000000075ec00000, 0x000000075ec00000, 0x000000075ee00000|  0%| F|  |TAMS 0x000000075ec00000| PB 0x000000075ec00000| Untracked 
| 759|0x000000075ee00000, 0x000000075ee00000, 0x000000075f000000|  0%| F|  |TAMS 0x000000075ee00000| PB 0x000000075ee00000| Untracked 
| 760|0x000000075f000000, 0x000000075f000000, 0x000000075f200000|  0%| F|  |TAMS 0x000000075f000000| PB 0x000000075f000000| Untracked 
| 761|0x000000075f200000, 0x000000075f200000, 0x000000075f400000|  0%| F|  |TAMS 0x000000075f200000| PB 0x000000075f200000| Untracked 
| 762|0x000000075f400000, 0x000000075f400000, 0x000000075f600000|  0%| F|  |TAMS 0x000000075f400000| PB 0x000000075f400000| Untracked 
| 763|0x000000075f600000, 0x000000075f600000, 0x000000075f800000|  0%| F|  |TAMS 0x000000075f600000| PB 0x000000075f600000| Untracked 
| 764|0x000000075f800000, 0x000000075f800000, 0x000000075fa00000|  0%| F|  |TAMS 0x000000075f800000| PB 0x000000075f800000| Untracked 
| 765|0x000000075fa00000, 0x000000075fa00000, 0x000000075fc00000|  0%| F|  |TAMS 0x000000075fa00000| PB 0x000000075fa00000| Untracked 
| 766|0x000000075fc00000, 0x000000075fc00000, 0x000000075fe00000|  0%| F|  |TAMS 0x000000075fc00000| PB 0x000000075fc00000| Untracked 
| 767|0x000000075fe00000, 0x000000075fe00000, 0x0000000760000000|  0%| F|  |TAMS 0x000000075fe00000| PB 0x000000075fe00000| Untracked 
| 768|0x0000000760000000, 0x0000000760000000, 0x0000000760200000|  0%| F|  |TAMS 0x0000000760000000| PB 0x0000000760000000| Untracked 
| 769|0x0000000760200000, 0x0000000760200000, 0x0000000760400000|  0%| F|  |TAMS 0x0000000760200000| PB 0x0000000760200000| Untracked 
| 770|0x0000000760400000, 0x0000000760400000, 0x0000000760600000|  0%| F|  |TAMS 0x0000000760400000| PB 0x0000000760400000| Untracked 
| 771|0x0000000760600000, 0x0000000760600000, 0x0000000760800000|  0%| F|  |TAMS 0x0000000760600000| PB 0x0000000760600000| Untracked 
| 772|0x0000000760800000, 0x0000000760800000, 0x0000000760a00000|  0%| F|  |TAMS 0x0000000760800000| PB 0x0000000760800000| Untracked 
| 773|0x0000000760a00000, 0x0000000760a00000, 0x0000000760c00000|  0%| F|  |TAMS 0x0000000760a00000| PB 0x0000000760a00000| Untracked 
| 774|0x0000000760c00000, 0x0000000760c00000, 0x0000000760e00000|  0%| F|  |TAMS 0x0000000760c00000| PB 0x0000000760c00000| Untracked 
| 775|0x0000000760e00000, 0x0000000760e00000, 0x0000000761000000|  0%| F|  |TAMS 0x0000000760e00000| PB 0x0000000760e00000| Untracked 
| 776|0x0000000761000000, 0x0000000761000000, 0x0000000761200000|  0%| F|  |TAMS 0x0000000761000000| PB 0x0000000761000000| Untracked 
| 777|0x0000000761200000, 0x0000000761200000, 0x0000000761400000|  0%| F|  |TAMS 0x0000000761200000| PB 0x0000000761200000| Untracked 
| 778|0x0000000761400000, 0x0000000761400000, 0x0000000761600000|  0%| F|  |TAMS 0x0000000761400000| PB 0x0000000761400000| Untracked 
| 779|0x0000000761600000, 0x0000000761600000, 0x0000000761800000|  0%| F|  |TAMS 0x0000000761600000| PB 0x0000000761600000| Untracked 
| 780|0x0000000761800000, 0x0000000761800000, 0x0000000761a00000|  0%| F|  |TAMS 0x0000000761800000| PB 0x0000000761800000| Untracked 
| 781|0x0000000761a00000, 0x0000000761a00000, 0x0000000761c00000|  0%| F|  |TAMS 0x0000000761a00000| PB 0x0000000761a00000| Untracked 
| 782|0x0000000761c00000, 0x0000000761c00000, 0x0000000761e00000|  0%| F|  |TAMS 0x0000000761c00000| PB 0x0000000761c00000| Untracked 
| 783|0x0000000761e00000, 0x0000000761e00000, 0x0000000762000000|  0%| F|  |TAMS 0x0000000761e00000| PB 0x0000000761e00000| Untracked 
| 784|0x0000000762000000, 0x0000000762000000, 0x0000000762200000|  0%| F|  |TAMS 0x0000000762000000| PB 0x0000000762000000| Untracked 
| 785|0x0000000762200000, 0x0000000762200000, 0x0000000762400000|  0%| F|  |TAMS 0x0000000762200000| PB 0x0000000762200000| Untracked 
| 786|0x0000000762400000, 0x0000000762400000, 0x0000000762600000|  0%| F|  |TAMS 0x0000000762400000| PB 0x0000000762400000| Untracked 
| 787|0x0000000762600000, 0x0000000762600000, 0x0000000762800000|  0%| F|  |TAMS 0x0000000762600000| PB 0x0000000762600000| Untracked 
| 788|0x0000000762800000, 0x0000000762800000, 0x0000000762a00000|  0%| F|  |TAMS 0x0000000762800000| PB 0x0000000762800000| Untracked 
| 789|0x0000000762a00000, 0x0000000762a00000, 0x0000000762c00000|  0%| F|  |TAMS 0x0000000762a00000| PB 0x0000000762a00000| Untracked 
| 790|0x0000000762c00000, 0x0000000762c00000, 0x0000000762e00000|  0%| F|  |TAMS 0x0000000762c00000| PB 0x0000000762c00000| Untracked 
| 791|0x0000000762e00000, 0x0000000762e00000, 0x0000000763000000|  0%| F|  |TAMS 0x0000000762e00000| PB 0x0000000762e00000| Untracked 
| 792|0x0000000763000000, 0x0000000763000000, 0x0000000763200000|  0%| F|  |TAMS 0x0000000763000000| PB 0x0000000763000000| Untracked 
| 793|0x0000000763200000, 0x0000000763200000, 0x0000000763400000|  0%| F|  |TAMS 0x0000000763200000| PB 0x0000000763200000| Untracked 
| 794|0x0000000763400000, 0x0000000763400000, 0x0000000763600000|  0%| F|  |TAMS 0x0000000763400000| PB 0x0000000763400000| Untracked 
| 795|0x0000000763600000, 0x0000000763600000, 0x0000000763800000|  0%| F|  |TAMS 0x0000000763600000| PB 0x0000000763600000| Untracked 
| 796|0x0000000763800000, 0x0000000763800000, 0x0000000763a00000|  0%| F|  |TAMS 0x0000000763800000| PB 0x0000000763800000| Untracked 
| 797|0x0000000763a00000, 0x0000000763a00000, 0x0000000763c00000|  0%| F|  |TAMS 0x0000000763a00000| PB 0x0000000763a00000| Untracked 
| 798|0x0000000763c00000, 0x0000000763c00000, 0x0000000763e00000|  0%| F|  |TAMS 0x0000000763c00000| PB 0x0000000763c00000| Untracked 
| 799|0x0000000763e00000, 0x0000000763e00000, 0x0000000764000000|  0%| F|  |TAMS 0x0000000763e00000| PB 0x0000000763e00000| Untracked 
| 800|0x0000000764000000, 0x0000000764000000, 0x0000000764200000|  0%| F|  |TAMS 0x0000000764000000| PB 0x0000000764000000| Untracked 
| 801|0x0000000764200000, 0x0000000764200000, 0x0000000764400000|  0%| F|  |TAMS 0x0000000764200000| PB 0x0000000764200000| Untracked 
| 802|0x0000000764400000, 0x0000000764400000, 0x0000000764600000|  0%| F|  |TAMS 0x0000000764400000| PB 0x0000000764400000| Untracked 
| 803|0x0000000764600000, 0x0000000764600000, 0x0000000764800000|  0%| F|  |TAMS 0x0000000764600000| PB 0x0000000764600000| Untracked 
| 804|0x0000000764800000, 0x0000000764800000, 0x0000000764a00000|  0%| F|  |TAMS 0x0000000764800000| PB 0x0000000764800000| Untracked 
| 805|0x0000000764a00000, 0x0000000764a00000, 0x0000000764c00000|  0%| F|  |TAMS 0x0000000764a00000| PB 0x0000000764a00000| Untracked 
| 806|0x0000000764c00000, 0x0000000764c00000, 0x0000000764e00000|  0%| F|  |TAMS 0x0000000764c00000| PB 0x0000000764c00000| Untracked 
| 807|0x0000000764e00000, 0x0000000764e00000, 0x0000000765000000|  0%| F|  |TAMS 0x0000000764e00000| PB 0x0000000764e00000| Untracked 
| 808|0x0000000765000000, 0x0000000765000000, 0x0000000765200000|  0%| F|  |TAMS 0x0000000765000000| PB 0x0000000765000000| Untracked 
| 809|0x0000000765200000, 0x0000000765200000, 0x0000000765400000|  0%| F|  |TAMS 0x0000000765200000| PB 0x0000000765200000| Untracked 
| 810|0x0000000765400000, 0x0000000765400000, 0x0000000765600000|  0%| F|  |TAMS 0x0000000765400000| PB 0x0000000765400000| Untracked 
| 811|0x0000000765600000, 0x0000000765600000, 0x0000000765800000|  0%| F|  |TAMS 0x0000000765600000| PB 0x0000000765600000| Untracked 
| 812|0x0000000765800000, 0x0000000765800000, 0x0000000765a00000|  0%| F|  |TAMS 0x0000000765800000| PB 0x0000000765800000| Untracked 
| 813|0x0000000765a00000, 0x0000000765a00000, 0x0000000765c00000|  0%| F|  |TAMS 0x0000000765a00000| PB 0x0000000765a00000| Untracked 
| 814|0x0000000765c00000, 0x0000000765c00000, 0x0000000765e00000|  0%| F|  |TAMS 0x0000000765c00000| PB 0x0000000765c00000| Untracked 
| 815|0x0000000765e00000, 0x0000000765e00000, 0x0000000766000000|  0%| F|  |TAMS 0x0000000765e00000| PB 0x0000000765e00000| Untracked 
| 816|0x0000000766000000, 0x0000000766000000, 0x0000000766200000|  0%| F|  |TAMS 0x0000000766000000| PB 0x0000000766000000| Untracked 
| 817|0x0000000766200000, 0x0000000766200000, 0x0000000766400000|  0%| F|  |TAMS 0x0000000766200000| PB 0x0000000766200000| Untracked 
| 818|0x0000000766400000, 0x0000000766400000, 0x0000000766600000|  0%| F|  |TAMS 0x0000000766400000| PB 0x0000000766400000| Untracked 
| 819|0x0000000766600000, 0x0000000766600000, 0x0000000766800000|  0%| F|  |TAMS 0x0000000766600000| PB 0x0000000766600000| Untracked 
| 820|0x0000000766800000, 0x0000000766800000, 0x0000000766a00000|  0%| F|  |TAMS 0x0000000766800000| PB 0x0000000766800000| Untracked 
| 821|0x0000000766a00000, 0x0000000766a00000, 0x0000000766c00000|  0%| F|  |TAMS 0x0000000766a00000| PB 0x0000000766a00000| Untracked 
| 822|0x0000000766c00000, 0x0000000766c00000, 0x0000000766e00000|  0%| F|  |TAMS 0x0000000766c00000| PB 0x0000000766c00000| Untracked 
| 823|0x0000000766e00000, 0x0000000766e00000, 0x0000000767000000|  0%| F|  |TAMS 0x0000000766e00000| PB 0x0000000766e00000| Untracked 
| 824|0x0000000767000000, 0x0000000767000000, 0x0000000767200000|  0%| F|  |TAMS 0x0000000767000000| PB 0x0000000767000000| Untracked 
| 825|0x0000000767200000, 0x0000000767200000, 0x0000000767400000|  0%| F|  |TAMS 0x0000000767200000| PB 0x0000000767200000| Untracked 
| 826|0x0000000767400000, 0x0000000767400000, 0x0000000767600000|  0%| F|  |TAMS 0x0000000767400000| PB 0x0000000767400000| Untracked 
| 827|0x0000000767600000, 0x0000000767600000, 0x0000000767800000|  0%| F|  |TAMS 0x0000000767600000| PB 0x0000000767600000| Untracked 
| 828|0x0000000767800000, 0x0000000767800000, 0x0000000767a00000|  0%| F|  |TAMS 0x0000000767800000| PB 0x0000000767800000| Untracked 
| 829|0x0000000767a00000, 0x0000000767a00000, 0x0000000767c00000|  0%| F|  |TAMS 0x0000000767a00000| PB 0x0000000767a00000| Untracked 
| 830|0x0000000767c00000, 0x0000000767c00000, 0x0000000767e00000|  0%| F|  |TAMS 0x0000000767c00000| PB 0x0000000767c00000| Untracked 
| 831|0x0000000767e00000, 0x0000000767e00000, 0x0000000768000000|  0%| F|  |TAMS 0x0000000767e00000| PB 0x0000000767e00000| Untracked 
| 832|0x0000000768000000, 0x0000000768000000, 0x0000000768200000|  0%| F|  |TAMS 0x0000000768000000| PB 0x0000000768000000| Untracked 
| 833|0x0000000768200000, 0x0000000768200000, 0x0000000768400000|  0%| F|  |TAMS 0x0000000768200000| PB 0x0000000768200000| Untracked 
| 834|0x0000000768400000, 0x0000000768400000, 0x0000000768600000|  0%| F|  |TAMS 0x0000000768400000| PB 0x0000000768400000| Untracked 
| 835|0x0000000768600000, 0x0000000768600000, 0x0000000768800000|  0%| F|  |TAMS 0x0000000768600000| PB 0x0000000768600000| Untracked 
| 836|0x0000000768800000, 0x0000000768800000, 0x0000000768a00000|  0%| F|  |TAMS 0x0000000768800000| PB 0x0000000768800000| Untracked 
| 837|0x0000000768a00000, 0x0000000768a00000, 0x0000000768c00000|  0%| F|  |TAMS 0x0000000768a00000| PB 0x0000000768a00000| Untracked 
| 838|0x0000000768c00000, 0x0000000768c00000, 0x0000000768e00000|  0%| F|  |TAMS 0x0000000768c00000| PB 0x0000000768c00000| Untracked 
| 839|0x0000000768e00000, 0x0000000768e00000, 0x0000000769000000|  0%| F|  |TAMS 0x0000000768e00000| PB 0x0000000768e00000| Untracked 
| 840|0x0000000769000000, 0x0000000769000000, 0x0000000769200000|  0%| F|  |TAMS 0x0000000769000000| PB 0x0000000769000000| Untracked 
| 841|0x0000000769200000, 0x0000000769200000, 0x0000000769400000|  0%| F|  |TAMS 0x0000000769200000| PB 0x0000000769200000| Untracked 
| 842|0x0000000769400000, 0x0000000769400000, 0x0000000769600000|  0%| F|  |TAMS 0x0000000769400000| PB 0x0000000769400000| Untracked 
| 843|0x0000000769600000, 0x0000000769600000, 0x0000000769800000|  0%| F|  |TAMS 0x0000000769600000| PB 0x0000000769600000| Untracked 
| 844|0x0000000769800000, 0x0000000769800000, 0x0000000769a00000|  0%| F|  |TAMS 0x0000000769800000| PB 0x0000000769800000| Untracked 
| 845|0x0000000769a00000, 0x0000000769a00000, 0x0000000769c00000|  0%| F|  |TAMS 0x0000000769a00000| PB 0x0000000769a00000| Untracked 
| 846|0x0000000769c00000, 0x0000000769c00000, 0x0000000769e00000|  0%| F|  |TAMS 0x0000000769c00000| PB 0x0000000769c00000| Untracked 
| 847|0x0000000769e00000, 0x0000000769e00000, 0x000000076a000000|  0%| F|  |TAMS 0x0000000769e00000| PB 0x0000000769e00000| Untracked 
| 848|0x000000076a000000, 0x000000076a000000, 0x000000076a200000|  0%| F|  |TAMS 0x000000076a000000| PB 0x000000076a000000| Untracked 
| 849|0x000000076a200000, 0x000000076a200000, 0x000000076a400000|  0%| F|  |TAMS 0x000000076a200000| PB 0x000000076a200000| Untracked 
| 850|0x000000076a400000, 0x000000076a400000, 0x000000076a600000|  0%| F|  |TAMS 0x000000076a400000| PB 0x000000076a400000| Untracked 
| 851|0x000000076a600000, 0x000000076a600000, 0x000000076a800000|  0%| F|  |TAMS 0x000000076a600000| PB 0x000000076a600000| Untracked 
| 852|0x000000076a800000, 0x000000076a800000, 0x000000076aa00000|  0%| F|  |TAMS 0x000000076a800000| PB 0x000000076a800000| Untracked 
| 853|0x000000076aa00000, 0x000000076aa00000, 0x000000076ac00000|  0%| F|  |TAMS 0x000000076aa00000| PB 0x000000076aa00000| Untracked 
| 854|0x000000076ac00000, 0x000000076ac00000, 0x000000076ae00000|  0%| F|  |TAMS 0x000000076ac00000| PB 0x000000076ac00000| Untracked 
| 855|0x000000076ae00000, 0x000000076ae00000, 0x000000076b000000|  0%| F|  |TAMS 0x000000076ae00000| PB 0x000000076ae00000| Untracked 
| 856|0x000000076b000000, 0x000000076b000000, 0x000000076b200000|  0%| F|  |TAMS 0x000000076b000000| PB 0x000000076b000000| Untracked 
| 857|0x000000076b200000, 0x000000076b200000, 0x000000076b400000|  0%| F|  |TAMS 0x000000076b200000| PB 0x000000076b200000| Untracked 
| 858|0x000000076b400000, 0x000000076b400000, 0x000000076b600000|  0%| F|  |TAMS 0x000000076b400000| PB 0x000000076b400000| Untracked 
| 859|0x000000076b600000, 0x000000076b600000, 0x000000076b800000|  0%| F|  |TAMS 0x000000076b600000| PB 0x000000076b600000| Untracked 
| 860|0x000000076b800000, 0x000000076b800000, 0x000000076ba00000|  0%| F|  |TAMS 0x000000076b800000| PB 0x000000076b800000| Untracked 
| 861|0x000000076ba00000, 0x000000076ba00000, 0x000000076bc00000|  0%| F|  |TAMS 0x000000076ba00000| PB 0x000000076ba00000| Untracked 
| 862|0x000000076bc00000, 0x000000076bc00000, 0x000000076be00000|  0%| F|  |TAMS 0x000000076bc00000| PB 0x000000076bc00000| Untracked 
| 863|0x000000076be00000, 0x000000076be00000, 0x000000076c000000|  0%| F|  |TAMS 0x000000076be00000| PB 0x000000076be00000| Untracked 
| 864|0x000000076c000000, 0x000000076c000000, 0x000000076c200000|  0%| F|  |TAMS 0x000000076c000000| PB 0x000000076c000000| Untracked 
| 865|0x000000076c200000, 0x000000076c200000, 0x000000076c400000|  0%| F|  |TAMS 0x000000076c200000| PB 0x000000076c200000| Untracked 
| 866|0x000000076c400000, 0x000000076c400000, 0x000000076c600000|  0%| F|  |TAMS 0x000000076c400000| PB 0x000000076c400000| Untracked 
| 867|0x000000076c600000, 0x000000076c600000, 0x000000076c800000|  0%| F|  |TAMS 0x000000076c600000| PB 0x000000076c600000| Untracked 
| 868|0x000000076c800000, 0x000000076c800000, 0x000000076ca00000|  0%| F|  |TAMS 0x000000076c800000| PB 0x000000076c800000| Untracked 
| 869|0x000000076ca00000, 0x000000076ca00000, 0x000000076cc00000|  0%| F|  |TAMS 0x000000076ca00000| PB 0x000000076ca00000| Untracked 
| 870|0x000000076cc00000, 0x000000076cc00000, 0x000000076ce00000|  0%| F|  |TAMS 0x000000076cc00000| PB 0x000000076cc00000| Untracked 
| 871|0x000000076ce00000, 0x000000076ce00000, 0x000000076d000000|  0%| F|  |TAMS 0x000000076ce00000| PB 0x000000076ce00000| Untracked 
| 872|0x000000076d000000, 0x000000076d000000, 0x000000076d200000|  0%| F|  |TAMS 0x000000076d000000| PB 0x000000076d000000| Untracked 
| 873|0x000000076d200000, 0x000000076d200000, 0x000000076d400000|  0%| F|  |TAMS 0x000000076d200000| PB 0x000000076d200000| Untracked 
| 874|0x000000076d400000, 0x000000076d400000, 0x000000076d600000|  0%| F|  |TAMS 0x000000076d400000| PB 0x000000076d400000| Untracked 
| 875|0x000000076d600000, 0x000000076d600000, 0x000000076d800000|  0%| F|  |TAMS 0x000000076d600000| PB 0x000000076d600000| Untracked 
| 876|0x000000076d800000, 0x000000076d800000, 0x000000076da00000|  0%| F|  |TAMS 0x000000076d800000| PB 0x000000076d800000| Untracked 
| 877|0x000000076da00000, 0x000000076da00000, 0x000000076dc00000|  0%| F|  |TAMS 0x000000076da00000| PB 0x000000076da00000| Untracked 
| 878|0x000000076dc00000, 0x000000076dc00000, 0x000000076de00000|  0%| F|  |TAMS 0x000000076dc00000| PB 0x000000076dc00000| Untracked 
| 879|0x000000076de00000, 0x000000076de00000, 0x000000076e000000|  0%| F|  |TAMS 0x000000076de00000| PB 0x000000076de00000| Untracked 
| 880|0x000000076e000000, 0x000000076e000000, 0x000000076e200000|  0%| F|  |TAMS 0x000000076e000000| PB 0x000000076e000000| Untracked 
| 881|0x000000076e200000, 0x000000076e200000, 0x000000076e400000|  0%| F|  |TAMS 0x000000076e200000| PB 0x000000076e200000| Untracked 
| 882|0x000000076e400000, 0x000000076e400000, 0x000000076e600000|  0%| F|  |TAMS 0x000000076e400000| PB 0x000000076e400000| Untracked 
| 883|0x000000076e600000, 0x000000076e600000, 0x000000076e800000|  0%| F|  |TAMS 0x000000076e600000| PB 0x000000076e600000| Untracked 
| 884|0x000000076e800000, 0x000000076e800000, 0x000000076ea00000|  0%| F|  |TAMS 0x000000076e800000| PB 0x000000076e800000| Untracked 
| 885|0x000000076ea00000, 0x000000076ea00000, 0x000000076ec00000|  0%| F|  |TAMS 0x000000076ea00000| PB 0x000000076ea00000| Untracked 
| 886|0x000000076ec00000, 0x000000076ec00000, 0x000000076ee00000|  0%| F|  |TAMS 0x000000076ec00000| PB 0x000000076ec00000| Untracked 
| 887|0x000000076ee00000, 0x000000076ee00000, 0x000000076f000000|  0%| F|  |TAMS 0x000000076ee00000| PB 0x000000076ee00000| Untracked 
| 888|0x000000076f000000, 0x000000076f000000, 0x000000076f200000|  0%| F|  |TAMS 0x000000076f000000| PB 0x000000076f000000| Untracked 
| 889|0x000000076f200000, 0x000000076f200000, 0x000000076f400000|  0%| F|  |TAMS 0x000000076f200000| PB 0x000000076f200000| Untracked 
| 890|0x000000076f400000, 0x000000076f400000, 0x000000076f600000|  0%| F|  |TAMS 0x000000076f400000| PB 0x000000076f400000| Untracked 
| 891|0x000000076f600000, 0x000000076f600000, 0x000000076f800000|  0%| F|  |TAMS 0x000000076f600000| PB 0x000000076f600000| Untracked 
| 892|0x000000076f800000, 0x000000076f800000, 0x000000076fa00000|  0%| F|  |TAMS 0x000000076f800000| PB 0x000000076f800000| Untracked 
| 893|0x000000076fa00000, 0x000000076fa00000, 0x000000076fc00000|  0%| F|  |TAMS 0x000000076fa00000| PB 0x000000076fa00000| Untracked 
| 894|0x000000076fc00000, 0x000000076fc00000, 0x000000076fe00000|  0%| F|  |TAMS 0x000000076fc00000| PB 0x000000076fc00000| Untracked 
| 895|0x000000076fe00000, 0x000000076fe00000, 0x0000000770000000|  0%| F|  |TAMS 0x000000076fe00000| PB 0x000000076fe00000| Untracked 
| 896|0x0000000770000000, 0x0000000770000000, 0x0000000770200000|  0%| F|  |TAMS 0x0000000770000000| PB 0x0000000770000000| Untracked 
| 897|0x0000000770200000, 0x0000000770200000, 0x0000000770400000|  0%| F|  |TAMS 0x0000000770200000| PB 0x0000000770200000| Untracked 
| 898|0x0000000770400000, 0x0000000770400000, 0x0000000770600000|  0%| F|  |TAMS 0x0000000770400000| PB 0x0000000770400000| Untracked 
| 899|0x0000000770600000, 0x0000000770600000, 0x0000000770800000|  0%| F|  |TAMS 0x0000000770600000| PB 0x0000000770600000| Untracked 
| 900|0x0000000770800000, 0x0000000770800000, 0x0000000770a00000|  0%| F|  |TAMS 0x0000000770800000| PB 0x0000000770800000| Untracked 
| 901|0x0000000770a00000, 0x0000000770a00000, 0x0000000770c00000|  0%| F|  |TAMS 0x0000000770a00000| PB 0x0000000770a00000| Untracked 
| 902|0x0000000770c00000, 0x0000000770c00000, 0x0000000770e00000|  0%| F|  |TAMS 0x0000000770c00000| PB 0x0000000770c00000| Untracked 
| 903|0x0000000770e00000, 0x0000000770e00000, 0x0000000771000000|  0%| F|  |TAMS 0x0000000770e00000| PB 0x0000000770e00000| Untracked 
| 904|0x0000000771000000, 0x0000000771000000, 0x0000000771200000|  0%| F|  |TAMS 0x0000000771000000| PB 0x0000000771000000| Untracked 
| 905|0x0000000771200000, 0x0000000771200000, 0x0000000771400000|  0%| F|  |TAMS 0x0000000771200000| PB 0x0000000771200000| Untracked 
| 906|0x0000000771400000, 0x0000000771400000, 0x0000000771600000|  0%| F|  |TAMS 0x0000000771400000| PB 0x0000000771400000| Untracked 
| 907|0x0000000771600000, 0x0000000771600000, 0x0000000771800000|  0%| F|  |TAMS 0x0000000771600000| PB 0x0000000771600000| Untracked 
| 908|0x0000000771800000, 0x0000000771800000, 0x0000000771a00000|  0%| F|  |TAMS 0x0000000771800000| PB 0x0000000771800000| Untracked 
| 909|0x0000000771a00000, 0x0000000771a00000, 0x0000000771c00000|  0%| F|  |TAMS 0x0000000771a00000| PB 0x0000000771a00000| Untracked 
| 910|0x0000000771c00000, 0x0000000771c00000, 0x0000000771e00000|  0%| F|  |TAMS 0x0000000771c00000| PB 0x0000000771c00000| Untracked 
| 911|0x0000000771e00000, 0x0000000771e00000, 0x0000000772000000|  0%| F|  |TAMS 0x0000000771e00000| PB 0x0000000771e00000| Untracked 
| 912|0x0000000772000000, 0x0000000772000000, 0x0000000772200000|  0%| F|  |TAMS 0x0000000772000000| PB 0x0000000772000000| Untracked 
| 913|0x0000000772200000, 0x0000000772200000, 0x0000000772400000|  0%| F|  |TAMS 0x0000000772200000| PB 0x0000000772200000| Untracked 
| 914|0x0000000772400000, 0x0000000772400000, 0x0000000772600000|  0%| F|  |TAMS 0x0000000772400000| PB 0x0000000772400000| Untracked 
| 915|0x0000000772600000, 0x0000000772600000, 0x0000000772800000|  0%| F|  |TAMS 0x0000000772600000| PB 0x0000000772600000| Untracked 
| 916|0x0000000772800000, 0x0000000772800000, 0x0000000772a00000|  0%| F|  |TAMS 0x0000000772800000| PB 0x0000000772800000| Untracked 
| 917|0x0000000772a00000, 0x0000000772a00000, 0x0000000772c00000|  0%| F|  |TAMS 0x0000000772a00000| PB 0x0000000772a00000| Untracked 
| 918|0x0000000772c00000, 0x0000000772c00000, 0x0000000772e00000|  0%| F|  |TAMS 0x0000000772c00000| PB 0x0000000772c00000| Untracked 
| 919|0x0000000772e00000, 0x0000000772e00000, 0x0000000773000000|  0%| F|  |TAMS 0x0000000772e00000| PB 0x0000000772e00000| Untracked 
| 920|0x0000000773000000, 0x0000000773000000, 0x0000000773200000|  0%| F|  |TAMS 0x0000000773000000| PB 0x0000000773000000| Untracked 
| 921|0x0000000773200000, 0x0000000773200000, 0x0000000773400000|  0%| F|  |TAMS 0x0000000773200000| PB 0x0000000773200000| Untracked 
| 922|0x0000000773400000, 0x0000000773400000, 0x0000000773600000|  0%| F|  |TAMS 0x0000000773400000| PB 0x0000000773400000| Untracked 
| 923|0x0000000773600000, 0x0000000773600000, 0x0000000773800000|  0%| F|  |TAMS 0x0000000773600000| PB 0x0000000773600000| Untracked 
| 924|0x0000000773800000, 0x0000000773800000, 0x0000000773a00000|  0%| F|  |TAMS 0x0000000773800000| PB 0x0000000773800000| Untracked 
| 925|0x0000000773a00000, 0x0000000773a00000, 0x0000000773c00000|  0%| F|  |TAMS 0x0000000773a00000| PB 0x0000000773a00000| Untracked 
| 926|0x0000000773c00000, 0x0000000773c00000, 0x0000000773e00000|  0%| F|  |TAMS 0x0000000773c00000| PB 0x0000000773c00000| Untracked 
| 927|0x0000000773e00000, 0x0000000773e00000, 0x0000000774000000|  0%| F|  |TAMS 0x0000000773e00000| PB 0x0000000773e00000| Untracked 
| 928|0x0000000774000000, 0x0000000774000000, 0x0000000774200000|  0%| F|  |TAMS 0x0000000774000000| PB 0x0000000774000000| Untracked 
| 929|0x0000000774200000, 0x0000000774200000, 0x0000000774400000|  0%| F|  |TAMS 0x0000000774200000| PB 0x0000000774200000| Untracked 
| 930|0x0000000774400000, 0x0000000774400000, 0x0000000774600000|  0%| F|  |TAMS 0x0000000774400000| PB 0x0000000774400000| Untracked 
| 931|0x0000000774600000, 0x0000000774600000, 0x0000000774800000|  0%| F|  |TAMS 0x0000000774600000| PB 0x0000000774600000| Untracked 
| 932|0x0000000774800000, 0x0000000774800000, 0x0000000774a00000|  0%| F|  |TAMS 0x0000000774800000| PB 0x0000000774800000| Untracked 
| 933|0x0000000774a00000, 0x0000000774a00000, 0x0000000774c00000|  0%| F|  |TAMS 0x0000000774a00000| PB 0x0000000774a00000| Untracked 
| 934|0x0000000774c00000, 0x0000000774c00000, 0x0000000774e00000|  0%| F|  |TAMS 0x0000000774c00000| PB 0x0000000774c00000| Untracked 
| 935|0x0000000774e00000, 0x0000000774e00000, 0x0000000775000000|  0%| F|  |TAMS 0x0000000774e00000| PB 0x0000000774e00000| Untracked 
| 936|0x0000000775000000, 0x0000000775000000, 0x0000000775200000|  0%| F|  |TAMS 0x0000000775000000| PB 0x0000000775000000| Untracked 
| 937|0x0000000775200000, 0x0000000775200000, 0x0000000775400000|  0%| F|  |TAMS 0x0000000775200000| PB 0x0000000775200000| Untracked 
| 938|0x0000000775400000, 0x0000000775400000, 0x0000000775600000|  0%| F|  |TAMS 0x0000000775400000| PB 0x0000000775400000| Untracked 
| 939|0x0000000775600000, 0x0000000775600000, 0x0000000775800000|  0%| F|  |TAMS 0x0000000775600000| PB 0x0000000775600000| Untracked 
| 940|0x0000000775800000, 0x0000000775800000, 0x0000000775a00000|  0%| F|  |TAMS 0x0000000775800000| PB 0x0000000775800000| Untracked 
| 941|0x0000000775a00000, 0x0000000775a00000, 0x0000000775c00000|  0%| F|  |TAMS 0x0000000775a00000| PB 0x0000000775a00000| Untracked 
| 942|0x0000000775c00000, 0x0000000775c00000, 0x0000000775e00000|  0%| F|  |TAMS 0x0000000775c00000| PB 0x0000000775c00000| Untracked 
| 943|0x0000000775e00000, 0x0000000775e00000, 0x0000000776000000|  0%| F|  |TAMS 0x0000000775e00000| PB 0x0000000775e00000| Untracked 
| 944|0x0000000776000000, 0x0000000776000000, 0x0000000776200000|  0%| F|  |TAMS 0x0000000776000000| PB 0x0000000776000000| Untracked 
| 945|0x0000000776200000, 0x0000000776200000, 0x0000000776400000|  0%| F|  |TAMS 0x0000000776200000| PB 0x0000000776200000| Untracked 
| 946|0x0000000776400000, 0x0000000776400000, 0x0000000776600000|  0%| F|  |TAMS 0x0000000776400000| PB 0x0000000776400000| Untracked 
| 947|0x0000000776600000, 0x0000000776600000, 0x0000000776800000|  0%| F|  |TAMS 0x0000000776600000| PB 0x0000000776600000| Untracked 
| 948|0x0000000776800000, 0x0000000776800000, 0x0000000776a00000|  0%| F|  |TAMS 0x0000000776800000| PB 0x0000000776800000| Untracked 
| 949|0x0000000776a00000, 0x0000000776a00000, 0x0000000776c00000|  0%| F|  |TAMS 0x0000000776a00000| PB 0x0000000776a00000| Untracked 
| 950|0x0000000776c00000, 0x0000000776c00000, 0x0000000776e00000|  0%| F|  |TAMS 0x0000000776c00000| PB 0x0000000776c00000| Untracked 
| 951|0x0000000776e00000, 0x0000000776e00000, 0x0000000777000000|  0%| F|  |TAMS 0x0000000776e00000| PB 0x0000000776e00000| Untracked 
| 952|0x0000000777000000, 0x0000000777000000, 0x0000000777200000|  0%| F|  |TAMS 0x0000000777000000| PB 0x0000000777000000| Untracked 
| 953|0x0000000777200000, 0x0000000777200000, 0x0000000777400000|  0%| F|  |TAMS 0x0000000777200000| PB 0x0000000777200000| Untracked 
| 954|0x0000000777400000, 0x0000000777400000, 0x0000000777600000|  0%| F|  |TAMS 0x0000000777400000| PB 0x0000000777400000| Untracked 
| 955|0x0000000777600000, 0x0000000777600000, 0x0000000777800000|  0%| F|  |TAMS 0x0000000777600000| PB 0x0000000777600000| Untracked 
| 956|0x0000000777800000, 0x0000000777800000, 0x0000000777a00000|  0%| F|  |TAMS 0x0000000777800000| PB 0x0000000777800000| Untracked 
| 957|0x0000000777a00000, 0x0000000777a00000, 0x0000000777c00000|  0%| F|  |TAMS 0x0000000777a00000| PB 0x0000000777a00000| Untracked 
| 958|0x0000000777c00000, 0x0000000777c00000, 0x0000000777e00000|  0%| F|  |TAMS 0x0000000777c00000| PB 0x0000000777c00000| Untracked 
| 959|0x0000000777e00000, 0x0000000777e00000, 0x0000000778000000|  0%| F|  |TAMS 0x0000000777e00000| PB 0x0000000777e00000| Untracked 
| 960|0x0000000778000000, 0x0000000778000000, 0x0000000778200000|  0%| F|  |TAMS 0x0000000778000000| PB 0x0000000778000000| Untracked 
| 961|0x0000000778200000, 0x0000000778200000, 0x0000000778400000|  0%| F|  |TAMS 0x0000000778200000| PB 0x0000000778200000| Untracked 
| 962|0x0000000778400000, 0x0000000778400000, 0x0000000778600000|  0%| F|  |TAMS 0x0000000778400000| PB 0x0000000778400000| Untracked 
| 963|0x0000000778600000, 0x0000000778600000, 0x0000000778800000|  0%| F|  |TAMS 0x0000000778600000| PB 0x0000000778600000| Untracked 
| 964|0x0000000778800000, 0x0000000778800000, 0x0000000778a00000|  0%| F|  |TAMS 0x0000000778800000| PB 0x0000000778800000| Untracked 
| 965|0x0000000778a00000, 0x0000000778a00000, 0x0000000778c00000|  0%| F|  |TAMS 0x0000000778a00000| PB 0x0000000778a00000| Untracked 
| 966|0x0000000778c00000, 0x0000000778c00000, 0x0000000778e00000|  0%| F|  |TAMS 0x0000000778c00000| PB 0x0000000778c00000| Untracked 
| 967|0x0000000778e00000, 0x0000000778f2b0e0, 0x0000000779000000| 58%| E|  |TAMS 0x0000000778e00000| PB 0x0000000778e00000| Complete 
| 968|0x0000000779000000, 0x0000000779200000, 0x0000000779200000|100%| E|CS|TAMS 0x0000000779000000| PB 0x0000000779000000| Complete 
| 969|0x0000000779200000, 0x0000000779400000, 0x0000000779400000|100%| E|CS|TAMS 0x0000000779200000| PB 0x0000000779200000| Complete 
| 970|0x0000000779400000, 0x0000000779600000, 0x0000000779600000|100%| E|CS|TAMS 0x0000000779400000| PB 0x0000000779400000| Complete 
| 971|0x0000000779600000, 0x0000000779800000, 0x0000000779800000|100%| E|CS|TAMS 0x0000000779600000| PB 0x0000000779600000| Complete 
| 972|0x0000000779800000, 0x0000000779a00000, 0x0000000779a00000|100%| E|CS|TAMS 0x0000000779800000| PB 0x0000000779800000| Complete 
| 973|0x0000000779a00000, 0x0000000779c00000, 0x0000000779c00000|100%| E|CS|TAMS 0x0000000779a00000| PB 0x0000000779a00000| Complete 
| 974|0x0000000779c00000, 0x0000000779e00000, 0x0000000779e00000|100%| E|CS|TAMS 0x0000000779c00000| PB 0x0000000779c00000| Complete 
| 975|0x0000000779e00000, 0x000000077a000000, 0x000000077a000000|100%| E|CS|TAMS 0x0000000779e00000| PB 0x0000000779e00000| Complete 
| 976|0x000000077a000000, 0x000000077a200000, 0x000000077a200000|100%| E|CS|TAMS 0x000000077a000000| PB 0x000000077a000000| Complete 
| 977|0x000000077a200000, 0x000000077a400000, 0x000000077a400000|100%| E|CS|TAMS 0x000000077a200000| PB 0x000000077a200000| Complete 
| 978|0x000000077a400000, 0x000000077a600000, 0x000000077a600000|100%| E|CS|TAMS 0x000000077a400000| PB 0x000000077a400000| Complete 
| 979|0x000000077a600000, 0x000000077a800000, 0x000000077a800000|100%| E|CS|TAMS 0x000000077a600000| PB 0x000000077a600000| Complete 
| 980|0x000000077a800000, 0x000000077aa00000, 0x000000077aa00000|100%| E|CS|TAMS 0x000000077a800000| PB 0x000000077a800000| Complete 
| 981|0x000000077aa00000, 0x000000077ac00000, 0x000000077ac00000|100%| E|CS|TAMS 0x000000077aa00000| PB 0x000000077aa00000| Complete 
| 982|0x000000077ac00000, 0x000000077ae00000, 0x000000077ae00000|100%| E|CS|TAMS 0x000000077ac00000| PB 0x000000077ac00000| Complete 
| 983|0x000000077ae00000, 0x000000077b000000, 0x000000077b000000|100%| E|CS|TAMS 0x000000077ae00000| PB 0x000000077ae00000| Complete 
| 984|0x000000077b000000, 0x000000077b200000, 0x000000077b200000|100%| E|CS|TAMS 0x000000077b000000| PB 0x000000077b000000| Complete 
| 985|0x000000077b200000, 0x000000077b400000, 0x000000077b400000|100%| E|CS|TAMS 0x000000077b200000| PB 0x000000077b200000| Complete 
| 986|0x000000077b400000, 0x000000077b600000, 0x000000077b600000|100%| E|CS|TAMS 0x000000077b400000| PB 0x000000077b400000| Complete 
| 987|0x000000077b600000, 0x000000077b800000, 0x000000077b800000|100%| E|CS|TAMS 0x000000077b600000| PB 0x000000077b600000| Complete 
| 988|0x000000077b800000, 0x000000077ba00000, 0x000000077ba00000|100%| E|CS|TAMS 0x000000077b800000| PB 0x000000077b800000| Complete 
| 989|0x000000077ba00000, 0x000000077bc00000, 0x000000077bc00000|100%| E|CS|TAMS 0x000000077ba00000| PB 0x000000077ba00000| Complete 
| 990|0x000000077bc00000, 0x000000077be00000, 0x000000077be00000|100%| E|CS|TAMS 0x000000077bc00000| PB 0x000000077bc00000| Complete 
| 991|0x000000077be00000, 0x000000077c000000, 0x000000077c000000|100%| E|CS|TAMS 0x000000077be00000| PB 0x000000077be00000| Complete 
| 992|0x000000077c000000, 0x000000077c200000, 0x000000077c200000|100%| E|CS|TAMS 0x000000077c000000| PB 0x000000077c000000| Complete 
| 993|0x000000077c200000, 0x000000077c400000, 0x000000077c400000|100%| E|CS|TAMS 0x000000077c200000| PB 0x000000077c200000| Complete 
| 994|0x000000077c400000, 0x000000077c600000, 0x000000077c600000|100%| E|CS|TAMS 0x000000077c400000| PB 0x000000077c400000| Complete 
| 995|0x000000077c600000, 0x000000077c800000, 0x000000077c800000|100%| E|CS|TAMS 0x000000077c600000| PB 0x000000077c600000| Complete 
| 996|0x000000077c800000, 0x000000077ca00000, 0x000000077ca00000|100%| E|CS|TAMS 0x000000077c800000| PB 0x000000077c800000| Complete 
| 997|0x000000077ca00000, 0x000000077cc00000, 0x000000077cc00000|100%| E|CS|TAMS 0x000000077ca00000| PB 0x000000077ca00000| Complete 
| 998|0x000000077cc00000, 0x000000077ce00000, 0x000000077ce00000|100%| E|CS|TAMS 0x000000077cc00000| PB 0x000000077cc00000| Complete 
| 999|0x000000077ce00000, 0x000000077d000000, 0x000000077d000000|100%| E|CS|TAMS 0x000000077ce00000| PB 0x000000077ce00000| Complete 
|1000|0x000000077d000000, 0x000000077d200000, 0x000000077d200000|100%| E|CS|TAMS 0x000000077d000000| PB 0x000000077d000000| Complete 
|1001|0x000000077d200000, 0x000000077d400000, 0x000000077d400000|100%| E|CS|TAMS 0x000000077d200000| PB 0x000000077d200000| Complete 
|1002|0x000000077d400000, 0x000000077d600000, 0x000000077d600000|100%| E|CS|TAMS 0x000000077d400000| PB 0x000000077d400000| Complete 
|1003|0x000000077d600000, 0x000000077d800000, 0x000000077d800000|100%| E|CS|TAMS 0x000000077d600000| PB 0x000000077d600000| Complete 
|1004|0x000000077d800000, 0x000000077da00000, 0x000000077da00000|100%| E|CS|TAMS 0x000000077d800000| PB 0x000000077d800000| Complete 
|1005|0x000000077da00000, 0x000000077dc00000, 0x000000077dc00000|100%| E|CS|TAMS 0x000000077da00000| PB 0x000000077da00000| Complete 
|1006|0x000000077dc00000, 0x000000077de00000, 0x000000077de00000|100%| E|CS|TAMS 0x000000077dc00000| PB 0x000000077dc00000| Complete 
|1007|0x000000077de00000, 0x000000077e000000, 0x000000077e000000|100%| E|CS|TAMS 0x000000077de00000| PB 0x000000077de00000| Complete 
|1008|0x000000077e000000, 0x000000077e200000, 0x000000077e200000|100%| E|CS|TAMS 0x000000077e000000| PB 0x000000077e000000| Complete 
|1009|0x000000077e200000, 0x000000077e400000, 0x000000077e400000|100%| E|CS|TAMS 0x000000077e200000| PB 0x000000077e200000| Complete 
|1010|0x000000077e400000, 0x000000077e600000, 0x000000077e600000|100%| E|CS|TAMS 0x000000077e400000| PB 0x000000077e400000| Complete 
|1011|0x000000077e600000, 0x000000077e800000, 0x000000077e800000|100%| E|CS|TAMS 0x000000077e600000| PB 0x000000077e600000| Complete 
|1012|0x000000077e800000, 0x000000077ea00000, 0x000000077ea00000|100%| E|CS|TAMS 0x000000077e800000| PB 0x000000077e800000| Complete 
|1013|0x000000077ea00000, 0x000000077ec00000, 0x000000077ec00000|100%| E|CS|TAMS 0x000000077ea00000| PB 0x000000077ea00000| Complete 
|1014|0x000000077ec00000, 0x000000077ee00000, 0x000000077ee00000|100%| E|CS|TAMS 0x000000077ec00000| PB 0x000000077ec00000| Complete 
|1015|0x000000077ee00000, 0x000000077f000000, 0x000000077f000000|100%| E|CS|TAMS 0x000000077ee00000| PB 0x000000077ee00000| Complete 
|1016|0x000000077f000000, 0x000000077f200000, 0x000000077f200000|100%| E|CS|TAMS 0x000000077f000000| PB 0x000000077f000000| Complete 
|1017|0x000000077f200000, 0x000000077f400000, 0x000000077f400000|100%| E|CS|TAMS 0x000000077f200000| PB 0x000000077f200000| Complete 
|1018|0x000000077f400000, 0x000000077f600000, 0x000000077f600000|100%| E|CS|TAMS 0x000000077f400000| PB 0x000000077f400000| Complete 
|1019|0x000000077f600000, 0x000000077f800000, 0x000000077f800000|100%| E|CS|TAMS 0x000000077f600000| PB 0x000000077f600000| Complete 
|1020|0x000000077f800000, 0x000000077fa00000, 0x000000077fa00000|100%| E|CS|TAMS 0x000000077f800000| PB 0x000000077f800000| Complete 
|1021|0x000000077fa00000, 0x000000077fc00000, 0x000000077fc00000|100%| E|CS|TAMS 0x000000077fa00000| PB 0x000000077fa00000| Complete 
|1022|0x000000077fc00000, 0x000000077fe00000, 0x000000077fe00000|100%| E|CS|TAMS 0x000000077fc00000| PB 0x000000077fc00000| Complete 
|1023|0x000000077fe00000, 0x0000000780000000, 0x0000000780000000|100%| E|CS|TAMS 0x000000077fe00000| PB 0x000000077fe00000| Complete 
|1024|0x0000000780000000, 0x0000000780200000, 0x0000000780200000|100%| E|CS|TAMS 0x0000000780000000| PB 0x0000000780000000| Complete 
|1025|0x0000000780200000, 0x0000000780400000, 0x0000000780400000|100%| E|CS|TAMS 0x0000000780200000| PB 0x0000000780200000| Complete 
|1026|0x0000000780400000, 0x0000000780600000, 0x0000000780600000|100%| E|CS|TAMS 0x0000000780400000| PB 0x0000000780400000| Complete 
|1027|0x0000000780600000, 0x0000000780800000, 0x0000000780800000|100%| E|CS|TAMS 0x0000000780600000| PB 0x0000000780600000| Complete 
|1028|0x0000000780800000, 0x0000000780a00000, 0x0000000780a00000|100%| E|CS|TAMS 0x0000000780800000| PB 0x0000000780800000| Complete 
|1029|0x0000000780a00000, 0x0000000780c00000, 0x0000000780c00000|100%| E|CS|TAMS 0x0000000780a00000| PB 0x0000000780a00000| Complete 
|1030|0x0000000780c00000, 0x0000000780e00000, 0x0000000780e00000|100%| E|CS|TAMS 0x0000000780c00000| PB 0x0000000780c00000| Complete 
|1031|0x0000000780e00000, 0x0000000781000000, 0x0000000781000000|100%| E|CS|TAMS 0x0000000780e00000| PB 0x0000000780e00000| Complete 
|1032|0x0000000781000000, 0x0000000781200000, 0x0000000781200000|100%| E|CS|TAMS 0x0000000781000000| PB 0x0000000781000000| Complete 
|1033|0x0000000781200000, 0x0000000781400000, 0x0000000781400000|100%| E|CS|TAMS 0x0000000781200000| PB 0x0000000781200000| Complete 
|1034|0x0000000781400000, 0x0000000781600000, 0x0000000781600000|100%| E|CS|TAMS 0x0000000781400000| PB 0x0000000781400000| Complete 
|1035|0x0000000781600000, 0x0000000781800000, 0x0000000781800000|100%| E|CS|TAMS 0x0000000781600000| PB 0x0000000781600000| Complete 
|1036|0x0000000781800000, 0x0000000781a00000, 0x0000000781a00000|100%| E|CS|TAMS 0x0000000781800000| PB 0x0000000781800000| Complete 
|1037|0x0000000781a00000, 0x0000000781c00000, 0x0000000781c00000|100%| E|CS|TAMS 0x0000000781a00000| PB 0x0000000781a00000| Complete 
|1038|0x0000000781c00000, 0x0000000781e00000, 0x0000000781e00000|100%| E|CS|TAMS 0x0000000781c00000| PB 0x0000000781c00000| Complete 
|1039|0x0000000781e00000, 0x0000000782000000, 0x0000000782000000|100%| E|CS|TAMS 0x0000000781e00000| PB 0x0000000781e00000| Complete 
|1040|0x0000000782000000, 0x0000000782200000, 0x0000000782200000|100%| E|CS|TAMS 0x0000000782000000| PB 0x0000000782000000| Complete 
|1041|0x0000000782200000, 0x0000000782400000, 0x0000000782400000|100%| E|CS|TAMS 0x0000000782200000| PB 0x0000000782200000| Complete 
|1042|0x0000000782400000, 0x0000000782600000, 0x0000000782600000|100%| E|CS|TAMS 0x0000000782400000| PB 0x0000000782400000| Complete 
|1043|0x0000000782600000, 0x0000000782800000, 0x0000000782800000|100%| E|CS|TAMS 0x0000000782600000| PB 0x0000000782600000| Complete 
|1044|0x0000000782800000, 0x0000000782a00000, 0x0000000782a00000|100%| E|CS|TAMS 0x0000000782800000| PB 0x0000000782800000| Complete 
|1045|0x0000000782a00000, 0x0000000782c00000, 0x0000000782c00000|100%| E|CS|TAMS 0x0000000782a00000| PB 0x0000000782a00000| Complete 
|1046|0x0000000782c00000, 0x0000000782e00000, 0x0000000782e00000|100%| E|CS|TAMS 0x0000000782c00000| PB 0x0000000782c00000| Complete 
|1047|0x0000000782e00000, 0x0000000783000000, 0x0000000783000000|100%| E|CS|TAMS 0x0000000782e00000| PB 0x0000000782e00000| Complete 
|1048|0x0000000783000000, 0x0000000783200000, 0x0000000783200000|100%| E|CS|TAMS 0x0000000783000000| PB 0x0000000783000000| Complete 
|1049|0x0000000783200000, 0x0000000783400000, 0x0000000783400000|100%| E|CS|TAMS 0x0000000783200000| PB 0x0000000783200000| Complete 
|1050|0x0000000783400000, 0x0000000783600000, 0x0000000783600000|100%| E|CS|TAMS 0x0000000783400000| PB 0x0000000783400000| Complete 
|1051|0x0000000783600000, 0x0000000783800000, 0x0000000783800000|100%| E|CS|TAMS 0x0000000783600000| PB 0x0000000783600000| Complete 
|1052|0x0000000783800000, 0x0000000783a00000, 0x0000000783a00000|100%| E|CS|TAMS 0x0000000783800000| PB 0x0000000783800000| Complete 
|1053|0x0000000783a00000, 0x0000000783c00000, 0x0000000783c00000|100%| E|CS|TAMS 0x0000000783a00000| PB 0x0000000783a00000| Complete 
|1054|0x0000000783c00000, 0x0000000783e00000, 0x0000000783e00000|100%| E|CS|TAMS 0x0000000783c00000| PB 0x0000000783c00000| Complete 
|1055|0x0000000783e00000, 0x0000000784000000, 0x0000000784000000|100%| E|CS|TAMS 0x0000000783e00000| PB 0x0000000783e00000| Complete 
|1056|0x0000000784000000, 0x0000000784200000, 0x0000000784200000|100%| E|CS|TAMS 0x0000000784000000| PB 0x0000000784000000| Complete 
|1057|0x0000000784200000, 0x0000000784400000, 0x0000000784400000|100%| E|CS|TAMS 0x0000000784200000| PB 0x0000000784200000| Complete 
|1058|0x0000000784400000, 0x0000000784600000, 0x0000000784600000|100%| E|CS|TAMS 0x0000000784400000| PB 0x0000000784400000| Complete 
|1059|0x0000000784600000, 0x0000000784800000, 0x0000000784800000|100%| E|CS|TAMS 0x0000000784600000| PB 0x0000000784600000| Complete 
|1060|0x0000000784800000, 0x0000000784a00000, 0x0000000784a00000|100%| E|CS|TAMS 0x0000000784800000| PB 0x0000000784800000| Complete 
|1061|0x0000000784a00000, 0x0000000784c00000, 0x0000000784c00000|100%| E|CS|TAMS 0x0000000784a00000| PB 0x0000000784a00000| Complete 
|1062|0x0000000784c00000, 0x0000000784e00000, 0x0000000784e00000|100%| E|CS|TAMS 0x0000000784c00000| PB 0x0000000784c00000| Complete 
|1063|0x0000000784e00000, 0x0000000785000000, 0x0000000785000000|100%| E|CS|TAMS 0x0000000784e00000| PB 0x0000000784e00000| Complete 
|1064|0x0000000785000000, 0x0000000785200000, 0x0000000785200000|100%| E|CS|TAMS 0x0000000785000000| PB 0x0000000785000000| Complete 
|1065|0x0000000785200000, 0x0000000785400000, 0x0000000785400000|100%| E|CS|TAMS 0x0000000785200000| PB 0x0000000785200000| Complete 
|1066|0x0000000785400000, 0x0000000785600000, 0x0000000785600000|100%| E|CS|TAMS 0x0000000785400000| PB 0x0000000785400000| Complete 
|1067|0x0000000785600000, 0x0000000785800000, 0x0000000785800000|100%| E|CS|TAMS 0x0000000785600000| PB 0x0000000785600000| Complete 
|1068|0x0000000785800000, 0x0000000785a00000, 0x0000000785a00000|100%| E|CS|TAMS 0x0000000785800000| PB 0x0000000785800000| Complete 
|1069|0x0000000785a00000, 0x0000000785c00000, 0x0000000785c00000|100%| E|CS|TAMS 0x0000000785a00000| PB 0x0000000785a00000| Complete 
|1070|0x0000000785c00000, 0x0000000785e00000, 0x0000000785e00000|100%| E|CS|TAMS 0x0000000785c00000| PB 0x0000000785c00000| Complete 
|1071|0x0000000785e00000, 0x0000000786000000, 0x0000000786000000|100%| E|CS|TAMS 0x0000000785e00000| PB 0x0000000785e00000| Complete 
|1072|0x0000000786000000, 0x0000000786200000, 0x0000000786200000|100%| E|CS|TAMS 0x0000000786000000| PB 0x0000000786000000| Complete 
|1073|0x0000000786200000, 0x0000000786400000, 0x0000000786400000|100%| E|CS|TAMS 0x0000000786200000| PB 0x0000000786200000| Complete 
|1074|0x0000000786400000, 0x0000000786600000, 0x0000000786600000|100%| E|CS|TAMS 0x0000000786400000| PB 0x0000000786400000| Complete 
|1075|0x0000000786600000, 0x0000000786800000, 0x0000000786800000|100%| E|CS|TAMS 0x0000000786600000| PB 0x0000000786600000| Complete 
|1076|0x0000000786800000, 0x0000000786a00000, 0x0000000786a00000|100%| E|CS|TAMS 0x0000000786800000| PB 0x0000000786800000| Complete 
|1077|0x0000000786a00000, 0x0000000786c00000, 0x0000000786c00000|100%| E|CS|TAMS 0x0000000786a00000| PB 0x0000000786a00000| Complete 
|1078|0x0000000786c00000, 0x0000000786e00000, 0x0000000786e00000|100%| E|CS|TAMS 0x0000000786c00000| PB 0x0000000786c00000| Complete 
|1079|0x0000000786e00000, 0x0000000787000000, 0x0000000787000000|100%| E|CS|TAMS 0x0000000786e00000| PB 0x0000000786e00000| Complete 
|1080|0x0000000787000000, 0x0000000787200000, 0x0000000787200000|100%| E|CS|TAMS 0x0000000787000000| PB 0x0000000787000000| Complete 
|1081|0x0000000787200000, 0x0000000787400000, 0x0000000787400000|100%| E|CS|TAMS 0x0000000787200000| PB 0x0000000787200000| Complete 
|1082|0x0000000787400000, 0x0000000787600000, 0x0000000787600000|100%| E|CS|TAMS 0x0000000787400000| PB 0x0000000787400000| Complete 
|1083|0x0000000787600000, 0x0000000787800000, 0x0000000787800000|100%| E|CS|TAMS 0x0000000787600000| PB 0x0000000787600000| Complete 
|1084|0x0000000787800000, 0x0000000787a00000, 0x0000000787a00000|100%| E|CS|TAMS 0x0000000787800000| PB 0x0000000787800000| Complete 
|1085|0x0000000787a00000, 0x0000000787c00000, 0x0000000787c00000|100%| E|CS|TAMS 0x0000000787a00000| PB 0x0000000787a00000| Complete 
|1086|0x0000000787c00000, 0x0000000787e00000, 0x0000000787e00000|100%| E|CS|TAMS 0x0000000787c00000| PB 0x0000000787c00000| Complete 
|1087|0x0000000787e00000, 0x0000000788000000, 0x0000000788000000|100%| E|CS|TAMS 0x0000000787e00000| PB 0x0000000787e00000| Complete 
|1088|0x0000000788000000, 0x0000000788200000, 0x0000000788200000|100%| E|CS|TAMS 0x0000000788000000| PB 0x0000000788000000| Complete 
|1089|0x0000000788200000, 0x0000000788400000, 0x0000000788400000|100%| E|CS|TAMS 0x0000000788200000| PB 0x0000000788200000| Complete 
|1090|0x0000000788400000, 0x0000000788600000, 0x0000000788600000|100%| E|CS|TAMS 0x0000000788400000| PB 0x0000000788400000| Complete 
|1091|0x0000000788600000, 0x0000000788800000, 0x0000000788800000|100%| E|CS|TAMS 0x0000000788600000| PB 0x0000000788600000| Complete 
|1092|0x0000000788800000, 0x0000000788a00000, 0x0000000788a00000|100%| E|CS|TAMS 0x0000000788800000| PB 0x0000000788800000| Complete 
|1093|0x0000000788a00000, 0x0000000788c00000, 0x0000000788c00000|100%| E|CS|TAMS 0x0000000788a00000| PB 0x0000000788a00000| Complete 
|1094|0x0000000788c00000, 0x0000000788e00000, 0x0000000788e00000|100%| E|CS|TAMS 0x0000000788c00000| PB 0x0000000788c00000| Complete 
|1095|0x0000000788e00000, 0x0000000789000000, 0x0000000789000000|100%| E|CS|TAMS 0x0000000788e00000| PB 0x0000000788e00000| Complete 
|1096|0x0000000789000000, 0x0000000789200000, 0x0000000789200000|100%| E|CS|TAMS 0x0000000789000000| PB 0x0000000789000000| Complete 
|1097|0x0000000789200000, 0x0000000789400000, 0x0000000789400000|100%| E|CS|TAMS 0x0000000789200000| PB 0x0000000789200000| Complete 
|1098|0x0000000789400000, 0x0000000789600000, 0x0000000789600000|100%| E|CS|TAMS 0x0000000789400000| PB 0x0000000789400000| Complete 
|1099|0x0000000789600000, 0x0000000789800000, 0x0000000789800000|100%| E|CS|TAMS 0x0000000789600000| PB 0x0000000789600000| Complete 
|1100|0x0000000789800000, 0x0000000789a00000, 0x0000000789a00000|100%| E|CS|TAMS 0x0000000789800000| PB 0x0000000789800000| Complete 
|1101|0x0000000789a00000, 0x0000000789c00000, 0x0000000789c00000|100%| E|CS|TAMS 0x0000000789a00000| PB 0x0000000789a00000| Complete 
|1102|0x0000000789c00000, 0x0000000789e00000, 0x0000000789e00000|100%| E|CS|TAMS 0x0000000789c00000| PB 0x0000000789c00000| Complete 
|1103|0x0000000789e00000, 0x000000078a000000, 0x000000078a000000|100%| E|CS|TAMS 0x0000000789e00000| PB 0x0000000789e00000| Complete 
|1104|0x000000078a000000, 0x000000078a200000, 0x000000078a200000|100%| E|CS|TAMS 0x000000078a000000| PB 0x000000078a000000| Complete 
|1105|0x000000078a200000, 0x000000078a400000, 0x000000078a400000|100%| E|CS|TAMS 0x000000078a200000| PB 0x000000078a200000| Complete 
|1106|0x000000078a400000, 0x000000078a600000, 0x000000078a600000|100%| E|CS|TAMS 0x000000078a400000| PB 0x000000078a400000| Complete 
|1107|0x000000078a600000, 0x000000078a800000, 0x000000078a800000|100%| E|CS|TAMS 0x000000078a600000| PB 0x000000078a600000| Complete 
|1108|0x000000078a800000, 0x000000078aa00000, 0x000000078aa00000|100%| E|CS|TAMS 0x000000078a800000| PB 0x000000078a800000| Complete 
|1109|0x000000078aa00000, 0x000000078ac00000, 0x000000078ac00000|100%| E|CS|TAMS 0x000000078aa00000| PB 0x000000078aa00000| Complete 
|1110|0x000000078ac00000, 0x000000078ae00000, 0x000000078ae00000|100%| E|CS|TAMS 0x000000078ac00000| PB 0x000000078ac00000| Complete 
|1111|0x000000078ae00000, 0x000000078b000000, 0x000000078b000000|100%| E|CS|TAMS 0x000000078ae00000| PB 0x000000078ae00000| Complete 
|1112|0x000000078b000000, 0x000000078b200000, 0x000000078b200000|100%| E|CS|TAMS 0x000000078b000000| PB 0x000000078b000000| Complete 
|1113|0x000000078b200000, 0x000000078b400000, 0x000000078b400000|100%| E|CS|TAMS 0x000000078b200000| PB 0x000000078b200000| Complete 
|1114|0x000000078b400000, 0x000000078b600000, 0x000000078b600000|100%| E|CS|TAMS 0x000000078b400000| PB 0x000000078b400000| Complete 
|1115|0x000000078b600000, 0x000000078b800000, 0x000000078b800000|100%| E|CS|TAMS 0x000000078b600000| PB 0x000000078b600000| Complete 
|1116|0x000000078b800000, 0x000000078ba00000, 0x000000078ba00000|100%| E|CS|TAMS 0x000000078b800000| PB 0x000000078b800000| Complete 
|1117|0x000000078ba00000, 0x000000078bc00000, 0x000000078bc00000|100%| E|CS|TAMS 0x000000078ba00000| PB 0x000000078ba00000| Complete 
|1118|0x000000078bc00000, 0x000000078be00000, 0x000000078be00000|100%| E|CS|TAMS 0x000000078bc00000| PB 0x000000078bc00000| Complete 
|1119|0x000000078be00000, 0x000000078c000000, 0x000000078c000000|100%| E|CS|TAMS 0x000000078be00000| PB 0x000000078be00000| Complete 
|1120|0x000000078c000000, 0x000000078c200000, 0x000000078c200000|100%| E|CS|TAMS 0x000000078c000000| PB 0x000000078c000000| Complete 
|1121|0x000000078c200000, 0x000000078c400000, 0x000000078c400000|100%| E|CS|TAMS 0x000000078c200000| PB 0x000000078c200000| Complete 
|1122|0x000000078c400000, 0x000000078c600000, 0x000000078c600000|100%| E|CS|TAMS 0x000000078c400000| PB 0x000000078c400000| Complete 
|1123|0x000000078c600000, 0x000000078c800000, 0x000000078c800000|100%| E|CS|TAMS 0x000000078c600000| PB 0x000000078c600000| Complete 
|1124|0x000000078c800000, 0x000000078ca00000, 0x000000078ca00000|100%| E|CS|TAMS 0x000000078c800000| PB 0x000000078c800000| Complete 
|1125|0x000000078ca00000, 0x000000078cc00000, 0x000000078cc00000|100%| E|CS|TAMS 0x000000078ca00000| PB 0x000000078ca00000| Complete 
|1126|0x000000078cc00000, 0x000000078ce00000, 0x000000078ce00000|100%| E|CS|TAMS 0x000000078cc00000| PB 0x000000078cc00000| Complete 
|1127|0x000000078ce00000, 0x000000078d000000, 0x000000078d000000|100%| E|CS|TAMS 0x000000078ce00000| PB 0x000000078ce00000| Complete 
|1128|0x000000078d000000, 0x000000078d200000, 0x000000078d200000|100%| E|CS|TAMS 0x000000078d000000| PB 0x000000078d000000| Complete 
|1129|0x000000078d200000, 0x000000078d400000, 0x000000078d400000|100%| E|CS|TAMS 0x000000078d200000| PB 0x000000078d200000| Complete 
|1130|0x000000078d400000, 0x000000078d600000, 0x000000078d600000|100%| E|CS|TAMS 0x000000078d400000| PB 0x000000078d400000| Complete 
|1131|0x000000078d600000, 0x000000078d800000, 0x000000078d800000|100%| E|CS|TAMS 0x000000078d600000| PB 0x000000078d600000| Complete 
|1132|0x000000078d800000, 0x000000078da00000, 0x000000078da00000|100%| E|CS|TAMS 0x000000078d800000| PB 0x000000078d800000| Complete 
|1854|0x00000007e7c00000, 0x00000007e7c3bfc0, 0x00000007e7e00000| 11%| O|  |TAMS 0x00000007e7c00000| PB 0x00000007e7c00000| Untracked 
|1855|0x00000007e7e00000, 0x00000007e8000000, 0x00000007e8000000|100%| O|Cm|TAMS 0x00000007e7e00000| PB 0x00000007e7e00000| Complete 
|1856|0x00000007e8000000, 0x00000007e8200000, 0x00000007e8200000|100%| E|CS|TAMS 0x00000007e8000000| PB 0x00000007e8000000| Complete 
|1857|0x00000007e8200000, 0x00000007e8400000, 0x00000007e8400000|100%| E|CS|TAMS 0x00000007e8200000| PB 0x00000007e8200000| Complete 
|1858|0x00000007e8400000, 0x00000007e8600000, 0x00000007e8600000|100%| E|CS|TAMS 0x00000007e8400000| PB 0x00000007e8400000| Complete 
|1859|0x00000007e8600000, 0x00000007e8800000, 0x00000007e8800000|100%| E|CS|TAMS 0x00000007e8600000| PB 0x00000007e8600000| Complete 
|1860|0x00000007e8800000, 0x00000007e8a00000, 0x00000007e8a00000|100%| E|CS|TAMS 0x00000007e8800000| PB 0x00000007e8800000| Complete 
|1861|0x00000007e8a00000, 0x00000007e8c00000, 0x00000007e8c00000|100%| O|  |TAMS 0x00000007e8a00000| PB 0x00000007e8a00000| Untracked 
|1862|0x00000007e8c00000, 0x00000007e8e00000, 0x00000007e8e00000|100%| O|  |TAMS 0x00000007e8c00000| PB 0x00000007e8c00000| Untracked 
|1863|0x00000007e8e00000, 0x00000007e9000000, 0x00000007e9000000|100%| O|  |TAMS 0x00000007e8e00000| PB 0x00000007e8e00000| Untracked 
|1864|0x00000007e9000000, 0x00000007e9200000, 0x00000007e9200000|100%| O|  |TAMS 0x00000007e9000000| PB 0x00000007e9000000| Untracked 
|1865|0x00000007e9200000, 0x00000007e9400000, 0x00000007e9400000|100%| O|  |TAMS 0x00000007e9200000| PB 0x00000007e9200000| Untracked 
|1866|0x00000007e9400000, 0x00000007e9600000, 0x00000007e9600000|100%| O|  |TAMS 0x00000007e9400000| PB 0x00000007e9400000| Untracked 
|1867|0x00000007e9600000, 0x00000007e9800000, 0x00000007e9800000|100%| O|  |TAMS 0x00000007e9600000| PB 0x00000007e9600000| Untracked 
|1868|0x00000007e9800000, 0x00000007e9a00000, 0x00000007e9a00000|100%| O|Cm|TAMS 0x00000007e9800000| PB 0x00000007e9800000| Complete 
|1869|0x00000007e9a00000, 0x00000007e9c00000, 0x00000007e9c00000|100%| E|CS|TAMS 0x00000007e9a00000| PB 0x00000007e9a00000| Complete 
|1870|0x00000007e9c00000, 0x00000007e9e00000, 0x00000007e9e00000|100%| E|CS|TAMS 0x00000007e9c00000| PB 0x00000007e9c00000| Complete 
|1871|0x00000007e9e00000, 0x00000007ea000000, 0x00000007ea000000|100%| E|CS|TAMS 0x00000007e9e00000| PB 0x00000007e9e00000| Complete 
|1872|0x00000007ea000000, 0x00000007ea200000, 0x00000007ea200000|100%| E|CS|TAMS 0x00000007ea000000| PB 0x00000007ea000000| Complete 
|1873|0x00000007ea200000, 0x00000007ea400000, 0x00000007ea400000|100%| E|CS|TAMS 0x00000007ea200000| PB 0x00000007ea200000| Complete 
|1874|0x00000007ea400000, 0x00000007ea600000, 0x00000007ea600000|100%| O|  |TAMS 0x00000007ea400000| PB 0x00000007ea400000| Untracked 
|1875|0x00000007ea600000, 0x00000007ea800000, 0x00000007ea800000|100%| O|  |TAMS 0x00000007ea600000| PB 0x00000007ea600000| Untracked 
|1876|0x00000007ea800000, 0x00000007eaa00000, 0x00000007eaa00000|100%| E|CS|TAMS 0x00000007ea800000| PB 0x00000007ea800000| Complete 
|1877|0x00000007eaa00000, 0x00000007eac00000, 0x00000007eac00000|100%| O|  |TAMS 0x00000007eaa00000| PB 0x00000007eaa00000| Untracked 
|1878|0x00000007eac00000, 0x00000007eae00000, 0x00000007eae00000|100%| E|CS|TAMS 0x00000007eac00000| PB 0x00000007eac00000| Complete 
|1879|0x00000007eae00000, 0x00000007eb000000, 0x00000007eb000000|100%| O|Cm|TAMS 0x00000007eae00000| PB 0x00000007eae00000| Complete 
|1880|0x00000007eb000000, 0x00000007eb200000, 0x00000007eb200000|100%| O|  |TAMS 0x00000007eb000000| PB 0x00000007eb000000| Untracked 
|1881|0x00000007eb200000, 0x00000007eb400000, 0x00000007eb400000|100%| O|  |TAMS 0x00000007eb200000| PB 0x00000007eb200000| Untracked 
|1882|0x00000007eb400000, 0x00000007eb600000, 0x00000007eb600000|100%| O|Cm|TAMS 0x00000007eb400000| PB 0x00000007eb400000| Complete 
|1883|0x00000007eb600000, 0x00000007eb800000, 0x00000007eb800000|100%| O|  |TAMS 0x00000007eb600000| PB 0x00000007eb600000| Untracked 
|1884|0x00000007eb800000, 0x00000007eba00000, 0x00000007eba00000|100%| O|  |TAMS 0x00000007eb800000| PB 0x00000007eb800000| Untracked 
|1885|0x00000007eba00000, 0x00000007ebc00000, 0x00000007ebc00000|100%| O|  |TAMS 0x00000007eba00000| PB 0x00000007eba00000| Untracked 
|1886|0x00000007ebc00000, 0x00000007ebe00000, 0x00000007ebe00000|100%| O|  |TAMS 0x00000007ebc00000| PB 0x00000007ebc00000| Untracked 
|1887|0x00000007ebe00000, 0x00000007ec000000, 0x00000007ec000000|100%| E|CS|TAMS 0x00000007ebe00000| PB 0x00000007ebe00000| Complete 
|1888|0x00000007ec000000, 0x00000007ec200000, 0x00000007ec200000|100%| O|  |TAMS 0x00000007ec000000| PB 0x00000007ec000000| Untracked 
|1889|0x00000007ec200000, 0x00000007ec400000, 0x00000007ec400000|100%| O|  |TAMS 0x00000007ec200000| PB 0x00000007ec200000| Untracked 
|1890|0x00000007ec400000, 0x00000007ec600000, 0x00000007ec600000|100%| E|CS|TAMS 0x00000007ec400000| PB 0x00000007ec400000| Complete 
|1891|0x00000007ec600000, 0x00000007ec800000, 0x00000007ec800000|100%| O|  |TAMS 0x00000007ec600000| PB 0x00000007ec600000| Untracked 
|1892|0x00000007ec800000, 0x00000007eca00000, 0x00000007eca00000|100%| O|  |TAMS 0x00000007ec800000| PB 0x00000007ec800000| Untracked 
|1893|0x00000007eca00000, 0x00000007ecc00000, 0x00000007ecc00000|100%| E|CS|TAMS 0x00000007eca00000| PB 0x00000007eca00000| Complete 
|1894|0x00000007ecc00000, 0x00000007ece00000, 0x00000007ece00000|100%| O|  |TAMS 0x00000007ecc00000| PB 0x00000007ecc00000| Untracked 
|1895|0x00000007ece00000, 0x00000007ed000000, 0x00000007ed000000|100%| O|Cm|TAMS 0x00000007ece00000| PB 0x00000007ece00000| Complete 
|1896|0x00000007ed000000, 0x00000007ed200000, 0x00000007ed200000|100%| E|CS|TAMS 0x00000007ed000000| PB 0x00000007ed000000| Complete 
|1897|0x00000007ed200000, 0x00000007ed400000, 0x00000007ed400000|100%| E|CS|TAMS 0x00000007ed200000| PB 0x00000007ed200000| Complete 
|1898|0x00000007ed400000, 0x00000007ed600000, 0x00000007ed600000|100%| E|CS|TAMS 0x00000007ed400000| PB 0x00000007ed400000| Complete 
|1899|0x00000007ed600000, 0x00000007ed800000, 0x00000007ed800000|100%| E|CS|TAMS 0x00000007ed600000| PB 0x00000007ed600000| Complete 
|1900|0x00000007ed800000, 0x00000007eda00000, 0x00000007eda00000|100%| E|CS|TAMS 0x00000007ed800000| PB 0x00000007ed800000| Complete 
|1901|0x00000007eda00000, 0x00000007edc00000, 0x00000007edc00000|100%| E|CS|TAMS 0x00000007eda00000| PB 0x00000007eda00000| Complete 
|1902|0x00000007edc00000, 0x00000007ede00000, 0x00000007ede00000|100%| E|CS|TAMS 0x00000007edc00000| PB 0x00000007edc00000| Complete 
|1903|0x00000007ede00000, 0x00000007ee000000, 0x00000007ee000000|100%| E|CS|TAMS 0x00000007ede00000| PB 0x00000007ede00000| Complete 
|1904|0x00000007ee000000, 0x00000007ee200000, 0x00000007ee200000|100%| O|  |TAMS 0x00000007ee000000| PB 0x00000007ee000000| Untracked 
|1905|0x00000007ee200000, 0x00000007ee400000, 0x00000007ee400000|100%| O|  |TAMS 0x00000007ee200000| PB 0x00000007ee200000| Untracked 
|1906|0x00000007ee400000, 0x00000007ee600000, 0x00000007ee600000|100%| O|  |TAMS 0x00000007ee400000| PB 0x00000007ee400000| Untracked 
|1907|0x00000007ee600000, 0x00000007ee800000, 0x00000007ee800000|100%| O|  |TAMS 0x00000007ee600000| PB 0x00000007ee600000| Untracked 
|1908|0x00000007ee800000, 0x00000007eea00000, 0x00000007eea00000|100%| O|  |TAMS 0x00000007ee800000| PB 0x00000007ee800000| Untracked 
|1909|0x00000007eea00000, 0x00000007eec00000, 0x00000007eec00000|100%| O|  |TAMS 0x00000007eea00000| PB 0x00000007eea00000| Untracked 
|1910|0x00000007eec00000, 0x00000007eee00000, 0x00000007eee00000|100%| E|CS|TAMS 0x00000007eec00000| PB 0x00000007eec00000| Complete 
|1911|0x00000007eee00000, 0x00000007ef000000, 0x00000007ef000000|100%| O|  |TAMS 0x00000007eee00000| PB 0x00000007eee00000| Untracked 
|1912|0x00000007ef000000, 0x00000007ef200000, 0x00000007ef200000|100%| E|CS|TAMS 0x00000007ef000000| PB 0x00000007ef000000| Complete 
|1913|0x00000007ef200000, 0x00000007ef400000, 0x00000007ef400000|100%| O|  |TAMS 0x00000007ef200000| PB 0x00000007ef200000| Untracked 
|1914|0x00000007ef400000, 0x00000007ef600000, 0x00000007ef600000|100%| O|  |TAMS 0x00000007ef400000| PB 0x00000007ef400000| Untracked 
|1915|0x00000007ef600000, 0x00000007ef800000, 0x00000007ef800000|100%| O|  |TAMS 0x00000007ef600000| PB 0x00000007ef600000| Untracked 
|1916|0x00000007ef800000, 0x00000007efa00000, 0x00000007efa00000|100%| E|CS|TAMS 0x00000007ef800000| PB 0x00000007ef800000| Complete 
|1917|0x00000007efa00000, 0x00000007efc00000, 0x00000007efc00000|100%| O|  |TAMS 0x00000007efa00000| PB 0x00000007efa00000| Untracked 
|1918|0x00000007efc00000, 0x00000007efe00000, 0x00000007efe00000|100%| E|CS|TAMS 0x00000007efc00000| PB 0x00000007efc00000| Complete 
|1919|0x00000007efe00000, 0x00000007f0000000, 0x00000007f0000000|100%| E|CS|TAMS 0x00000007efe00000| PB 0x00000007efe00000| Complete 
|1920|0x00000007f0000000, 0x00000007f0200000, 0x00000007f0200000|100%| E|CS|TAMS 0x00000007f0000000| PB 0x00000007f0000000| Complete 
|1921|0x00000007f0200000, 0x00000007f0400000, 0x00000007f0400000|100%| E|CS|TAMS 0x00000007f0200000| PB 0x00000007f0200000| Complete 
|1922|0x00000007f0400000, 0x00000007f0600000, 0x00000007f0600000|100%| E|CS|TAMS 0x00000007f0400000| PB 0x00000007f0400000| Complete 
|1923|0x00000007f0600000, 0x00000007f0800000, 0x00000007f0800000|100%| E|CS|TAMS 0x00000007f0600000| PB 0x00000007f0600000| Complete 
|1924|0x00000007f0800000, 0x00000007f0a00000, 0x00000007f0a00000|100%| E|CS|TAMS 0x00000007f0800000| PB 0x00000007f0800000| Complete 
|1925|0x00000007f0a00000, 0x00000007f0c00000, 0x00000007f0c00000|100%| E|CS|TAMS 0x00000007f0a00000| PB 0x00000007f0a00000| Complete 
|1926|0x00000007f0c00000, 0x00000007f0e00000, 0x00000007f0e00000|100%| O|  |TAMS 0x00000007f0c00000| PB 0x00000007f0c00000| Untracked 
|1927|0x00000007f0e00000, 0x00000007f1000000, 0x00000007f1000000|100%| O|  |TAMS 0x00000007f0e00000| PB 0x00000007f0e00000| Untracked 
|1928|0x00000007f1000000, 0x00000007f1200000, 0x00000007f1200000|100%| E|CS|TAMS 0x00000007f1000000| PB 0x00000007f1000000| Complete 
|1929|0x00000007f1200000, 0x00000007f1400000, 0x00000007f1400000|100%| E|CS|TAMS 0x00000007f1200000| PB 0x00000007f1200000| Complete 
|1930|0x00000007f1400000, 0x00000007f1600000, 0x00000007f1600000|100%| E|CS|TAMS 0x00000007f1400000| PB 0x00000007f1400000| Complete 
|1931|0x00000007f1600000, 0x00000007f1800000, 0x00000007f1800000|100%| E|CS|TAMS 0x00000007f1600000| PB 0x00000007f1600000| Complete 
|1932|0x00000007f1800000, 0x00000007f1a00000, 0x00000007f1a00000|100%| E|CS|TAMS 0x00000007f1800000| PB 0x00000007f1800000| Complete 
|1933|0x00000007f1a00000, 0x00000007f1c00000, 0x00000007f1c00000|100%| E|CS|TAMS 0x00000007f1a00000| PB 0x00000007f1a00000| Complete 
|1934|0x00000007f1c00000, 0x00000007f1e00000, 0x00000007f1e00000|100%| E|CS|TAMS 0x00000007f1c00000| PB 0x00000007f1c00000| Complete 
|1935|0x00000007f1e00000, 0x00000007f2000000, 0x00000007f2000000|100%| O|  |TAMS 0x00000007f1e00000| PB 0x00000007f1e00000| Untracked 
|1936|0x00000007f2000000, 0x00000007f2200000, 0x00000007f2200000|100%| E|CS|TAMS 0x00000007f2000000| PB 0x00000007f2000000| Complete 
|1937|0x00000007f2200000, 0x00000007f2400000, 0x00000007f2400000|100%| E|CS|TAMS 0x00000007f2200000| PB 0x00000007f2200000| Complete 
|1938|0x00000007f2400000, 0x00000007f2600000, 0x00000007f2600000|100%| E|CS|TAMS 0x00000007f2400000| PB 0x00000007f2400000| Complete 
|1939|0x00000007f2600000, 0x00000007f2800000, 0x00000007f2800000|100%| E|CS|TAMS 0x00000007f2600000| PB 0x00000007f2600000| Complete 
|1940|0x00000007f2800000, 0x00000007f2a00000, 0x00000007f2a00000|100%| E|CS|TAMS 0x00000007f2800000| PB 0x00000007f2800000| Complete 
|1941|0x00000007f2a00000, 0x00000007f2c00000, 0x00000007f2c00000|100%| E|CS|TAMS 0x00000007f2a00000| PB 0x00000007f2a00000| Complete 
|1942|0x00000007f2c00000, 0x00000007f2e00000, 0x00000007f2e00000|100%| E|CS|TAMS 0x00000007f2c00000| PB 0x00000007f2c00000| Complete 
|1943|0x00000007f2e00000, 0x00000007f3000000, 0x00000007f3000000|100%| E|CS|TAMS 0x00000007f2e00000| PB 0x00000007f2e00000| Complete 
|1944|0x00000007f3000000, 0x00000007f3200000, 0x00000007f3200000|100%| E|CS|TAMS 0x00000007f3000000| PB 0x00000007f3000000| Complete 
|1945|0x00000007f3200000, 0x00000007f3400000, 0x00000007f3400000|100%| E|CS|TAMS 0x00000007f3200000| PB 0x00000007f3200000| Complete 
|1946|0x00000007f3400000, 0x00000007f3600000, 0x00000007f3600000|100%| E|CS|TAMS 0x00000007f3400000| PB 0x00000007f3400000| Complete 
|1947|0x00000007f3600000, 0x00000007f3800000, 0x00000007f3800000|100%| E|CS|TAMS 0x00000007f3600000| PB 0x00000007f3600000| Complete 
|1948|0x00000007f3800000, 0x00000007f3a00000, 0x00000007f3a00000|100%| E|CS|TAMS 0x00000007f3800000| PB 0x00000007f3800000| Complete 
|1949|0x00000007f3a00000, 0x00000007f3c00000, 0x00000007f3c00000|100%| E|CS|TAMS 0x00000007f3a00000| PB 0x00000007f3a00000| Complete 
|1950|0x00000007f3c00000, 0x00000007f3e00000, 0x00000007f3e00000|100%| E|CS|TAMS 0x00000007f3c00000| PB 0x00000007f3c00000| Complete 
|1951|0x00000007f3e00000, 0x00000007f4000000, 0x00000007f4000000|100%| E|CS|TAMS 0x00000007f3e00000| PB 0x00000007f3e00000| Complete 
|1952|0x00000007f4000000, 0x00000007f4200000, 0x00000007f4200000|100%| E|CS|TAMS 0x00000007f4000000| PB 0x00000007f4000000| Complete 
|1953|0x00000007f4200000, 0x00000007f4400000, 0x00000007f4400000|100%| E|CS|TAMS 0x00000007f4200000| PB 0x00000007f4200000| Complete 
|1954|0x00000007f4400000, 0x00000007f4600000, 0x00000007f4600000|100%| E|CS|TAMS 0x00000007f4400000| PB 0x00000007f4400000| Complete 
|1955|0x00000007f4600000, 0x00000007f4800000, 0x00000007f4800000|100%| E|CS|TAMS 0x00000007f4600000| PB 0x00000007f4600000| Complete 
|1956|0x00000007f4800000, 0x00000007f4a00000, 0x00000007f4a00000|100%| O|  |TAMS 0x00000007f4800000| PB 0x00000007f4800000| Untracked 
|1957|0x00000007f4a00000, 0x00000007f4c00000, 0x00000007f4c00000|100%| E|CS|TAMS 0x00000007f4a00000| PB 0x00000007f4a00000| Complete 
|1958|0x00000007f4c00000, 0x00000007f4e00000, 0x00000007f4e00000|100%| E|CS|TAMS 0x00000007f4c00000| PB 0x00000007f4c00000| Complete 
|1959|0x00000007f4e00000, 0x00000007f5000000, 0x00000007f5000000|100%| E|CS|TAMS 0x00000007f4e00000| PB 0x00000007f4e00000| Complete 
|1960|0x00000007f5000000, 0x00000007f5200000, 0x00000007f5200000|100%| E|CS|TAMS 0x00000007f5000000| PB 0x00000007f5000000| Complete 
|1961|0x00000007f5200000, 0x00000007f5400000, 0x00000007f5400000|100%| O|  |TAMS 0x00000007f5200000| PB 0x00000007f5200000| Untracked 
|1962|0x00000007f5400000, 0x00000007f5600000, 0x00000007f5600000|100%| E|CS|TAMS 0x00000007f5400000| PB 0x00000007f5400000| Complete 
|1963|0x00000007f5600000, 0x00000007f5800000, 0x00000007f5800000|100%| E|CS|TAMS 0x00000007f5600000| PB 0x00000007f5600000| Complete 
|1964|0x00000007f5800000, 0x00000007f5a00000, 0x00000007f5a00000|100%| E|CS|TAMS 0x00000007f5800000| PB 0x00000007f5800000| Complete 
|1965|0x00000007f5a00000, 0x00000007f5c00000, 0x00000007f5c00000|100%| E|CS|TAMS 0x00000007f5a00000| PB 0x00000007f5a00000| Complete 
|1966|0x00000007f5c00000, 0x00000007f5e00000, 0x00000007f5e00000|100%| E|CS|TAMS 0x00000007f5c00000| PB 0x00000007f5c00000| Complete 
|1967|0x00000007f5e00000, 0x00000007f6000000, 0x00000007f6000000|100%| E|CS|TAMS 0x00000007f5e00000| PB 0x00000007f5e00000| Complete 
|1968|0x00000007f6000000, 0x00000007f6200000, 0x00000007f6200000|100%| E|CS|TAMS 0x00000007f6000000| PB 0x00000007f6000000| Complete 
|1969|0x00000007f6200000, 0x00000007f6400000, 0x00000007f6400000|100%| E|CS|TAMS 0x00000007f6200000| PB 0x00000007f6200000| Complete 
|1970|0x00000007f6400000, 0x00000007f6600000, 0x00000007f6600000|100%| E|CS|TAMS 0x00000007f6400000| PB 0x00000007f6400000| Complete 
|1971|0x00000007f6600000, 0x00000007f6800000, 0x00000007f6800000|100%| E|CS|TAMS 0x00000007f6600000| PB 0x00000007f6600000| Complete 
|1972|0x00000007f6800000, 0x00000007f6a00000, 0x00000007f6a00000|100%| E|CS|TAMS 0x00000007f6800000| PB 0x00000007f6800000| Complete 
|1973|0x00000007f6a00000, 0x00000007f6c00000, 0x00000007f6c00000|100%| E|CS|TAMS 0x00000007f6a00000| PB 0x00000007f6a00000| Complete 
|1974|0x00000007f6c00000, 0x00000007f6e00000, 0x00000007f6e00000|100%| E|CS|TAMS 0x00000007f6c00000| PB 0x00000007f6c00000| Complete 
|1975|0x00000007f6e00000, 0x00000007f7000000, 0x00000007f7000000|100%| E|CS|TAMS 0x00000007f6e00000| PB 0x00000007f6e00000| Complete 
|1976|0x00000007f7000000, 0x00000007f7200000, 0x00000007f7200000|100%| E|CS|TAMS 0x00000007f7000000| PB 0x00000007f7000000| Complete 
|1977|0x00000007f7200000, 0x00000007f7400000, 0x00000007f7400000|100%| E|CS|TAMS 0x00000007f7200000| PB 0x00000007f7200000| Complete 
|1978|0x00000007f7400000, 0x00000007f7600000, 0x00000007f7600000|100%| E|CS|TAMS 0x00000007f7400000| PB 0x00000007f7400000| Complete 
|1979|0x00000007f7600000, 0x00000007f7800000, 0x00000007f7800000|100%| E|CS|TAMS 0x00000007f7600000| PB 0x00000007f7600000| Complete 
|1980|0x00000007f7800000, 0x00000007f7a00000, 0x00000007f7a00000|100%| E|CS|TAMS 0x00000007f7800000| PB 0x00000007f7800000| Complete 
|1981|0x00000007f7a00000, 0x00000007f7c00000, 0x00000007f7c00000|100%| E|CS|TAMS 0x00000007f7a00000| PB 0x00000007f7a00000| Complete 
|1982|0x00000007f7c00000, 0x00000007f7e00000, 0x00000007f7e00000|100%| E|CS|TAMS 0x00000007f7c00000| PB 0x00000007f7c00000| Complete 
|1983|0x00000007f7e00000, 0x00000007f8000000, 0x00000007f8000000|100%| O|  |TAMS 0x00000007f7e00000| PB 0x00000007f7e00000| Untracked 
|1984|0x00000007f8000000, 0x00000007f8200000, 0x00000007f8200000|100%| E|CS|TAMS 0x00000007f8000000| PB 0x00000007f8000000| Complete 
|1985|0x00000007f8200000, 0x00000007f8400000, 0x00000007f8400000|100%| E|CS|TAMS 0x00000007f8200000| PB 0x00000007f8200000| Complete 
|1986|0x00000007f8400000, 0x00000007f8600000, 0x00000007f8600000|100%| O|  |TAMS 0x00000007f8400000| PB 0x00000007f8400000| Untracked 
|1987|0x00000007f8600000, 0x00000007f8800000, 0x00000007f8800000|100%| E|CS|TAMS 0x00000007f8600000| PB 0x00000007f8600000| Complete 
|1988|0x00000007f8800000, 0x00000007f8a00000, 0x00000007f8a00000|100%| E|CS|TAMS 0x00000007f8800000| PB 0x00000007f8800000| Complete 
|1989|0x00000007f8a00000, 0x00000007f8c00000, 0x00000007f8c00000|100%| O|  |TAMS 0x00000007f8a00000| PB 0x00000007f8a00000| Untracked 
|1990|0x00000007f8c00000, 0x00000007f8e00000, 0x00000007f8e00000|100%| O|  |TAMS 0x00000007f8c00000| PB 0x00000007f8c00000| Untracked 
|1991|0x00000007f8e00000, 0x00000007f9000000, 0x00000007f9000000|100%| E|CS|TAMS 0x00000007f8e00000| PB 0x00000007f8e00000| Complete 
|1992|0x00000007f9000000, 0x00000007f9200000, 0x00000007f9200000|100%| O|  |TAMS 0x00000007f9000000| PB 0x00000007f9000000| Untracked 
|1993|0x00000007f9200000, 0x00000007f9400000, 0x00000007f9400000|100%| O|  |TAMS 0x00000007f9200000| PB 0x00000007f9200000| Untracked 
|1994|0x00000007f9400000, 0x00000007f9600000, 0x00000007f9600000|100%| O|  |TAMS 0x00000007f9400000| PB 0x00000007f9400000| Untracked 
|1995|0x00000007f9600000, 0x00000007f9800000, 0x00000007f9800000|100%| O|  |TAMS 0x00000007f9600000| PB 0x00000007f9600000| Untracked 
|1996|0x00000007f9800000, 0x00000007f9a00000, 0x00000007f9a00000|100%| O|  |TAMS 0x00000007f9800000| PB 0x00000007f9800000| Untracked 
|1997|0x00000007f9a00000, 0x00000007f9c00000, 0x00000007f9c00000|100%| O|  |TAMS 0x00000007f9a00000| PB 0x00000007f9a00000| Untracked 
|1998|0x00000007f9c00000, 0x00000007f9e00000, 0x00000007f9e00000|100%| O|  |TAMS 0x00000007f9c00000| PB 0x00000007f9c00000| Untracked 
|1999|0x00000007f9e00000, 0x00000007fa000000, 0x00000007fa000000|100%| O|  |TAMS 0x00000007f9e00000| PB 0x00000007f9e00000| Untracked 
|2000|0x00000007fa000000, 0x00000007fa200000, 0x00000007fa200000|100%| E|CS|TAMS 0x00000007fa000000| PB 0x00000007fa000000| Complete 
|2001|0x00000007fa200000, 0x00000007fa400000, 0x00000007fa400000|100%| O|  |TAMS 0x00000007fa200000| PB 0x00000007fa200000| Untracked 
|2002|0x00000007fa400000, 0x00000007fa600000, 0x00000007fa600000|100%| E|CS|TAMS 0x00000007fa400000| PB 0x00000007fa400000| Complete 
|2003|0x00000007fa600000, 0x00000007fa800000, 0x00000007fa800000|100%| E|CS|TAMS 0x00000007fa600000| PB 0x00000007fa600000| Complete 
|2004|0x00000007fa800000, 0x00000007faa00000, 0x00000007faa00000|100%| E|CS|TAMS 0x00000007fa800000| PB 0x00000007fa800000| Complete 
|2005|0x00000007faa00000, 0x00000007fac00000, 0x00000007fac00000|100%| E|CS|TAMS 0x00000007faa00000| PB 0x00000007faa00000| Complete 
|2006|0x00000007fac00000, 0x00000007fae00000, 0x00000007fae00000|100%| E|CS|TAMS 0x00000007fac00000| PB 0x00000007fac00000| Complete 
|2007|0x00000007fae00000, 0x00000007fb000000, 0x00000007fb000000|100%| E|CS|TAMS 0x00000007fae00000| PB 0x00000007fae00000| Complete 
|2008|0x00000007fb000000, 0x00000007fb200000, 0x00000007fb200000|100%| E|CS|TAMS 0x00000007fb000000| PB 0x00000007fb000000| Complete 
|2009|0x00000007fb200000, 0x00000007fb400000, 0x00000007fb400000|100%| E|CS|TAMS 0x00000007fb200000| PB 0x00000007fb200000| Complete 
|2010|0x00000007fb400000, 0x00000007fb600000, 0x00000007fb600000|100%| E|CS|TAMS 0x00000007fb400000| PB 0x00000007fb400000| Complete 
|2011|0x00000007fb600000, 0x00000007fb800000, 0x00000007fb800000|100%| E|CS|TAMS 0x00000007fb600000| PB 0x00000007fb600000| Complete 
|2012|0x00000007fb800000, 0x00000007fba00000, 0x00000007fba00000|100%| E|CS|TAMS 0x00000007fb800000| PB 0x00000007fb800000| Complete 
|2013|0x00000007fba00000, 0x00000007fbc00000, 0x00000007fbc00000|100%| E|CS|TAMS 0x00000007fba00000| PB 0x00000007fba00000| Complete 
|2014|0x00000007fbc00000, 0x00000007fbe00000, 0x00000007fbe00000|100%| E|CS|TAMS 0x00000007fbc00000| PB 0x00000007fbc00000| Complete 
|2015|0x00000007fbe00000, 0x00000007fc000000, 0x00000007fc000000|100%| E|CS|TAMS 0x00000007fbe00000| PB 0x00000007fbe00000| Complete 
|2016|0x00000007fc000000, 0x00000007fc200000, 0x00000007fc200000|100%| E|CS|TAMS 0x00000007fc000000| PB 0x00000007fc000000| Complete 
|2017|0x00000007fc200000, 0x00000007fc400000, 0x00000007fc400000|100%| E|CS|TAMS 0x00000007fc200000| PB 0x00000007fc200000| Complete 
|2018|0x00000007fc400000, 0x00000007fc600000, 0x00000007fc600000|100%| E|CS|TAMS 0x00000007fc400000| PB 0x00000007fc400000| Complete 
|2019|0x00000007fc600000, 0x00000007fc800000, 0x00000007fc800000|100%| O|  |TAMS 0x00000007fc600000| PB 0x00000007fc600000| Untracked 
|2020|0x00000007fc800000, 0x00000007fca00000, 0x00000007fca00000|100%| E|CS|TAMS 0x00000007fc800000| PB 0x00000007fc800000| Complete 
|2021|0x00000007fca00000, 0x00000007fcc00000, 0x00000007fcc00000|100%| E|CS|TAMS 0x00000007fca00000| PB 0x00000007fca00000| Complete 
|2022|0x00000007fcc00000, 0x00000007fce00000, 0x00000007fce00000|100%| E|CS|TAMS 0x00000007fcc00000| PB 0x00000007fcc00000| Complete 
|2023|0x00000007fce00000, 0x00000007fd000000, 0x00000007fd000000|100%| E|CS|TAMS 0x00000007fce00000| PB 0x00000007fce00000| Complete 
|2024|0x00000007fd000000, 0x00000007fd200000, 0x00000007fd200000|100%| E|CS|TAMS 0x00000007fd000000| PB 0x00000007fd000000| Complete 
|2025|0x00000007fd200000, 0x00000007fd400000, 0x00000007fd400000|100%| O|  |TAMS 0x00000007fd200000| PB 0x00000007fd200000| Untracked 
|2026|0x00000007fd400000, 0x00000007fd600000, 0x00000007fd600000|100%| O|  |TAMS 0x00000007fd400000| PB 0x00000007fd400000| Untracked 
|2027|0x00000007fd600000, 0x00000007fd800000, 0x00000007fd800000|100%| E|CS|TAMS 0x00000007fd600000| PB 0x00000007fd600000| Complete 
|2028|0x00000007fd800000, 0x00000007fda00000, 0x00000007fda00000|100%| E|CS|TAMS 0x00000007fd800000| PB 0x00000007fd800000| Complete 
|2029|0x00000007fda00000, 0x00000007fdc00000, 0x00000007fdc00000|100%| E|CS|TAMS 0x00000007fda00000| PB 0x00000007fda00000| Complete 
|2030|0x00000007fdc00000, 0x00000007fde00000, 0x00000007fde00000|100%| E|CS|TAMS 0x00000007fdc00000| PB 0x00000007fdc00000| Complete 
|2031|0x00000007fde00000, 0x00000007fe000000, 0x00000007fe000000|100%| E|CS|TAMS 0x00000007fde00000| PB 0x00000007fde00000| Complete 
|2032|0x00000007fe000000, 0x00000007fe200000, 0x00000007fe200000|100%| E|CS|TAMS 0x00000007fe000000| PB 0x00000007fe000000| Complete 
|2033|0x00000007fe200000, 0x00000007fe400000, 0x00000007fe400000|100%| E|CS|TAMS 0x00000007fe200000| PB 0x00000007fe200000| Complete 
|2034|0x00000007fe400000, 0x00000007fe600000, 0x00000007fe600000|100%| E|CS|TAMS 0x00000007fe400000| PB 0x00000007fe400000| Complete 
|2035|0x00000007fe600000, 0x00000007fe800000, 0x00000007fe800000|100%| E|CS|TAMS 0x00000007fe600000| PB 0x00000007fe600000| Complete 
|2036|0x00000007fe800000, 0x00000007fea00000, 0x00000007fea00000|100%| E|CS|TAMS 0x00000007fe800000| PB 0x00000007fe800000| Complete 
|2037|0x00000007fea00000, 0x00000007fec00000, 0x00000007fec00000|100%| E|CS|TAMS 0x00000007fea00000| PB 0x00000007fea00000| Complete 
|2038|0x00000007fec00000, 0x00000007fee00000, 0x00000007fee00000|100%| E|CS|TAMS 0x00000007fec00000| PB 0x00000007fec00000| Complete 
|2039|0x00000007fee00000, 0x00000007ff000000, 0x00000007ff000000|100%| E|CS|TAMS 0x00000007fee00000| PB 0x00000007fee00000| Complete 
|2040|0x00000007ff000000, 0x00000007ff200000, 0x00000007ff200000|100%| O|  |TAMS 0x00000007ff000000| PB 0x00000007ff000000| Untracked 
|2041|0x00000007ff200000, 0x00000007ff400000, 0x00000007ff400000|100%| O|  |TAMS 0x00000007ff200000| PB 0x00000007ff200000| Untracked 
|2042|0x00000007ff400000, 0x00000007ff600000, 0x00000007ff600000|100%| O|  |TAMS 0x00000007ff400000| PB 0x00000007ff400000| Untracked 
|2043|0x00000007ff600000, 0x00000007ff800000, 0x00000007ff800000|100%| O|  |TAMS 0x00000007ff600000| PB 0x00000007ff600000| Untracked 
|2044|0x00000007ff800000, 0x00000007ffa00000, 0x00000007ffa00000|100%| O|  |TAMS 0x00000007ff800000| PB 0x00000007ff800000| Untracked 
|2045|0x00000007ffa00000, 0x00000007ffc00000, 0x00000007ffc00000|100%| O|  |TAMS 0x00000007ffa00000| PB 0x00000007ffa00000| Untracked 
|2046|0x00000007ffc00000, 0x00000007ffe00000, 0x00000007ffe00000|100%| O|  |TAMS 0x00000007ffc00000| PB 0x00000007ffc00000| Untracked 
|2047|0x00000007ffe00000, 0x0000000800000000, 0x0000000800000000|100%| O|  |TAMS 0x00000007ffe00000| PB 0x00000007ffe00000| Untracked 

Card table byte_map: [0x00000281da8d0000,0x00000281db0d0000] _byte_map_base: 0x00000281d70d0000

Marking Bits: (CMBitMap*) 0x00000281c03acd80
 Bits: [0x00000281db0d0000, 0x00000281df0d0000)

Polling page: 0x00000281c00b0000

Metaspace:

Usage:
  Non-class:    273.48 MB used.
      Class:     38.75 MB used.
       Both:    312.23 MB used.

Virtual space:
  Non-class space:      320.00 MB reserved,     275.25 MB ( 86%) committed,  5 nodes.
      Class space:        1.00 GB reserved,      40.62 MB (  4%) committed,  1 nodes.
             Both:        1.31 GB reserved,     315.88 MB ( 24%) committed. 

Chunk freelists:
   Non-Class:  12.12 MB
       Class:  7.41 MB
        Both:  19.53 MB

MaxMetaspaceSize: unlimited
CompressedClassSpaceSize: 1.00 GB
Initial GC threshold: 21.00 MB
Current GC threshold: 521.19 MB
CDS: on
 - commit_granule_bytes: 65536.
 - commit_granule_words: 8192.
 - virtual_space_node_default_size: 8388608.
 - enlarge_chunks_in_place: 1.
 - use_allocation_guard: 0.


Internal statistics:

num_allocs_failed_limit: 6.
num_arena_births: 7250.
num_arena_deaths: 40.
num_vsnodes_births: 6.
num_vsnodes_deaths: 0.
num_space_committed: 5047.
num_space_uncommitted: 0.
num_chunks_returned_to_freelist: 65.
num_chunks_taken_from_freelist: 21173.
num_chunk_merges: 10.
num_chunk_splits: 14479.
num_chunks_enlarged: 9925.
num_inconsistent_stats: 0.

CodeHeap 'non-profiled nmethods': size=119168Kb used=26288Kb max_used=27747Kb free=92879Kb
 bounds [0x00000281d1cc0000, 0x00000281d3810000, 0x00000281d9120000]
CodeHeap 'profiled nmethods': size=119104Kb used=17892Kb max_used=68804Kb free=101211Kb
 bounds [0x00000281ca120000, 0x00000281ce460000, 0x00000281d1570000]
CodeHeap 'non-nmethods': size=7488Kb used=3213Kb max_used=4461Kb free=4274Kb
 bounds [0x00000281d1570000, 0x00000281d19e0000, 0x00000281d1cc0000]
CodeCache: size=245760Kb, used=47393Kb, max_used=101012Kb, free=198364Kb
 total_blobs=14186, nmethods=12767, adapters=1317, full_count=0
Compilation: enabled, stopped_count=0, restarted_count=0

Compilation events (20 events):
Event: 1869.792 Thread 0x0000028238f88f80 75215       3       java.util.concurrent.atomic.AtomicInteger::addAndGet (14 bytes)
Event: 1869.792 Thread 0x0000028238f88f80 nmethod 75215 0x00000281ca167710 code [0x00000281ca1678a0, 0x00000281ca1679c0]
Event: 1869.792 Thread 0x0000028238f88f80 75216       3       com.google.protobuf.CodedOutputStream$ArrayEncoder::<init> (94 bytes)
Event: 1869.797 Thread 0x0000028238f88f80 nmethod 75216 0x00000281cc31fd90 code [0x00000281cc320100, 0x00000281cc321978]
Event: 1869.827 Thread 0x0000028241fefc10 nmethod 75214 0x00000281d3199d90 code [0x00000281d3199fe0, 0x00000281d319a900]
Event: 1869.875 Thread 0x0000028238f88f80 75217   !   3       java.util.concurrent.ThreadPoolExecutor::addWorker (293 bytes)
Event: 1869.884 Thread 0x00000281e21a20a0 75218   !   3       java.util.concurrent.locks.AbstractQueuedSynchronizer::tryInitializeHead (66 bytes)
Event: 1869.889 Thread 0x00000281e21a20a0 nmethod 75218 0x00000281cc31f410 code [0x00000281cc31f600, 0x00000281cc31fbc0]
Event: 1869.896 Thread 0x0000028238f88f80 nmethod 75217 0x00000281cc339090 code [0x00000281cc3394c0, 0x00000281cc33b850]
Event: 1869.925 Thread 0x0000028238f88f80 75219       3       com.android.aapt.Resources$XmlElement$Builder::addChild (46 bytes)
Event: 1869.926 Thread 0x0000028238f88f80 nmethod 75219 0x00000281cc337f10 code [0x00000281cc3381c0, 0x00000281cc338c70]
Event: 1870.039 Thread 0x0000028241fefc10 75220       4       java.util.concurrent.locks.LockSupport::setBlocker (12 bytes)
Event: 1870.043 Thread 0x0000028241fefc10 nmethod 75220 0x00000281d3199a10 code [0x00000281d3199ba0, 0x00000281d3199ce0]
Event: 1870.071 Thread 0x0000028241fefc10 75221       4       java.util.ArrayDeque::toArray (95 bytes)
Event: 1870.082 Thread 0x0000028241fefc10 nmethod 75221 0x00000281d3198e90 code [0x00000281d3199040, 0x00000281d3199750]
Event: 1870.083 Thread 0x0000028241fefc10 75223       4       java.util.concurrent.locks.AbstractQueuedSynchronizer::release (19 bytes)
Event: 1870.087 Thread 0x0000028241fefc10 nmethod 75223 0x00000281d3198990 code [0x00000281d3198b40, 0x00000281d3198d58]
Event: 1870.088 Thread 0x0000028241fefc10 75222       4       java.util.concurrent.locks.AbstractQueuedSynchronizer$ConditionObject::enableWait (84 bytes)
Event: 1870.099 Thread 0x0000028241fefc10 nmethod 75222 0x00000281d3197d90 code [0x00000281d3197f80, 0x00000281d31986b0]
Event: 1870.099 Thread 0x0000028241fefc10 75224       4       com.android.tools.r8.internal.pm2::a (103 bytes)

GC Heap History (20 events):
Event: 1844.406 GC heap before
{Heap before GC invocations=234 (full 0):
 garbage-first heap   total 2424832K, used 2294784K [0x0000000700000000, 0x0000000800000000)
  region size 2048K, 541 young (1107968K), 47 survivors (96256K)
 Metaspace       used 314825K, committed 318528K, reserved 1376256K
  class space    used 39095K, committed 40960K, reserved 1048576K
}
Event: 1844.548 GC heap after
{Heap after GC invocations=235 (full 0):
 garbage-first heap   total 2478080K, used 1248155K [0x0000000700000000, 0x0000000800000000)
  region size 2048K, 44 young (90112K), 44 survivors (90112K)
 Metaspace       used 314825K, committed 318528K, reserved 1376256K
  class space    used 39095K, committed 40960K, reserved 1048576K
}
Event: 1845.729 GC heap before
{Heap before GC invocations=235 (full 0):
 garbage-first heap   total 2478080K, used 2333595K [0x0000000700000000, 0x0000000800000000)
  region size 2048K, 575 young (1177600K), 44 survivors (90112K)
 Metaspace       used 314851K, committed 318528K, reserved 1376256K
  class space    used 39095K, committed 40960K, reserved 1048576K
}
Event: 1845.814 GC heap after
{Heap after GC invocations=236 (full 0):
 garbage-first heap   total 2711552K, used 1241055K [0x0000000700000000, 0x0000000800000000)
  region size 2048K, 35 young (71680K), 35 survivors (71680K)
 Metaspace       used 314851K, committed 318528K, reserved 1376256K
  class space    used 39095K, committed 40960K, reserved 1048576K
}
Event: 1846.833 GC heap before
{Heap before GC invocations=236 (full 0):
 garbage-first heap   total 2711552K, used 2064351K [0x0000000700000000, 0x0000000800000000)
  region size 2048K, 439 young (899072K), 35 survivors (71680K)
 Metaspace       used 314869K, committed 318528K, reserved 1376256K
  class space    used 39095K, committed 40960K, reserved 1048576K
}
Event: 1846.887 GC heap after
{Heap after GC invocations=237 (full 0):
 garbage-first heap   total 2711552K, used 1252319K [0x0000000700000000, 0x0000000800000000)
  region size 2048K, 40 young (81920K), 40 survivors (81920K)
 Metaspace       used 314869K, committed 318528K, reserved 1376256K
  class space    used 39095K, committed 40960K, reserved 1048576K
}
Event: 1850.731 GC heap before
{Heap before GC invocations=238 (full 0):
 garbage-first heap   total 2711552K, used 2573279K [0x0000000700000000, 0x0000000800000000)
  region size 2048K, 683 young (1398784K), 40 survivors (81920K)
 Metaspace       used 314969K, committed 318656K, reserved 1376256K
  class space    used 39101K, committed 40960K, reserved 1048576K
}
Event: 1850.775 GC heap after
{Heap after GC invocations=239 (full 0):
 garbage-first heap   total 2711552K, used 1249247K [0x0000000700000000, 0x0000000800000000)
  region size 2048K, 39 young (79872K), 39 survivors (79872K)
 Metaspace       used 314969K, committed 318656K, reserved 1376256K
  class space    used 39101K, committed 40960K, reserved 1048576K
}
Event: 1852.405 GC heap before
{Heap before GC invocations=239 (full 0):
 garbage-first heap   total 2711552K, used 2570207K [0x0000000700000000, 0x0000000800000000)
  region size 2048K, 685 young (1402880K), 39 survivors (79872K)
 Metaspace       used 315286K, committed 319040K, reserved 1376256K
  class space    used 39126K, committed 41024K, reserved 1048576K
}
Event: 1852.482 GC heap after
{Heap after GC invocations=240 (full 0):
 garbage-first heap   total 2711552K, used 1214453K [0x0000000700000000, 0x0000000800000000)
  region size 2048K, 42 young (86016K), 42 survivors (86016K)
 Metaspace       used 315286K, committed 319040K, reserved 1376256K
  class space    used 39126K, committed 41024K, reserved 1048576K
}
Event: 1855.642 GC heap before
{Heap before GC invocations=240 (full 0):
 garbage-first heap   total 2711552K, used 2570229K [0x0000000700000000, 0x0000000800000000)
  region size 2048K, 705 young (1443840K), 42 survivors (86016K)
 Metaspace       used 315294K, committed 319040K, reserved 1376256K
  class space    used 39126K, committed 41024K, reserved 1048576K
}
Event: 1855.740 GC heap after
{Heap after GC invocations=241 (full 0):
 garbage-first heap   total 2711552K, used 1212405K [0x0000000700000000, 0x0000000800000000)
  region size 2048K, 42 young (86016K), 42 survivors (86016K)
 Metaspace       used 315294K, committed 319040K, reserved 1376256K
  class space    used 39126K, committed 41024K, reserved 1048576K
}
Event: 1858.669 GC heap before
{Heap before GC invocations=242 (full 0):
 garbage-first heap   total 2711552K, used 2578421K [0x0000000700000000, 0x0000000800000000)
  region size 2048K, 706 young (1445888K), 42 survivors (86016K)
 Metaspace       used 315404K, committed 319104K, reserved 1376256K
  class space    used 39143K, committed 41024K, reserved 1048576K
}
Event: 1858.719 GC heap after
{Heap after GC invocations=243 (full 0):
 garbage-first heap   total 2711552K, used 1211381K [0x0000000700000000, 0x0000000800000000)
  region size 2048K, 41 young (83968K), 41 survivors (83968K)
 Metaspace       used 315404K, committed 319104K, reserved 1376256K
  class space    used 39143K, committed 41024K, reserved 1048576K
}
Event: 1861.221 GC heap before
{Heap before GC invocations=243 (full 0):
 garbage-first heap   total 2711552K, used 2571253K [0x0000000700000000, 0x0000000800000000)
  region size 2048K, 706 young (1445888K), 41 survivors (83968K)
 Metaspace       used 315420K, committed 319168K, reserved 1376256K
  class space    used 39146K, committed 41024K, reserved 1048576K
}
Event: 1861.316 GC heap after
{Heap after GC invocations=244 (full 0):
 garbage-first heap   total 2717696K, used 1176815K [0x0000000700000000, 0x0000000800000000)
  region size 2048K, 44 young (90112K), 44 survivors (90112K)
 Metaspace       used 315420K, committed 319168K, reserved 1376256K
  class space    used 39146K, committed 41024K, reserved 1048576K
}
Event: 1863.005 GC heap before
{Heap before GC invocations=244 (full 0):
 garbage-first heap   total 2717696K, used 2575599K [0x0000000700000000, 0x0000000800000000)
  region size 2048K, 728 young (1490944K), 44 survivors (90112K)
 Metaspace       used 315961K, committed 319680K, reserved 1376256K
  class space    used 39206K, committed 41088K, reserved 1048576K
}
Event: 1863.095 GC heap after
{Heap after GC invocations=245 (full 0):
 garbage-first heap   total 2717696K, used 1179887K [0x0000000700000000, 0x0000000800000000)
  region size 2048K, 45 young (92160K), 45 survivors (92160K)
 Metaspace       used 315961K, committed 319680K, reserved 1376256K
  class space    used 39206K, committed 41088K, reserved 1048576K
}
Event: 1868.317 GC heap before
{Heap before GC invocations=246 (full 0):
 garbage-first heap   total 2717696K, used 2576623K [0x0000000700000000, 0x0000000800000000)
  region size 2048K, 728 young (1490944K), 45 survivors (92160K)
 Metaspace       used 318198K, committed 321984K, reserved 1376256K
  class space    used 39490K, committed 41408K, reserved 1048576K
}
Event: 1868.412 GC heap after
{Heap after GC invocations=247 (full 0):
 garbage-first heap   total 2717696K, used 1197551K [0x0000000700000000, 0x0000000800000000)
  region size 2048K, 54 young (110592K), 54 survivors (110592K)
 Metaspace       used 318198K, committed 321984K, reserved 1376256K
  class space    used 39490K, committed 41408K, reserved 1048576K
}

Dll operation events (16 events):
Event: 0.015 Loaded shared library C:\Users\opule\AndroidStudioProjects\jdks\amazon_com_inc_-21-amd64-windows.2\bin\java.dll
Event: 0.056 Loaded shared library C:\Users\opule\AndroidStudioProjects\jdks\amazon_com_inc_-21-amd64-windows.2\bin\jsvml.dll
Event: 0.093 Loaded shared library C:\Users\opule\AndroidStudioProjects\jdks\amazon_com_inc_-21-amd64-windows.2\bin\zip.dll
Event: 0.100 Loaded shared library C:\Users\opule\AndroidStudioProjects\jdks\amazon_com_inc_-21-amd64-windows.2\bin\instrument.dll
Event: 0.105 Loaded shared library C:\Users\opule\AndroidStudioProjects\jdks\amazon_com_inc_-21-amd64-windows.2\bin\net.dll
Event: 0.107 Loaded shared library C:\Users\opule\AndroidStudioProjects\jdks\amazon_com_inc_-21-amd64-windows.2\bin\nio.dll
Event: 0.160 Loaded shared library C:\Users\opule\AndroidStudioProjects\jdks\amazon_com_inc_-21-amd64-windows.2\bin\zip.dll
Event: 20.636 Loaded shared library C:\Users\opule\AndroidStudioProjects\jdks\amazon_com_inc_-21-amd64-windows.2\bin\jimage.dll
Event: 30.760 Loaded shared library C:\Users\opule\AndroidStudioProjects\jdks\amazon_com_inc_-21-amd64-windows.2\bin\verify.dll
Event: 31.018 Loaded shared library C:\Users\opule\AndroidStudioProjects\native\660c5614fbf4a5f2a75b1949f50a0caf5cd603558e7d8a26e50b933a0cfb79d1\windows-amd64\native-platform.dll
Event: 31.182 Loaded shared library C:\Users\opule\AndroidStudioProjects\native\0.2.8\x86_64-windows-gnu\gradle-fileevents.dll
Event: 56.153 Loaded shared library C:\Users\opule\AndroidStudioProjects\jdks\amazon_com_inc_-21-amd64-windows.2\bin\management.dll
Event: 56.163 Loaded shared library C:\Users\opule\AndroidStudioProjects\jdks\amazon_com_inc_-21-amd64-windows.2\bin\management_ext.dll
Event: 56.516 Loaded shared library C:\Users\opule\AndroidStudioProjects\jdks\amazon_com_inc_-21-amd64-windows.2\bin\extnet.dll
Event: 57.246 Loaded shared library C:\Users\opule\AndroidStudioProjects\jdks\amazon_com_inc_-21-amd64-windows.2\bin\sunmscapi.dll
Event: 647.965 Loaded shared library C:\Users\opule\AppData\Local\Temp\jna--975736197\jna5802403376408164739.dll

Deoptimization events (20 events):
Event: 1869.563 Thread 0x00000282380aebc0 Uncommon trap: trap_request=0xffffff45 fr.pc=0x00000281d36dafc8 relative=0x0000000000000168
Event: 1869.563 Thread 0x00000282380aebc0 Uncommon trap: reason=unstable_if action=reinterpret pc=0x00000281d36dafc8 method=org.gradle.internal.logging.sink.LogEventDispatcher.onOutput(Lorg/gradle/internal/logging/events/OutputEvent;)V @ 35 c2
Event: 1869.563 Thread 0x00000282380aebc0 DEOPT PACKING pc=0x00000281d36dafc8 sp=0x000000ffa38fa4c0
Event: 1869.563 Thread 0x00000282380aebc0 DEOPT UNPACKING pc=0x00000281d15c4422 sp=0x000000ffa38fa3e0 mode 2
Event: 1869.563 Thread 0x00000282380aebc0 Uncommon trap: trap_request=0xffffff45 fr.pc=0x00000281d36d7314 relative=0x0000000000000cd4
Event: 1869.563 Thread 0x00000282380aebc0 Uncommon trap: reason=unstable_if action=reinterpret pc=0x00000281d36d7314 method=org.gradle.internal.logging.console.StyledTextOutputBackedRenderer.onOutput(Lorg/gradle/internal/logging/events/OutputEvent;)V @ 80 c2
Event: 1869.563 Thread 0x00000282380aebc0 DEOPT PACKING pc=0x00000281d36d7314 sp=0x000000ffa38fa320
Event: 1869.563 Thread 0x00000282380aebc0 DEOPT UNPACKING pc=0x00000281d15c4422 sp=0x000000ffa38fa2f0 mode 2
Event: 1869.604 Thread 0x00000282380aebc0 Uncommon trap: trap_request=0xffffff45 fr.pc=0x00000281d2d8d684 relative=0x0000000000000064
Event: 1869.619 Thread 0x00000282380aebc0 Uncommon trap: reason=unstable_if action=reinterpret pc=0x00000281d2d8d684 method=kotlin.io.CloseableKt.closeFinally(Ljava/io/Closeable;Ljava/lang/Throwable;)V @ 6 c2
Event: 1869.620 Thread 0x00000282380aebc0 DEOPT PACKING pc=0x00000281d2d8d684 sp=0x000000ffa38fadf0
Event: 1869.620 Thread 0x00000282380aebc0 DEOPT UNPACKING pc=0x00000281d15c4422 sp=0x000000ffa38fad88 mode 2
Event: 1869.632 Thread 0x00000282380aebc0 Uncommon trap: trap_request=0xffffffde fr.pc=0x00000281d1ec5848 relative=0x0000000000001328
Event: 1869.632 Thread 0x00000282380aebc0 Uncommon trap: reason=class_check action=maybe_recompile pc=0x00000281d1ec5848 method=org.gradle.api.internal.artifacts.transform.TransformingAsyncArtifactListener$TransformedArtifact.finalizeValue()Lorg/gradle/internal/Try; @ 144 c2
Event: 1869.632 Thread 0x00000282380aebc0 DEOPT PACKING pc=0x00000281d1ec5848 sp=0x000000ffa38fe530
Event: 1869.632 Thread 0x00000282380aebc0 DEOPT UNPACKING pc=0x00000281d15c4422 sp=0x000000ffa38fe4e0 mode 2
Event: 1869.789 Thread 0x000002824a74fb70 Uncommon trap: trap_request=0xffffff45 fr.pc=0x00000281d2699b70 relative=0x0000000000000d70
Event: 1869.789 Thread 0x000002824a74fb70 Uncommon trap: reason=unstable_if action=reinterpret pc=0x00000281d2699b70 method=java.lang.Thread.getAndClearInterrupt()Z @ 6 c2
Event: 1869.789 Thread 0x000002824a74fb70 DEOPT PACKING pc=0x00000281d2699b70 sp=0x000000ffa94ff260
Event: 1869.789 Thread 0x000002824a74fb70 DEOPT UNPACKING pc=0x00000281d15c4422 sp=0x000000ffa94ff130 mode 2

Classes loaded (20 events):
Event: 1701.499 Loading class java/util/IdentityHashMap$IdentityHashMapSpliterator done
Event: 1701.499 Loading class java/util/IdentityHashMap$EntrySpliterator done
Event: 1701.858 Loading class java/util/SortedSet$1
Event: 1701.865 Loading class java/util/SortedSet$1 done
Event: 1704.721 Loading class java/util/zip/Adler32
Event: 1704.752 Loading class java/util/zip/Adler32 done
Event: 1707.179 Loading class java/nio/ByteBufferAsShortBufferL
Event: 1707.184 Loading class java/nio/ByteBufferAsShortBufferL done
Event: 1763.453 Loading class java/util/Spliterators$2Adapter
Event: 1763.455 Loading class java/util/Spliterators$2Adapter done
Event: 1765.412 Loading class java/lang/StringUTF16$CodePointsSpliterator
Event: 1765.418 Loading class java/lang/StringUTF16$CodePointsSpliterator done
Event: 1834.439 Loading class com/sun/xml/internal/stream/util/ReadOnlyIterator
Event: 1834.468 Loading class com/sun/xml/internal/stream/util/ReadOnlyIterator done
Event: 1851.115 Loading class com/sun/xml/internal/stream/events/CommentEvent
Event: 1851.118 Loading class javax/xml/stream/events/Comment
Event: 1851.125 Loading class javax/xml/stream/events/Comment done
Event: 1851.125 Loading class com/sun/xml/internal/stream/events/CommentEvent done
Event: 1869.543 Loading class java/util/concurrent/Executors$DelegatedScheduledExecutorService
Event: 1869.559 Loading class java/util/concurrent/Executors$DelegatedScheduledExecutorService done

Classes unloaded (20 events):
Event: 1692.136 Thread 0x00000281e1e08120 Unloading class 0x00000281e62d84f8 '_BuildScript_$_run_closure1'
Event: 1692.136 Thread 0x00000281e1e08120 Unloading class 0x00000281e62d8000 '_BuildScript_'
Event: 1692.136 Thread 0x00000281e1e08120 Unloading class 0x00000281e62d08e8 '_BuildScript_$_run_closure1$_closure2'
Event: 1692.136 Thread 0x00000281e1e08120 Unloading class 0x00000281e62d04f8 '_BuildScript_$_run_closure1'
Event: 1692.136 Thread 0x00000281e1e08120 Unloading class 0x00000281e62d0000 '_BuildScript_'
Event: 1692.136 Thread 0x00000281e1e08120 Unloading class 0x00000281e5fa4c00 'java/lang/invoke/LambdaForm$MH+0x00000281e5fa4c00'
Event: 1692.136 Thread 0x00000281e1e08120 Unloading class 0x00000281e5c98000 'java/lang/invoke/LambdaForm$MH+0x00000281e5c98000'
Event: 1692.136 Thread 0x00000281e1e08120 Unloading class 0x00000281e5c60000 'java/lang/invoke/LambdaForm$MH+0x00000281e5c60000'
Event: 1692.136 Thread 0x00000281e1e08120 Unloading class 0x00000281e5c20400 'java/lang/invoke/LambdaForm$MH+0x00000281e5c20400'
Event: 1692.136 Thread 0x00000281e1e08120 Unloading class 0x00000281e5c10400 'java/lang/invoke/LambdaForm$MH+0x00000281e5c10400'
Event: 1692.136 Thread 0x00000281e1e08120 Unloading class 0x00000281e5bb0800 'java/lang/invoke/LambdaForm$MH+0x00000281e5bb0800'
Event: 1692.136 Thread 0x00000281e1e08120 Unloading class 0x00000281e5bb0400 'java/lang/invoke/LambdaForm$MH+0x00000281e5bb0400'
Event: 1692.136 Thread 0x00000281e1e08120 Unloading class 0x00000281e5bb0000 'java/lang/invoke/LambdaForm$MH+0x00000281e5bb0000'
Event: 1692.136 Thread 0x00000281e1e08120 Unloading class 0x00000281e5950000 'java/lang/invoke/LambdaForm$MH+0x00000281e5950000'
Event: 1692.136 Thread 0x00000281e1e08120 Unloading class 0x00000281e56cc000 'java/lang/invoke/LambdaForm$MH+0x00000281e56cc000'
Event: 1702.873 Thread 0x00000281e1e08120 Unloading class 0x00000281e6418800 'jdk/internal/reflect/GeneratedSerializationConstructorAccessor567'
Event: 1709.996 Thread 0x00000281e1e08120 Unloading class 0x00000281e6688800 'java/lang/invoke/LambdaForm$DMH+0x00000281e6688800'
Event: 1709.996 Thread 0x00000281e1e08120 Unloading class 0x00000281e6670c00 'java/lang/invoke/LambdaForm$DMH+0x00000281e6670c00'
Event: 1709.996 Thread 0x00000281e1e08120 Unloading class 0x00000281e6670800 'java/lang/invoke/LambdaForm$DMH+0x00000281e6670800'
Event: 1709.996 Thread 0x00000281e1e08120 Unloading class 0x00000281e65ec400 'java/lang/invoke/LambdaForm$DMH+0x00000281e65ec400'

Classes redefined (0 events):
No events

Internal exceptions (20 events):
Event: 1869.446 Thread 0x000002824885fa60 Exception <a 'sun/nio/fs/WindowsException'{0x0000000788f0b8a0}> (0x0000000788f0b8a0) 
thrown [s\src\hotspot\share\prims\jni.cpp, line 520]
Event: 1869.468 Thread 0x000002824885d990 Exception <a 'sun/nio/fs/WindowsException'{0x0000000787007720}> (0x0000000787007720) 
thrown [s\src\hotspot\share\prims\jni.cpp, line 520]
Event: 1869.493 Thread 0x00000282380aebc0 Exception <a 'java/lang/NoSuchMethodError'{0x000000078a234a70}: 'java.lang.Object java.lang.invoke.DirectMethodHandle$Holder.invokeStaticInit(java.lang.Object, java.lang.Object, java.lang.Object, int)'> (0x000000078a234a70) 
thrown [s\src\hotspot\share\interpreter\linkResolver.cpp, line 773]
Event: 1869.505 Thread 0x000002822e7076d0 Exception <a 'sun/nio/fs/WindowsException'{0x0000000786c07018}> (0x0000000786c07018) 
thrown [s\src\hotspot\share\prims\jni.cpp, line 520]
Event: 1869.535 Thread 0x000002824885e6b0 Exception <a 'sun/nio/fs/WindowsException'{0x0000000783a0aab0}> (0x0000000783a0aab0) 
thrown [s\src\hotspot\share\prims\jni.cpp, line 520]
Event: 1869.544 Thread 0x000002824885cc70 Exception <a 'sun/nio/fs/WindowsException'{0x00000007860204b0}> (0x00000007860204b0) 
thrown [s\src\hotspot\share\prims\jni.cpp, line 520]
Event: 1869.589 Thread 0x000002822e7076d0 Exception <a 'sun/nio/fs/WindowsException'{0x0000000782e0fc70}> (0x0000000782e0fc70) 
thrown [s\src\hotspot\share\prims\jni.cpp, line 520]
Event: 1869.606 Thread 0x000002824885d990 Exception <a 'sun/nio/fs/WindowsException'{0x000000078315a0a8}> (0x000000078315a0a8) 
thrown [s\src\hotspot\share\prims\jni.cpp, line 520]
Event: 1869.610 Thread 0x000002824885fa60 Exception <a 'sun/nio/fs/WindowsException'{0x0000000782a20508}> (0x0000000782a20508) 
thrown [s\src\hotspot\share\prims\jni.cpp, line 520]
Event: 1869.631 Thread 0x00000282380aebc0 Exception <a 'sun/nio/fs/WindowsException'{0x000000078a25f628}> (0x000000078a25f628) 
thrown [s\src\hotspot\share\prims\jni.cpp, line 520]
Event: 1869.648 Thread 0x000002824885e6b0 Exception <a 'sun/nio/fs/WindowsException'{0x0000000782455ba8}> (0x0000000782455ba8) 
thrown [s\src\hotspot\share\prims\jni.cpp, line 520]
Event: 1869.668 Thread 0x000002824885cc70 Exception <a 'sun/nio/fs/WindowsException'{0x0000000780a0d900}> (0x0000000780a0d900) 
thrown [s\src\hotspot\share\prims\jni.cpp, line 520]
Event: 1869.668 Thread 0x0000028249773950 Exception <a 'sun/nio/fs/WindowsException'{0x0000000780318718}> (0x0000000780318718) 
thrown [s\src\hotspot\share\prims\jni.cpp, line 520]
Event: 1869.771 Thread 0x000002824885e020 Exception <a 'java/io/IOException'{0x0000000781d11900}: CreateProcess error=1455, The paging file is too small for this operation to complete> (0x0000000781d11900) 
thrown [s\src\hotspot\share\prims\jni.cpp, line 539]
Event: 1869.895 Thread 0x000002822e7076d0 Exception <a 'sun/nio/fs/WindowsException'{0x000000077da2d2d8}> (0x000000077da2d2d8) 
thrown [s\src\hotspot\share\prims\jni.cpp, line 520]
Event: 1869.913 Thread 0x000002824885d990 Exception <a 'sun/nio/fs/WindowsException'{0x000000077df09978}> (0x000000077df09978) 
thrown [s\src\hotspot\share\prims\jni.cpp, line 520]
Event: 1869.960 Thread 0x000002824885fa60 Exception <a 'sun/nio/fs/WindowsException'{0x000000077e0224e8}> (0x000000077e0224e8) 
thrown [s\src\hotspot\share\prims\jni.cpp, line 520]
Event: 1869.961 Thread 0x000002824885e6b0 Exception <a 'sun/nio/fs/WindowsException'{0x000000077e1513c0}> (0x000000077e1513c0) 
thrown [s\src\hotspot\share\prims\jni.cpp, line 520]
Event: 1870.058 Thread 0x000002824885cc70 Exception <a 'sun/nio/fs/WindowsException'{0x000000077c739ee0}> (0x000000077c739ee0) 
thrown [s\src\hotspot\share\prims\jni.cpp, line 520]
Event: 1870.070 Thread 0x0000028249773950 Exception <a 'sun/nio/fs/WindowsException'{0x000000077bd05fd8}> (0x000000077bd05fd8) 
thrown [s\src\hotspot\share\prims\jni.cpp, line 520]

ZGC Phase Switch (0 events):
No events

VM Operations (20 events):
Event: 1862.992 Executing safepoint VM operation: G1CollectForAllocation (GCLocker Initiated GC)
Event: 1863.095 Executing safepoint VM operation: G1CollectForAllocation (GCLocker Initiated GC) done
Event: 1863.955 Executing safepoint VM operation: G1PauseRemark
Event: 1863.993 Executing safepoint VM operation: G1PauseRemark done
Event: 1864.912 Executing non-safepoint VM operation: HandshakeAllThreads (HandshakeForDeflation)
Event: 1864.941 Executing non-safepoint VM operation: HandshakeAllThreads (HandshakeForDeflation) done
Event: 1864.941 Executing non-safepoint VM operation: RendezvousGCThreads
Event: 1864.942 Executing non-safepoint VM operation: RendezvousGCThreads done
Event: 1865.203 Executing safepoint VM operation: G1PauseCleanup
Event: 1865.222 Executing safepoint VM operation: G1PauseCleanup done
Event: 1866.231 Executing safepoint VM operation: Cleanup
Event: 1866.245 Executing safepoint VM operation: Cleanup done
Event: 1867.259 Executing safepoint VM operation: Cleanup
Event: 1867.275 Executing safepoint VM operation: Cleanup done
Event: 1868.285 Executing safepoint VM operation: Cleanup
Event: 1868.301 Executing safepoint VM operation: Cleanup done
Event: 1868.302 Executing safepoint VM operation: G1CollectForAllocation (G1 Evacuation Pause)
Event: 1868.412 Executing safepoint VM operation: G1CollectForAllocation (G1 Evacuation Pause) done
Event: 1869.424 Executing safepoint VM operation: Cleanup
Event: 1869.440 Executing safepoint VM operation: Cleanup done

Memory protections (0 events):
No events

Nmethod flushes (20 events):
Event: 1863.991 Thread 0x00000281e1e08120 flushing  nmethod 0x00000281d29edf10
Event: 1863.991 Thread 0x00000281e1e08120 flushing  nmethod 0x00000281d29ee810
Event: 1863.991 Thread 0x00000281e1e08120 flushing  nmethod 0x00000281d29ef690
Event: 1863.991 Thread 0x00000281e1e08120 flushing  nmethod 0x00000281d29f0590
Event: 1863.991 Thread 0x00000281e1e08120 flushing  nmethod 0x00000281d2cc5410
Event: 1863.991 Thread 0x00000281e1e08120 flushing  nmethod 0x00000281d2e9eb90
Event: 1863.991 Thread 0x00000281e1e08120 flushing  nmethod 0x00000281d2fda310
Event: 1863.991 Thread 0x00000281e1e08120 flushing  nmethod 0x00000281ca1c8990
Event: 1863.991 Thread 0x00000281e1e08120 flushing  nmethod 0x00000281ca1fb490
Event: 1863.991 Thread 0x00000281e1e08120 flushing  nmethod 0x00000281ca20b590
Event: 1863.991 Thread 0x00000281e1e08120 flushing  nmethod 0x00000281ca212090
Event: 1863.991 Thread 0x00000281e1e08120 flushing  nmethod 0x00000281ca746310
Event: 1863.991 Thread 0x00000281e1e08120 flushing  nmethod 0x00000281ca79c290
Event: 1863.991 Thread 0x00000281e1e08120 flushing  nmethod 0x00000281caa80790
Event: 1863.991 Thread 0x00000281e1e08120 flushing  nmethod 0x00000281cb3b7c10
Event: 1863.991 Thread 0x00000281e1e08120 flushing  nmethod 0x00000281cc4d7410
Event: 1863.991 Thread 0x00000281e1e08120 flushing  nmethod 0x00000281ccd1a910
Event: 1863.991 Thread 0x00000281e1e08120 flushing  nmethod 0x00000281ccf4d810
Event: 1863.991 Thread 0x00000281e1e08120 flushing  nmethod 0x00000281ccf56c90
Event: 1863.991 Thread 0x00000281e1e08120 flushing  nmethod 0x00000281cd17df10

Events (20 events):
Event: 1865.797 Thread 0x0000028238fc0980 Thread exited: 0x0000028238fc0980
Event: 1865.797 Thread 0x000002824b18a060 Thread exited: 0x000002824b18a060
Event: 1865.797 Thread 0x0000028241d06f50 Thread exited: 0x0000028241d06f50
Event: 1865.837 Thread 0x0000028241d061b0 Thread exited: 0x0000028241d061b0
Event: 1865.837 Thread 0x0000028241d485b0 Thread exited: 0x0000028241d485b0
Event: 1866.337 Thread 0x00000281e1e3bde0 Thread added: 0x0000028241d05410
Event: 1866.337 Thread 0x00000281e1e3bde0 Thread added: 0x0000028241d06f50
Event: 1867.013 Thread 0x00000281e21a20a0 Thread added: 0x00000282497b7620
Event: 1867.525 Thread 0x00000281e21a20a0 Thread added: 0x0000028238f88f80
Event: 1868.223 Thread 0x00000282497b7620 Thread exited: 0x00000282497b7620
Event: 1868.223 Thread 0x0000028241d06f50 Thread exited: 0x0000028241d06f50
Event: 1868.223 Thread 0x0000028241d05410 Thread exited: 0x0000028241d05410
Event: 1868.427 Thread 0x00000281e1e3bde0 Thread added: 0x0000028241d06f50
Event: 1868.582 Thread 0x0000028241d06f50 Thread exited: 0x0000028241d06f50
Event: 1869.342 Thread 0x0000028238f88f80 Thread added: 0x0000028241fefc10
Event: 1869.560 Thread 0x000002824885e020 Thread added: 0x000002824a74fb70
Event: 1869.792 Thread 0x000002824a74fb70 Thread exited: 0x000002824a74fb70
Event: 1869.887 Thread 0x000002824885f3d0 Thread added: 0x000002824a74daa0
Event: 1870.087 Thread 0x000002824885f3d0 Thread added: 0x000002824a74d410
Event: 1870.087 Thread 0x000002824885f3d0 Thread added: 0x000002824a750200


Dynamic libraries:
0x00007ff7fa3a0000 - 0x00007ff7fa3ae000 	C:\Users\opule\AndroidStudioProjects\jdks\amazon_com_inc_-21-amd64-windows.2\bin\java.exe
0x00007fff61060000 - 0x00007fff612c7000 	C:\WINDOWS\SYSTEM32\ntdll.dll
0x00007fff60ae0000 - 0x00007fff60ba9000 	C:\WINDOWS\System32\KERNEL32.DLL
0x00007fff5e000000 - 0x00007fff5e3f7000 	C:\WINDOWS\System32\KERNELBASE.dll
0x00007fff5adf0000 - 0x00007fff5ae90000 	C:\WINDOWS\SYSTEM32\apphelp.dll
0x00007fff5dd80000 - 0x00007fff5decb000 	C:\WINDOWS\System32\ucrtbase.dll
0x00007fff55350000 - 0x00007fff55368000 	C:\Users\opule\AndroidStudioProjects\jdks\amazon_com_inc_-21-amd64-windows.2\bin\jli.dll
0x00007fff60910000 - 0x00007fff60ad6000 	C:\WINDOWS\System32\USER32.dll
0x00007fff46c80000 - 0x00007fff46c9e000 	C:\Users\opule\AndroidStudioProjects\jdks\amazon_com_inc_-21-amd64-windows.2\bin\VCRUNTIME140.dll
0x00007fff5e400000 - 0x00007fff5e427000 	C:\WINDOWS\System32\win32u.dll
0x00007fff3cfd0000 - 0x00007fff3d262000 	C:\WINDOWS\WinSxS\amd64_microsoft.windows.common-controls_6595b64144ccf1df_6.0.26100.8457_none_3e0b2faee331e92d\COMCTL32.dll
0x00007fff60200000 - 0x00007fff6022b000 	C:\WINDOWS\System32\GDI32.dll
0x00007fff5ded0000 - 0x00007fff5dffc000 	C:\WINDOWS\System32\gdi32full.dll
0x00007fff60020000 - 0x00007fff600c9000 	C:\WINDOWS\System32\msvcrt.dll
0x00007fff5eca0000 - 0x00007fff5ed43000 	C:\WINDOWS\System32\msvcp_win.dll
0x00007fff600d0000 - 0x00007fff60102000 	C:\WINDOWS\System32\IMM32.DLL
0x00007fff55870000 - 0x00007fff5587c000 	C:\Users\opule\AndroidStudioProjects\jdks\amazon_com_inc_-21-amd64-windows.2\bin\vcruntime140_1.dll
0x00007ffecf390000 - 0x00007ffecf419000 	C:\Users\opule\AndroidStudioProjects\jdks\amazon_com_inc_-21-amd64-windows.2\bin\msvcp140.dll
0x00007ffe96b60000 - 0x00007ffe97908000 	C:\Users\opule\AndroidStudioProjects\jdks\amazon_com_inc_-21-amd64-windows.2\bin\server\jvm.dll
0x00007fff60de0000 - 0x00007fff60e96000 	C:\WINDOWS\System32\ADVAPI32.dll
0x00007fff5f230000 - 0x00007fff5f2d7000 	C:\WINDOWS\System32\sechost.dll
0x00007fff60260000 - 0x00007fff60378000 	C:\WINDOWS\System32\RPCRT4.dll
0x00007fff5ef70000 - 0x00007fff5eff0000 	C:\WINDOWS\System32\WS2_32.dll
0x00007fff5d8f0000 - 0x00007fff5d94e000 	C:\WINDOWS\SYSTEM32\POWRPROF.dll
0x00007fff4e6a0000 - 0x00007fff4e6d6000 	C:\WINDOWS\SYSTEM32\WINMM.dll
0x00007fff56d40000 - 0x00007fff56d4b000 	C:\WINDOWS\SYSTEM32\VERSION.dll
0x00007fff5d8d0000 - 0x00007fff5d8e4000 	C:\WINDOWS\SYSTEM32\UMPDC.dll
0x00007fff5c820000 - 0x00007fff5c83b000 	C:\WINDOWS\SYSTEM32\kernel.appcore.dll
0x00007fff46c70000 - 0x00007fff46c7a000 	C:\Users\opule\AndroidStudioProjects\jdks\amazon_com_inc_-21-amd64-windows.2\bin\jimage.dll
0x00007fff5b530000 - 0x00007fff5b772000 	C:\WINDOWS\SYSTEM32\DBGHELP.DLL
0x00007fff5fa60000 - 0x00007fff5fde3000 	C:\WINDOWS\System32\combase.dll
0x00007fff60120000 - 0x00007fff601f9000 	C:\WINDOWS\System32\OLEAUT32.dll
0x00007fff10b20000 - 0x00007fff10b5b000 	C:\WINDOWS\SYSTEM32\dbgcore.DLL
0x00007fff5dc10000 - 0x00007fff5dcb8000 	C:\WINDOWS\System32\bcryptPrimitives.dll
0x00007fff46bc0000 - 0x00007fff46bd0000 	C:\Users\opule\AndroidStudioProjects\jdks\amazon_com_inc_-21-amd64-windows.2\bin\instrument.dll
0x00007fff212d0000 - 0x00007fff212f1000 	C:\Users\opule\AndroidStudioProjects\jdks\amazon_com_inc_-21-amd64-windows.2\bin\java.dll
0x00007fff5f2e0000 - 0x00007fff5fa4e000 	C:\WINDOWS\System32\SHELL32.dll
0x00007fff5e430000 - 0x00007fff5ec9c000 	C:\WINDOWS\System32\windows.storage.dll
0x00007fff60f20000 - 0x00007fff61016000 	C:\WINDOWS\System32\SHCORE.dll
0x00007fff608a0000 - 0x00007fff60906000 	C:\WINDOWS\System32\shlwapi.dll
0x00007fff5d9b0000 - 0x00007fff5d9d9000 	C:\WINDOWS\SYSTEM32\profapi.dll
0x00007ffecf2b0000 - 0x00007ffecf387000 	C:\Users\opule\AndroidStudioProjects\jdks\amazon_com_inc_-21-amd64-windows.2\bin\jsvml.dll
0x00007fff212b0000 - 0x00007fff212c8000 	C:\Users\opule\AndroidStudioProjects\jdks\amazon_com_inc_-21-amd64-windows.2\bin\zip.dll
0x00007fff21290000 - 0x00007fff212a1000 	C:\Users\opule\AndroidStudioProjects\jdks\amazon_com_inc_-21-amd64-windows.2\bin\net.dll
0x00007fff56550000 - 0x00007fff56679000 	C:\WINDOWS\SYSTEM32\WINHTTP.dll
0x00007fff5cd90000 - 0x00007fff5cdfc000 	C:\WINDOWS\system32\mswsock.dll
0x00007fff1acf0000 - 0x00007fff1ad06000 	C:\Users\opule\AndroidStudioProjects\jdks\amazon_com_inc_-21-amd64-windows.2\bin\nio.dll
0x00007fff45e50000 - 0x00007fff45e60000 	C:\Users\opule\AndroidStudioProjects\jdks\amazon_com_inc_-21-amd64-windows.2\bin\verify.dll
0x00007ffeb29c0000 - 0x00007ffeb29e7000 	C:\Users\opule\AndroidStudioProjects\native\660c5614fbf4a5f2a75b1949f50a0caf5cd603558e7d8a26e50b933a0cfb79d1\windows-amd64\native-platform.dll
0x00007ffecf180000 - 0x00007ffecf1f7000 	C:\Users\opule\AndroidStudioProjects\native\0.2.8\x86_64-windows-gnu\gradle-fileevents.dll
0x00007fff315a0000 - 0x00007fff315aa000 	C:\Users\opule\AndroidStudioProjects\jdks\amazon_com_inc_-21-amd64-windows.2\bin\management.dll
0x00007fff31180000 - 0x00007fff3118c000 	C:\Users\opule\AndroidStudioProjects\jdks\amazon_com_inc_-21-amd64-windows.2\bin\management_ext.dll
0x00007fff60110000 - 0x00007fff60118000 	C:\WINDOWS\System32\PSAPI.DLL
0x00007fff5c1e0000 - 0x00007fff5c212000 	C:\WINDOWS\SYSTEM32\IPHLPAPI.DLL
0x00007fff5f000000 - 0x00007fff5f00a000 	C:\WINDOWS\System32\NSI.dll
0x00007fff30cd0000 - 0x00007fff30cd9000 	C:\Users\opule\AndroidStudioProjects\jdks\amazon_com_inc_-21-amd64-windows.2\bin\extnet.dll
0x00007fff5d070000 - 0x00007fff5d08b000 	C:\WINDOWS\SYSTEM32\CRYPTSP.dll
0x00007fff5c780000 - 0x00007fff5c7b9000 	C:\WINDOWS\system32\rsaenh.dll
0x00007fff5ce40000 - 0x00007fff5ce73000 	C:\WINDOWS\SYSTEM32\USERENV.dll
0x00007fff5d980000 - 0x00007fff5d9aa000 	C:\WINDOWS\SYSTEM32\bcrypt.dll
0x00007fff5d090000 - 0x00007fff5d09c000 	C:\WINDOWS\SYSTEM32\CRYPTBASE.dll
0x00007fff30bb0000 - 0x00007fff30bbe000 	C:\Users\opule\AndroidStudioProjects\jdks\amazon_com_inc_-21-amd64-windows.2\bin\sunmscapi.dll
0x00007fff5da90000 - 0x00007fff5dc08000 	C:\WINDOWS\System32\CRYPT32.dll
0x00007fff5d290000 - 0x00007fff5d2c0000 	C:\WINDOWS\SYSTEM32\ncrypt.dll
0x00007fff5d240000 - 0x00007fff5d27f000 	C:\WINDOWS\SYSTEM32\NTASN1.dll
0x00007fff24330000 - 0x00007fff24338000 	C:\WINDOWS\system32\wshunix.dll
0x00007fff5c2d0000 - 0x00007fff5c402000 	C:\WINDOWS\SYSTEM32\DNSAPI.dll
0x00007fff56370000 - 0x00007fff5637b000 	C:\Windows\System32\rasadhlp.dll
0x00007fff576d0000 - 0x00007fff57756000 	C:\WINDOWS\System32\fwpuclnt.dll
0x00007fff2d570000 - 0x00007fff2d5b1000 	C:\Users\opule\AppData\Local\Temp\jna--975736197\jna5802403376408164739.dll
0x00007fff5c940000 - 0x00007fff5c976000 	C:\WINDOWS\SYSTEM32\ntmarta.dll

JVMTI agents:
C:\Users\opule\AndroidStudioProjects\wrapper\dists\gradle-9.3.1-bin\23ovyewtku6u96viwx3xl3oks\gradle-9.3.1\lib\agents\gradle-instrumentation-agent-9.3.1.jar path:C:\Users\opule\AndroidStudioProjects\jdks\amazon_com_inc_-21-amd64-windows.2\bin\instrument.dll, loaded, initialized, instrumentlib options:none

dbghelp: loaded successfully - version: 4.0.5 - missing functions: none
symbol engine: initialized successfully - sym options: 0x614 - pdb path: .;C:\Users\opule\AndroidStudioProjects\jdks\amazon_com_inc_-21-amd64-windows.2\bin;C:\WINDOWS\SYSTEM32;C:\WINDOWS\WinSxS\amd64_microsoft.windows.common-controls_6595b64144ccf1df_6.0.26100.8457_none_3e0b2faee331e92d;C:\Users\opule\AndroidStudioProjects\jdks\amazon_com_inc_-21-amd64-windows.2\bin\server;C:\Users\opule\AndroidStudioProjects\native\660c5614fbf4a5f2a75b1949f50a0caf5cd603558e7d8a26e50b933a0cfb79d1\windows-amd64;C:\Users\opule\AndroidStudioProjects\native\0.2.8\x86_64-windows-gnu;C:\Users\opule\AppData\Local\Temp\jna--975736197

VM Arguments:
jvm_args: --add-opens=java.base/java.lang=ALL-UNNAMED --add-opens=java.base/java.lang.invoke=ALL-UNNAMED --add-opens=java.base/java.util=ALL-UNNAMED --add-opens=java.prefs/java.util.prefs=ALL-UNNAMED --add-exports=jdk.compiler/com.sun.tools.javac.api=ALL-UNNAMED --add-exports=jdk.compiler/com.sun.tools.javac.util=ALL-UNNAMED --add-opens=java.base/java.util=ALL-UNNAMED --add-opens=java.prefs/java.util.prefs=ALL-UNNAMED --add-opens=java.base/java.nio.charset=ALL-UNNAMED --add-opens=java.base/java.net=ALL-UNNAMED --add-opens=java.base/java.util.concurrent=ALL-UNNAMED --add-opens=java.base/java.util.concurrent.atomic=ALL-UNNAMED --add-opens=java.xml/javax.xml.namespace=ALL-UNNAMED --add-opens=java.base/java.time=ALL-UNNAMED -Xmx4096M -Dfile.encoding=UTF-8 -Duser.country=IN -Duser.language=en -Duser.variant -javaagent:C:\Users\opule\AndroidStudioProjects\wrapper\dists\gradle-9.3.1-bin\23ovyewtku6u96viwx3xl3oks\gradle-9.3.1\lib\agents\gradle-instrumentation-agent-9.3.1.jar 
java_command: org.gradle.launcher.daemon.bootstrap.GradleDaemon 9.3.1
java_class_path (initial): C:\Users\opule\AndroidStudioProjects\wrapper\dists\gradle-9.3.1-bin\23ovyewtku6u96viwx3xl3oks\gradle-9.3.1\lib\gradle-daemon-main-9.3.1.jar
Launcher Type: SUN_STANDARD

[Global flags]
     intx CICompilerCount                          = 12                                        {product} {ergonomic}
     uint ConcGCThreads                            = 3                                         {product} {ergonomic}
     uint G1ConcRefinementThreads                  = 13                                        {product} {ergonomic}
   size_t G1HeapRegionSize                         = 2097152                                   {product} {ergonomic}
    uintx GCDrainStackTargetSize                   = 64                                        {product} {ergonomic}
   size_t InitialHeapSize                          = 264241152                                 {product} {ergonomic}
   size_t MarkStackSize                            = 4194304                                   {product} {ergonomic}
   size_t MaxHeapSize                              = 4294967296                                {product} {command line}
   size_t MaxNewSize                               = 2575302656                                {product} {ergonomic}
   size_t MinHeapDeltaBytes                        = 2097152                                   {product} {ergonomic}
   size_t MinHeapSize                              = 8388608                                   {product} {ergonomic}
    uintx NonNMethodCodeHeapSize                   = 7602480                                {pd product} {ergonomic}
    uintx NonProfiledCodeHeapSize                  = 122027880                              {pd product} {ergonomic}
    uintx ProfiledCodeHeapSize                     = 122027880                              {pd product} {ergonomic}
    uintx ReservedCodeCacheSize                    = 251658240                              {pd product} {ergonomic}
     bool SegmentedCodeCache                       = true                                      {product} {ergonomic}
   size_t SoftMaxHeapSize                          = 4294967296                             {manageable} {ergonomic}
     bool UseCompressedOops                        = true                           {product lp64_product} {ergonomic}
     bool UseG1GC                                  = true                                      {product} {ergonomic}
     bool UseLargePagesIndividualAllocation        = false                                  {pd product} {ergonomic}

Logging:
Log output configuration:
 #0: stdout all=warning uptime,level,tags foldmultilines=false
 #1: stderr all=off uptime,level,tags foldmultilines=false

Release file:
IMPLEMENTOR="Amazon.com Inc." 
IMPLEMENTOR_VERSION="Corretto-21.0.11.10.1" 
JAVA_RUNTIME_VERSION="21.0.11+10-LTS" 
JAVA_VERSION="21.0.11" 
JAVA_VERSION_DATE="2026-04-21" 
LIBC="default" 
MODULES="java.base java.compiler java.datatransfer java.xml java.prefs java.desktop java.instrument java.logging java.management java.security.sasl java.naming java.rmi java.management.rmi java.net.http java.scripting java.security.jgss java.transaction.xa java.sql java.sql.rowset java.xml.crypto java.se java.smartcardio jdk.accessibility jdk.internal.jvmstat jdk.attach jdk.charsets jdk.internal.opt jdk.zipfs jdk.compiler jdk.crypto.ec jdk.crypto.cryptoki jdk.crypto.mscapi jdk.dynalink jdk.internal.ed jdk.editpad jdk.hotspot.agent jdk.httpserver jdk.incubator.vector jdk.internal.le jdk.internal.vm.ci jdk.internal.vm.compiler jdk.internal.vm.compiler.management jdk.jartool jdk.javadoc jdk.jcmd jdk.management jdk.management.agent jdk.jconsole jdk.jdeps jdk.jdwp.agent jdk.jdi jdk.jfr jdk.jlink jdk.jpackage jdk.jshell jdk.jsobject jdk.jstatd jdk.localedata jdk.management.jfr jdk.naming.dns jdk.naming.rmi jdk.net jdk.nio.mapmode jdk.random jdk.sctp jdk.security.auth jdk.security.jgss jdk.unsupported jdk.unsupported.desktop jdk.xml.dom" 
OS_ARCH="x86_64" 
OS_NAME="Windows" 
SOURCE="" 

Environment Variables:
JAVA_HOME=C:\Program Files\Eclipse Adoptium\jdk-17.0.17.10-hotspot
PATH=C:\Program Files\Eclipse Adoptium\jdk-17.0.17.10-hotspot\bin;C:\Program Files\Eclipse Adoptium\jdk-25.0.1.8-hotspot\bin;C:\Program Files\Common Files\Oracle\Java\javapath;C:\Windows\system32;C:\Windows;C:\Windows\System32\Wbem;C:\Windows\System32\WindowsPowerShell\v1.0\;C:\Windows\System32\OpenSSH\;C:\Program Files (x86)\NVIDIA Corporation\PhysX\Common;C:\Program Files (x86)\HP\Common\HPDestPlgIn\;C:\WINDOWS\system32;C:\WINDOWS;C:\WINDOWS\System32\Wbem;C:\WINDOWS\System32\WindowsPowerShell\v1.0\;C:\WINDOWS\System32\OpenSSH\;C:\Program Files\NVIDIA Corporation\NVIDIA app\NvDLISR;C:\Program Files\nodejs\;C:\Program Files\Git\cmd;C:\Program Files\CMake\bin;C:\Users\opule\AppData\Roaming\npm;C:\MinGW\bin;C:\Program Files\Microsoft SQL Server\120\Tools\Binn\;C:\Program Files\Microsoft SQL Server\Client SDK\ODBC\170\Tools\Binn\;C:\Program Files (x86)\Microsoft SQL Server\150\Tools\Binn\;C:\Program Files\Microsoft SQL Server\150\Tools\Binn\;C:\Program Files\Microsoft SQL Server\150\DTS\Binn\;C:\Program Files\dotnet\;C:\Program Files\GitHub CLI\;C:\Users\opule\AppData\Local\Programs\Python\Python313\Scripts\;C:\Users\opule\AppData\Local\Programs\Python\Python313\;C:\Users\opule\AppData\Local\Microsoft\WindowsApps;C:\Program Files (x86)\HP\Common\HPDestPlgIn\;C:\Users\opule\AppData\Local\Programs\Microsoft VS Code\bin;C:\Users\opule\AppData\Roaming\npm;C:\Program Files\JetBrains\IntelliJ IDEA 2025.2.3\bin;C:\Users\opule\AppData\Local\Programs\Ollama;C:\Users\opule\AppData\Local\Programs\Antigravity\bin;C:\Users\opule\AppData\Local\JetBrains\Toolbox\scripts;C:\Users\opule\AppData\Local\Programs\Antigravity IDE\bin
USERNAME=Gurujeet
OS=Windows_NT
PROCESSOR_IDENTIFIER=Intel64 Family 6 Model 154 Stepping 3, GenuineIntel
TMP=C:\Users\opule\AppData\Local\Temp
TEMP=C:\Users\opule\AppData\Local\Temp




Periodic native trim disabled

---------------  S Y S T E M  ---------------

OS:
 Windows 11 , 64 bit Build 26100 (10.0.26100.8328)
OS uptime: 13 days 20:03 hours
Hyper-V role detected

CPU: total 16 (initial active 16) (8 cores per cpu, 2 threads per core) family 6 model 154 stepping 3 microcode 0x432, cx8, cmov, fxsr, ht, mmx, 3dnowpref, sse, sse2, sse3, ssse3, sse4.1, sse4.2, popcnt, lzcnt, tsc, tscinvbit, avx, avx2, aes, erms, clmul, bmi1, bmi2, adx, sha, fma, vzeroupper, clflush, clflushopt, clwb, hv, serialize, rdtscp, rdpid, fsrm, f16c, cet_ibt, cet_ss
Processor Information for processor 0
  Max Mhz: 2500, Current Mhz: 2500, Mhz Limit: 2500
Processor Information for processor 1
  Max Mhz: 2500, Current Mhz: 2500, Mhz Limit: 2500
Processor Information for processor 2
  Max Mhz: 2500, Current Mhz: 2500, Mhz Limit: 2500
Processor Information for processor 3
  Max Mhz: 2500, Current Mhz: 2500, Mhz Limit: 2500
Processor Information for processor 4
  Max Mhz: 2500, Current Mhz: 2500, Mhz Limit: 2500
Processor Information for processor 5
  Max Mhz: 2500, Current Mhz: 1532, Mhz Limit: 2500
Processor Information for processor 6
  Max Mhz: 2500, Current Mhz: 2500, Mhz Limit: 2500
Processor Information for processor 7
  Max Mhz: 2500, Current Mhz: 2500, Mhz Limit: 2500
Processor Information for processor 8
  Max Mhz: 2500, Current Mhz: 1800, Mhz Limit: 1800
Processor Information for processor 9
  Max Mhz: 2500, Current Mhz: 1500, Mhz Limit: 1800
Processor Information for processor 10
  Max Mhz: 2500, Current Mhz: 1800, Mhz Limit: 1800
Processor Information for processor 11
  Max Mhz: 2500, Current Mhz: 1800, Mhz Limit: 1800
Processor Information for processor 12
  Max Mhz: 2500, Current Mhz: 1500, Mhz Limit: 1800
Processor Information for processor 13
  Max Mhz: 2500, Current Mhz: 1500, Mhz Limit: 1800
Processor Information for processor 14
  Max Mhz: 2500, Current Mhz: 1800, Mhz Limit: 1800
Processor Information for processor 15
  Max Mhz: 2500, Current Mhz: 1800, Mhz Limit: 1800

Memory: 4k page, system-wide physical 16053M (574M free)
TotalPageFile size 43446M (AvailPageFile size 7M)
current process WorkingSet (physical memory assigned to process): 3000M, peak: 3000M
current process commit charge ("private bytes"): 3620M, peak: 3635M

vm_info: OpenJDK 64-Bit Server VM (21.0.11+10-LTS) for windows-amd64 JRE (21.0.11+10-LTS), built on 2026-04-18T07:30:30Z by "Administrator" with MS VC++ 17.14 (VS2022)

END.
