#
# There is insufficient memory for the Java Runtime Environment to continue.
# Native memory allocation (mmap) failed to map 306184192 bytes. Error detail: G1 virtual space
# Possible reasons:
#   The system is out of physical RAM or swap space
#   This process is running with CompressedOops enabled, and the Java Heap may be blocking the growth of the native heap
# Possible solutions:
#   Reduce memory load on the system
#   Increase physical memory or swap space
#   Check if swap backing store is full
#   Decrease Java heap size (-Xmx/-Xms)
#   Decrease number of Java threads
#   Decrease Java thread stack sizes (-Xss)
#   Set larger code cache with -XX:ReservedCodeCacheSize=
#   JVM is running with Zero Based Compressed Oops mode in which the Java heap is
#     placed in the first 32GB address space. The Java Heap base address is the
#     maximum limit for the native heap growth. Please use -XX:HeapBaseMinAddress
#     to set the Java Heap base and to place the Java Heap above 32GB virtual address.
# This output file may be truncated or incomplete.
#
#  Out of Memory Error (os_windows.cpp:3714), pid=3104, tid=12984
#
# JRE version: OpenJDK Runtime Environment Corretto-21.0.11.10.1 (21.0.11+10) (build 21.0.11+10-LTS)
# Java VM: OpenJDK 64-Bit Server VM Corretto-21.0.11.10.1 (21.0.11+10-LTS, mixed mode, sharing, tiered, compressed oops, compressed class ptrs, g1 gc, windows-amd64)
# No core dump will be written. Minidumps are not enabled by default on client versions of Windows
#

---------------  S U M M A R Y ------------

Command Line: --add-opens=java.base/java.lang=ALL-UNNAMED --add-opens=java.base/java.lang.invoke=ALL-UNNAMED --add-opens=java.base/java.util=ALL-UNNAMED --add-opens=java.prefs/java.util.prefs=ALL-UNNAMED --add-exports=jdk.compiler/com.sun.tools.javac.api=ALL-UNNAMED --add-exports=jdk.compiler/com.sun.tools.javac.util=ALL-UNNAMED --add-opens=java.base/java.util=ALL-UNNAMED --add-opens=java.prefs/java.util.prefs=ALL-UNNAMED --add-opens=java.base/java.nio.charset=ALL-UNNAMED --add-opens=java.base/java.net=ALL-UNNAMED --add-opens=java.base/java.util.concurrent=ALL-UNNAMED --add-opens=java.base/java.util.concurrent.atomic=ALL-UNNAMED --add-opens=java.xml/javax.xml.namespace=ALL-UNNAMED --add-opens=java.base/java.time=ALL-UNNAMED -Xmx4096M -Dfile.encoding=UTF-8 -Duser.country=IN -Duser.language=en -Duser.variant -javaagent:C:\Users\opule\AndroidStudioProjects\wrapper\dists\gradle-9.3.1-bin\23ovyewtku6u96viwx3xl3oks\gradle-9.3.1\lib\agents\gradle-instrumentation-agent-9.3.1.jar org.gradle.launcher.daemon.bootstrap.GradleDaemon 9.3.1

Host: 12th Gen Intel(R) Core(TM) i5-12500H, 16 cores, 15G,  Windows 11 , 64 bit Build 26100 (10.0.26100.8521)
Time: Fri May 29 01:08:00 2026 India Standard Time elapsed time: 22858.465067 seconds (0d 6h 20m 58s)

---------------  T H R E A D  ---------------

Current thread (0x000001dc513b7190):  VMThread "VM Thread"          [id=12984, stack(0x0000002bcc000000,0x0000002bcc100000) (1024K)]

Stack: [0x0000002bcc000000,0x0000002bcc100000]
Native frames: (J=compiled Java code, j=interpreted, Vv=VM code, C=native code)
V  [jvm.dll+0x6df899]
V  [jvm.dll+0x8bc52b]
V  [jvm.dll+0x8beaba]
V  [jvm.dll+0x8bf193]
V  [jvm.dll+0x28aa16]
V  [jvm.dll+0x6dc1f5]
V  [jvm.dll+0x6d003a]
V  [jvm.dll+0x3650fe]
V  [jvm.dll+0x36cfcb]
V  [jvm.dll+0x3bea89]
V  [jvm.dll+0x3bed2b]
V  [jvm.dll+0x3392c7]
V  [jvm.dll+0x339357]
V  [jvm.dll+0x37d83c]
V  [jvm.dll+0x37c01e]
V  [jvm.dll+0x338a21]
V  [jvm.dll+0x37b68a]
V  [jvm.dll+0x8c4eef]
V  [jvm.dll+0x8c63d3]
V  [jvm.dll+0x8c6944]
V  [jvm.dll+0x8c6a43]
V  [jvm.dll+0x8672bd]
V  [jvm.dll+0x6de09d]
C  [ucrtbase.dll+0x2cd30]
C  [KERNEL32.DLL+0x2e957]
C  [ntdll.dll+0x87c1c]

VM_Operation (0x0000002bdb3f96e0): G1CollectForAllocation, mode: safepoint, requested by thread 0x000001dcb09dfa10


---------------  P R O C E S S  ---------------

Threads class SMR info:
_java_thread_list=0x000001dcac909c90, length=314, elements={
0x000001dc3157c660, 0x000001dc513d6260, 0x000001dc513d91d0, 0x000001dc513dc6c0,
0x000001dc513dd120, 0x000001dc513ddb80, 0x000001dc513de9e0, 0x000001dc513df570,
0x000001dc513f7330, 0x000001dc517aca50, 0x000001dc5187d2c0, 0x000001dc9851bc80,
0x000001dc97853670, 0x000001dc98712f90, 0x000001dc518bfc90, 0x000001dc518c0320,
0x000001dc518c09b0, 0x000001dc9a818160, 0x000001dc9a818e80, 0x000001dc9a81af50,
0x000001dc9cb86bb0, 0x000001dc9e59cd70, 0x000001dc9a1217c0, 0x000001dc9a121130,
0x000001dc9df2f250, 0x000001dc9df2f8e0, 0x000001dc9df2e530, 0x000001dc9df2ff70,
0x000001dc9df2dea0, 0x000001dc9df2ebc0, 0x000001dc9e2c81a0, 0x000001dc9e2c7480,
0x000001dc9e2c9550, 0x000001dc9e2c9be0, 0x000001dc9e2c8ec0, 0x000001dc9e2ca900,
0x000001dc9e2caf90, 0x000001dc9e2c7b10, 0x000001dc9e2cd6f0, 0x000001dc9e2cb620,
0x000001dc9a121e50, 0x000001dc9afa0c70, 0x000001dc9afaa9f0, 0x000001dc9f727720,
0x000001dcad0d50b0, 0x000001dcad0dd3f0, 0x000001dcad0d8530, 0x000001dcb01b1f30,
0x000001dc9ef157e0, 0x000001dcb01b4000, 0x000001dcaf647050, 0x000001dcac8aa260,
0x000001dcac8a9bd0, 0x000001dcac8a8820, 0x000001dcaaa33250, 0x000001dcaaa338e0,
0x000001dcaca9d600, 0x000001dcaca9dc90, 0x000001dcacc520c0, 0x000001dcae0f20a0,
0x000001dcaf151e50, 0x000001dcaed1b580, 0x000001dcaf649120, 0x000001dcaab358a0,
0x000001dcaad2b270, 0x000001dcb0cec8f0, 0x000001dcaad2abe0, 0x000001dcb17dcdc0,
0x000001dcb17dd450, 0x000001dcaad21ea0, 0x000001dcac40ac40, 0x000001dcaf151130,
0x000001dcae70c820, 0x000001dcaad22530, 0x000001dcaad2a550, 0x000001dcac407e50,
0x000001dcac409200, 0x000001dcaf02eba0, 0x000001dcac409890, 0x000001dccd8e9db0,
0x000001dcaed1cfc0, 0x000001dcabc42890, 0x000001dcab9b7060, 0x000001dcaab36c50,
0x000001dc9c051060, 0x000001dcaee7b430, 0x000001dcaa7f7ee0, 0x000001dcaf6476e0,
0x000001dcaf6469c0, 0x000001dcad9096d0, 0x000001dcad90b110, 0x000001dcad909d60,
0x000001dcad90a3f0, 0x000001dcad907c90, 0x000001dcad908320, 0x000001dc9c053130,
0x000001dc9c0537c0, 0x000001dc9c052aa0, 0x000001dc9c0516f0, 0x000001dc9c052410,
0x000001dcb17ddae0, 0x000001dcb17dba10, 0x000001dcb17de170, 0x000001dcb17dee90,
0x000001dcb17de800, 0x000001dcb17dc730, 0x000001dcb17dc0a0, 0x000001dcac7a3830,
0x000001dcac7a2480, 0x000001dcac7a10d0, 0x000001dcac7a2b10, 0x000001dcac7a1760,
0x000001dcac7a0a40, 0x000001dcac7a03b0, 0x000001dcac7a31a0, 0x000001dcac7a1df0,
0x000001dcb079c210, 0x000001dcb079e2e0, 0x000001dcb079c8a0, 0x000001dcb079dc50,
0x000001dcb079f690, 0x000001dcb079cf30, 0x000001dcb079d5c0, 0x000001dcb079e970,
0x000001dcb079f000, 0x000001dcaf3da960, 0x000001dcaf3dbd10, 0x000001dcaf3d8890,
0x000001dcaf3d9c40, 0x000001dcaf3d95b0, 0x000001dcaf3daff0, 0x000001dcaf3d8f20,
0x000001dcaf3db680, 0x000001dcaf14fd80, 0x000001dcaf1524e0, 0x000001dcaf14f060,
0x000001dcaf150aa0, 0x000001dcaf150410, 0x000001dcaf152b70, 0x000001dcacc51a30,
0x000001dcacc4f960, 0x000001dcacc4fff0, 0x000001dcacc50d10, 0x000001dcacc50680,
0x000001dcacc513a0, 0x000001dca52cd880, 0x000001dca52cbe40, 0x000001dca52cd1f0,
0x000001dcd16f7d00, 0x000001dcac722080, 0x000001dccf3410e0, 0x000001dca49f4ee0,
0x000001dca49f5570, 0x000001dca49f2e10, 0x000001dca49f34a0, 0x000001dca49f5c00,
0x000001dca52cec30, 0x000001dca52cf2c0, 0x000001dca52cc4d0, 0x000001dca52ccb60,
0x000001dcab204540, 0x000001dcab204bd0, 0x000001dcab203820, 0x000001dcab202b00,
0x000001dcaf3da2d0, 0x000001dcb0975e80, 0x000001dcb0976ba0, 0x000001dcb09778c0,
0x000001dcb09757f0, 0x000001dcaf646330, 0x000001dcaf648400, 0x000001dcab203190,
0x000001dccd350830, 0x000001dccd34f480, 0x000001dccd351be0, 0x000001dccd351550,
0x000001dccd34fb10, 0x000001dccd34e760, 0x000001dccd34edf0, 0x000001dccd3501a0,
0x000001dcae5361c0, 0x000001dcae536ee0, 0x000001dcaf8eb790, 0x000001dcaf8e8310,
0x000001dcaf8e89a0, 0x000001dcd16f5c30, 0x000001dcd16f8390, 0x000001dcd16f8a20,
0x000001dcd16f62c0, 0x000001dcd16f55a0, 0x000001dcd16f6fe0, 0x000001dcd16f6950,
0x000001dcadebd2c0, 0x000001dcadebb1f0, 0x000001dcadebd950, 0x000001dcb040e1d0,
0x000001dcb040e860, 0x000001dcb040f580, 0x000001dcadebb880, 0x000001dcb0977f50,
0x000001dcab203eb0, 0x000001dcab201de0, 0x000001dcab205260, 0x000001dcab202470,
0x000001dcb09ddfd0, 0x000001dcb040ce20, 0x000001dcb040eef0, 0x000001dcb0976510,
0x000001dcae538fb0, 0x000001dcae537c00, 0x000001dcae537570, 0x000001dcaf1552d0,
0x000001dcaf156680, 0x000001dcaf155960, 0x000001dcaf153f20, 0x000001dcaf153200,
0x000001dcb09dd2b0, 0x000001dcb09df380, 0x000001dca49f3b30, 0x000001dcb09dcc20,
0x000001dcb09dd940, 0x000001dcb09de660, 0x000001dcb09dfa10, 0x000001dcb09dc590,
0x000001dcadebc5a0, 0x000001dcb0974ad0, 0x000001dcb0977230, 0x000001dcaf1545b0,
0x000001dcaf154c40, 0x000001dcaf155ff0, 0x000001dcaf153890, 0x000001dcabc414e0,
0x000001dcabc42200, 0x000001dcabc42f20, 0x000001dcabc435b0, 0x000001dcabc43c40,
0x000001dcabc407c0, 0x000001dcaca9b530, 0x000001dcaca9cf70, 0x000001dcaf8e9d50,
0x000001dcae538920, 0x000001dca49f4850, 0x000001dca49f41c0, 0x000001dcaf63bfe0,
0x000001dcaaa33f70, 0x000001dc9f59d2e0, 0x000001dcb040fc10, 0x000001dcaaa32bc0,
0x000001dcaf298910, 0x000001dcae535b30, 0x000001dcaad29ec0, 0x000001dcae6d0100,
0x000001dcaf8eb100, 0x000001dc9f59b210, 0x000001dcaad28480, 0x000001dcadebab60,
0x000001dcaf8e9030, 0x000001dcaf29a9e0, 0x000001dcae6d0790, 0x000001dcae6d0e20,
0x000001dcae6d14b0, 0x000001dcaf299cc0, 0x000001dcaf298fa0, 0x000001dcaf299630,
0x000001dcaf29b070, 0x000001dcaf29b700, 0x000001dcaad27df0, 0x000001dcaf8e96c0,
0x000001dc9f59b8a0, 0x000001dc9f59d970, 0x000001dcadebdfe0, 0x000001dccd0a3ce0,
0x000001dcaf29a350, 0x000001dcaf63b2c0, 0x000001dcac7247e0, 0x000001dcad741700,
0x000001dccd0a5720, 0x000001dccd0a5db0, 0x000001dc9f59cc50, 0x000001dc9f59e000,
0x000001dc9f59c5c0, 0x000001dcab822540, 0x000001dcab821190, 0x000001dcac724e70,
0x000001dcac725500, 0x000001dcaad28b10, 0x000001dcaad291a0, 0x000001dcaf29bd90,
0x000001dcae339320, 0x000001dcab821820, 0x000001dcab821eb0, 0x000001dcaf63a5a0,
0x000001dcaf63c670, 0x000001dcaf639880, 0x000001dccd0a6440, 0x000001dcaf63b950,
0x000001dcab578010, 0x000001dcad0c7190, 0x000001dcad0c98f0, 0x000001dcab48e8b0,
0x000001dcaf209960, 0x000001dc9d58e060, 0x000001dc9d58cbf0, 0x000001dcb040db40,
0x000001dcb04102a0, 0x000001dcaf02f230, 0x000001dca4c65490, 0x000001dcad83ef40,
0x000001dcb046cd30, 0x000001dcb046b980, 0x000001dcd71e6fe0, 0x000001dcae6f2d00,
0x000001dca47b6600, 0x000001dccd087db0
}

Java Threads: ( => current thread )
  0x000001dc3157c660 JavaThread "main"                              [_thread_blocked, id=2692, stack(0x0000002bcb900000,0x0000002bcba00000) (1024K)]
  0x000001dc513d6260 JavaThread "Reference Handler"          daemon [_thread_blocked, id=26472, stack(0x0000002bcc100000,0x0000002bcc200000) (1024K)]
  0x000001dc513d91d0 JavaThread "Finalizer"                  daemon [_thread_blocked, id=19124, stack(0x0000002bcc200000,0x0000002bcc300000) (1024K)]
  0x000001dc513dc6c0 JavaThread "Signal Dispatcher"          daemon [_thread_blocked, id=27556, stack(0x0000002bcc300000,0x0000002bcc400000) (1024K)]
  0x000001dc513dd120 JavaThread "Attach Listener"            daemon [_thread_blocked, id=28648, stack(0x0000002bcc400000,0x0000002bcc500000) (1024K)]
  0x000001dc513ddb80 JavaThread "Service Thread"             daemon [_thread_blocked, id=22744, stack(0x0000002bcc500000,0x0000002bcc600000) (1024K)]
  0x000001dc513de9e0 JavaThread "Monitor Deflation Thread"   daemon [_thread_blocked, id=5560, stack(0x0000002bcc600000,0x0000002bcc700000) (1024K)]
  0x000001dc513df570 JavaThread "C2 CompilerThread0"         daemon [_thread_blocked, id=30952, stack(0x0000002bcc700000,0x0000002bcc800000) (1024K)]
  0x000001dc513f7330 JavaThread "C1 CompilerThread0"         daemon [_thread_blocked, id=27512, stack(0x0000002bcc800000,0x0000002bcc900000) (1024K)]
  0x000001dc517aca50 JavaThread "Common-Cleaner"             daemon [_thread_blocked, id=29400, stack(0x0000002bccc00000,0x0000002bccd00000) (1024K)]
  0x000001dc5187d2c0 JavaThread "Notification Thread"        daemon [_thread_blocked, id=31200, stack(0x0000002bcca00000,0x0000002bccb00000) (1024K)]
  0x000001dc9851bc80 JavaThread "Daemon health stats"               [_thread_blocked, id=27932, stack(0x0000002bcd300000,0x0000002bcd400000) (1024K)]
  0x000001dc97853670 JavaThread "Incoming local TCP Connector on port 56968"        [_thread_in_native, id=27008, stack(0x0000002bcd400000,0x0000002bcd500000) (1024K)]
  0x000001dc98712f90 JavaThread "Daemon periodic checks"            [_thread_blocked, id=2632, stack(0x0000002bcd500000,0x0000002bcd600000) (1024K)]
  0x000001dc518bfc90 JavaThread "Cache worker for journal cache (C:\Users\opule\AndroidStudioProjects\caches\journal-1)"        [_thread_blocked, id=26680, stack(0x0000002bcdd00000,0x0000002bcde00000) (1024K)]
  0x000001dc518c0320 JavaThread "File lock request listener"        [_thread_in_native, id=26732, stack(0x0000002bcde00000,0x0000002bcdf00000) (1024K)]
  0x000001dc518c09b0 JavaThread "Cache worker for file hash cache (C:\Users\opule\AndroidStudioProjects\caches\9.3.1\fileHashes)"        [_thread_blocked, id=29176, stack(0x0000002bcdf00000,0x0000002bce000000) (1024K)]
  0x000001dc9a818160 JavaThread "Cache worker for file content cache (C:\Users\opule\AndroidStudioProjects\caches\9.3.1\fileContent)"        [_thread_blocked, id=18704, stack(0x0000002bcef00000,0x0000002bcf000000) (1024K)]
  0x000001dc9a818e80 JavaThread "File watcher server"        daemon [_thread_blocked, id=23836, stack(0x0000002bcd200000,0x0000002bcd300000) (1024K)]
  0x000001dc9a81af50 JavaThread "File watcher consumer"      daemon [_thread_blocked, id=11728, stack(0x0000002bce000000,0x0000002bce100000) (1024K)]
  0x000001dc9cb86bb0 JavaThread "Memory manager"                    [_thread_blocked, id=29232, stack(0x0000002bcf900000,0x0000002bcfa00000) (1024K)]
  0x000001dc9e59cd70 JavaThread "pool-2-thread-1"                   [_thread_blocked, id=25020, stack(0x0000002bd5b00000,0x0000002bd5c00000) (1024K)]
  0x000001dc9a1217c0 JavaThread "RMI Scheduler(0)"           daemon [_thread_blocked, id=18012, stack(0x0000002bcf000000,0x0000002bcf100000) (1024K)]
  0x000001dc9a121130 JavaThread "RMI TCP Accept-0"           daemon [_thread_in_native, id=31152, stack(0x0000002bdad00000,0x0000002bdae00000) (1024K)]
  0x000001dc9df2f250 JavaThread "jar transforms"                    [_thread_blocked, id=30684, stack(0x0000002bced00000,0x0000002bcee00000) (1024K)]
  0x000001dc9df2f8e0 JavaThread "jar transforms Thread 2"           [_thread_blocked, id=18976, stack(0x0000002bcee00000,0x0000002bcef00000) (1024K)]
  0x000001dc9df2e530 JavaThread "jar transforms Thread 3"           [_thread_blocked, id=27596, stack(0x0000002bcf100000,0x0000002bcf200000) (1024K)]
  0x000001dc9df2ff70 JavaThread "jar transforms Thread 4"           [_thread_blocked, id=12708, stack(0x0000002bcf200000,0x0000002bcf300000) (1024K)]
  0x000001dc9df2dea0 JavaThread "jar transforms Thread 5"           [_thread_blocked, id=31536, stack(0x0000002bcf300000,0x0000002bcf400000) (1024K)]
  0x000001dc9df2ebc0 JavaThread "jar transforms Thread 6"           [_thread_blocked, id=28308, stack(0x0000002bcf400000,0x0000002bcf500000) (1024K)]
  0x000001dc9e2c81a0 JavaThread "jar transforms Thread 7"           [_thread_blocked, id=7368, stack(0x0000002bcf500000,0x0000002bcf600000) (1024K)]
  0x000001dc9e2c7480 JavaThread "jar transforms Thread 8"           [_thread_blocked, id=20524, stack(0x0000002bcf600000,0x0000002bcf700000) (1024K)]
  0x000001dc9e2c9550 JavaThread "jar transforms Thread 9"           [_thread_blocked, id=26920, stack(0x0000002bcf700000,0x0000002bcf800000) (1024K)]
  0x000001dc9e2c9be0 JavaThread "jar transforms Thread 10"          [_thread_blocked, id=26548, stack(0x0000002bcf800000,0x0000002bcf900000) (1024K)]
  0x000001dc9e2c8ec0 JavaThread "jar transforms Thread 11"          [_thread_blocked, id=10732, stack(0x0000002bcfa00000,0x0000002bcfb00000) (1024K)]
  0x000001dc9e2ca900 JavaThread "jar transforms Thread 12"          [_thread_blocked, id=16040, stack(0x0000002bcfb00000,0x0000002bcfc00000) (1024K)]
  0x000001dc9e2caf90 JavaThread "jar transforms Thread 13"          [_thread_blocked, id=31116, stack(0x0000002bcfc00000,0x0000002bcfd00000) (1024K)]
  0x000001dc9e2c7b10 JavaThread "jar transforms Thread 14"          [_thread_blocked, id=24152, stack(0x0000002bcfd00000,0x0000002bcfe00000) (1024K)]
  0x000001dc9e2cd6f0 JavaThread "jar transforms Thread 15"          [_thread_blocked, id=16116, stack(0x0000002bcfe00000,0x0000002bcff00000) (1024K)]
  0x000001dc9e2cb620 JavaThread "jar transforms Thread 16"          [_thread_blocked, id=28068, stack(0x0000002bcff00000,0x0000002bd0000000) (1024K)]
  0x000001dc9a121e50 JavaThread "pool-5-thread-1"                   [_thread_blocked, id=31188, stack(0x0000002bd6800000,0x0000002bd6900000) (1024K)]
  0x000001dc9afa0c70 JavaThread "pool-7-thread-1"                   [_thread_blocked, id=29860, stack(0x0000002bd1e00000,0x0000002bd1f00000) (1024K)]
  0x000001dc9afaa9f0 JavaThread "pool-9-thread-1"                   [_thread_blocked, id=18164, stack(0x0000002bd1f00000,0x0000002bd2000000) (1024K)]
  0x000001dc9f727720 JavaThread "pool-14-thread-1"                  [_thread_blocked, id=26028, stack(0x0000002bd6b00000,0x0000002bd6c00000) (1024K)]
  0x000001dcad0d50b0 JavaThread "pool-16-thread-1"                  [_thread_blocked, id=29456, stack(0x0000002bd1b00000,0x0000002bd1c00000) (1024K)]
  0x000001dcad0dd3f0 JavaThread "pool-18-thread-1"                  [_thread_blocked, id=25032, stack(0x0000002bd1d00000,0x0000002bd1e00000) (1024K)]
  0x000001dcad0d8530 JavaThread "pool-22-thread-1"                  [_thread_blocked, id=30392, stack(0x0000002bd1800000,0x0000002bd1900000) (1024K)]
  0x000001dcb01b1f30 JavaThread "pool-25-thread-1"                  [_thread_blocked, id=28112, stack(0x0000002bd2600000,0x0000002bd2700000) (1024K)]
  0x000001dc9ef157e0 JavaThread "pool-27-thread-1"                  [_thread_blocked, id=24652, stack(0x0000002bd2100000,0x0000002bd2200000) (1024K)]
  0x000001dcb01b4000 JavaThread "pool-32-thread-1"                  [_thread_blocked, id=28684, stack(0x0000002bcb600000,0x0000002bcb700000) (1024K)]
  0x000001dcaf647050 JavaThread "pool-35-thread-1"                  [_thread_blocked, id=27940, stack(0x0000002bd5500000,0x0000002bd5600000) (1024K)]
  0x000001dcac8aa260 JavaThread "DefaultDispatcher-worker-1" daemon [_thread_blocked, id=31588, stack(0x0000002bd0900000,0x0000002bd0a00000) (1024K)]
  0x000001dcac8a9bd0 JavaThread "DefaultDispatcher-worker-2" daemon [_thread_blocked, id=22648, stack(0x0000002bd0b00000,0x0000002bd0c00000) (1024K)]
  0x000001dcac8a8820 JavaThread "DefaultDispatcher-worker-3" daemon [_thread_blocked, id=6348, stack(0x0000002bda300000,0x0000002bda400000) (1024K)]
  0x000001dcaaa33250 JavaThread "Periodic tasks thread"      daemon [_thread_blocked, id=29704, stack(0x0000002bda700000,0x0000002bda800000) (1024K)]
  0x000001dcaaa338e0 JavaThread "ApplicationImpl pooled thread 1"        [_thread_blocked, id=30092, stack(0x0000002bda800000,0x0000002bda900000) (1024K)]
  0x000001dcaca9d600 JavaThread "Java2D Disposer"            daemon [_thread_blocked, id=25128, stack(0x0000002bda600000,0x0000002bda700000) (1024K)]
  0x000001dcaca9dc90 JavaThread "AWT-Windows"                daemon [_thread_in_native, id=30960, stack(0x0000002bdaa00000,0x0000002bdab00000) (1024K)]
  0x000001dcacc520c0 JavaThread "pool-41-thread-1"                  [_thread_blocked, id=31216, stack(0x0000002bd5d00000,0x0000002bd5e00000) (1024K)]
  0x000001dcae0f20a0 JavaThread "DefaultDispatcher-worker-4" daemon [_thread_blocked, id=24784, stack(0x0000002bd9600000,0x0000002bd9700000) (1024K)]
  0x000001dcaf151e50 JavaThread "pool-44-thread-1"                  [_thread_blocked, id=27744, stack(0x0000002bd5700000,0x0000002bd5800000) (1024K)]
  0x000001dcaed1b580 JavaThread "pool-48-thread-1"                  [_thread_blocked, id=464, stack(0x0000002bd1c00000,0x0000002bd1d00000) (1024K)]
  0x000001dcaf649120 JavaThread "pool-51-thread-1"                  [_thread_blocked, id=16728, stack(0x0000002bd2300000,0x0000002bd2400000) (1024K)]
  0x000001dcaab358a0 JavaThread "pool-55-thread-1"                  [_thread_blocked, id=29252, stack(0x0000002bd2000000,0x0000002bd2100000) (1024K)]
  0x000001dcaad2b270 JavaThread "pool-60-thread-1"                  [_thread_blocked, id=32044, stack(0x0000002bd7a00000,0x0000002bd7b00000) (1024K)]
  0x000001dcb0cec8f0 JavaThread "pool-63-thread-1"                  [_thread_blocked, id=26380, stack(0x0000002bd5900000,0x0000002bd5a00000) (1024K)]
  0x000001dcaad2abe0 JavaThread "pool-67-thread-1"                  [_thread_blocked, id=14152, stack(0x0000002bd2200000,0x0000002bd2300000) (1024K)]
  0x000001dcb17dcdc0 JavaThread "RMI GC Daemon"              daemon [_thread_blocked, id=14160, stack(0x0000002bd2f00000,0x0000002bd3000000) (1024K)]
  0x000001dcb17dd450 JavaThread "RMI Reaper"                        [_thread_blocked, id=32672, stack(0x0000002bd3000000,0x0000002bd3100000) (1024K)]
  0x000001dcaad21ea0 JavaThread "pool-71-thread-1"                  [_thread_blocked, id=11988, stack(0x0000002bd2b00000,0x0000002bd2c00000) (1024K)]
  0x000001dcac40ac40 JavaThread "pool-73-thread-1"                  [_thread_blocked, id=22608, stack(0x0000002bd1a00000,0x0000002bd1b00000) (1024K)]
  0x000001dcaf151130 JavaThread "pool-77-thread-1"                  [_thread_blocked, id=24880, stack(0x0000002bd2500000,0x0000002bd2600000) (1024K)]
  0x000001dcae70c820 JavaThread "pool-81-thread-1"                  [_thread_blocked, id=33504, stack(0x0000002bd1700000,0x0000002bd1800000) (1024K)]
  0x000001dcaad22530 JavaThread "pool-83-thread-1"                  [_thread_blocked, id=24628, stack(0x0000002bd3200000,0x0000002bd3300000) (1024K)]
  0x000001dcaad2a550 JavaThread "pool-87-thread-1"                  [_thread_blocked, id=25296, stack(0x0000002bd2400000,0x0000002bd2500000) (1024K)]
  0x000001dcac407e50 JavaThread "pool-91-thread-1"                  [_thread_blocked, id=14752, stack(0x0000002bd2700000,0x0000002bd2800000) (1024K)]
  0x000001dcac409200 JavaThread "pool-95-thread-1"                  [_thread_blocked, id=10644, stack(0x0000002bd2e00000,0x0000002bd2f00000) (1024K)]
  0x000001dcaf02eba0 JavaThread "pool-97-thread-1"                  [_thread_blocked, id=15796, stack(0x0000002bd2a00000,0x0000002bd2b00000) (1024K)]
  0x000001dcac409890 JavaThread "pool-101-thread-1"                 [_thread_blocked, id=23068, stack(0x0000002bd2800000,0x0000002bd2900000) (1024K)]
  0x000001dccd8e9db0 JavaThread "pool-105-thread-1"                 [_thread_blocked, id=32968, stack(0x0000002bd3500000,0x0000002bd3600000) (1024K)]
  0x000001dcaed1cfc0 JavaThread "pool-107-thread-1"                 [_thread_blocked, id=26204, stack(0x0000002bd2900000,0x0000002bd2a00000) (1024K)]
  0x000001dcabc42890 JavaThread "pool-112-thread-1"                 [_thread_blocked, id=34756, stack(0x0000002bda400000,0x0000002bda500000) (1024K)]
  0x000001dcab9b7060 JavaThread "pool-116-thread-1"                 [_thread_blocked, id=28000, stack(0x0000002bd7d00000,0x0000002bd7e00000) (1024K)]
  0x000001dcaab36c50 JavaThread "pool-119-thread-1"                 [_thread_blocked, id=25832, stack(0x0000002bd3100000,0x0000002bd3200000) (1024K)]
  0x000001dc9c051060 JavaThread "pool-124-thread-1"                 [_thread_blocked, id=34304, stack(0x0000002bd1500000,0x0000002bd1600000) (1024K)]
  0x000001dcaee7b430 JavaThread "Daemon Thread 29"                  [_thread_blocked, id=33344, stack(0x0000002bcd000000,0x0000002bcd100000) (1024K)]
  0x000001dcaa7f7ee0 JavaThread "Handler for socket connection from /127.0.0.1:56968 to /127.0.0.1:52657"        [_thread_in_native, id=32560, stack(0x0000002bcd100000,0x0000002bcd200000) (1024K)]
  0x000001dcaf6476e0 JavaThread "Cancel handler"                    [_thread_blocked, id=11900, stack(0x0000002bcd600000,0x0000002bcd700000) (1024K)]
  0x000001dcaf6469c0 JavaThread "Daemon worker Thread 28"           [_thread_blocked, id=10000, stack(0x0000002bcd700000,0x0000002bcd800000) (1024K)]
  0x000001dcad9096d0 JavaThread "Asynchronous log dispatcher for DefaultDaemonConnection: socket connection from /127.0.0.1:56968 to /127.0.0.1:52657"        [_thread_blocked, id=28452, stack(0x0000002bcd800000,0x0000002bcd900000) (1024K)]
  0x000001dcad90b110 JavaThread "Stdin handler"                     [_thread_blocked, id=34724, stack(0x0000002bcd900000,0x0000002bcda00000) (1024K)]
  0x000001dcad909d60 JavaThread "Daemon client event forwarder"        [_thread_blocked, id=5624, stack(0x0000002bcda00000,0x0000002bcdb00000) (1024K)]
  0x000001dcad90a3f0 JavaThread "Cache worker for file hash cache (C:\Users\opule\AndroidStudioProjects\Promptr\.gradle\9.3.1\fileHashes)"        [_thread_blocked, id=34372, stack(0x0000002bcdb00000,0x0000002bcdc00000) (1024K)]
  0x000001dcad907c90 JavaThread "Cache worker for checksums cache (C:\Users\opule\AndroidStudioProjects\Promptr\.gradle\9.3.1\checksums)"        [_thread_blocked, id=15032, stack(0x0000002bce100000,0x0000002bce200000) (1024K)]
  0x000001dcad908320 JavaThread "Cache worker for Build Output Cleanup Cache (C:\Users\opule\AndroidStudioProjects\Promptr\.gradle\buildOutputCleanup)"        [_thread_blocked, id=18312, stack(0x0000002bceb00000,0x0000002bcec00000) (1024K)]
  0x000001dc9c053130 JavaThread "Cache worker for cache directory md-supplier (C:\Users\opule\AndroidStudioProjects\caches\9.3.1\md-supplier)"        [_thread_blocked, id=34180, stack(0x0000002bd0200000,0x0000002bd0300000) (1024K)]
  0x000001dc9c0537c0 JavaThread "Cache worker for cache directory md-rule (C:\Users\opule\AndroidStudioProjects\caches\9.3.1\md-rule)"        [_thread_blocked, id=30896, stack(0x0000002bd0300000,0x0000002bd0400000) (1024K)]
  0x000001dc9c052aa0 JavaThread "Unconstrained build operations"        [_thread_blocked, id=33004, stack(0x0000002bd0600000,0x0000002bd0700000) (1024K)]
  0x000001dc9c0516f0 JavaThread "Unconstrained build operations Thread 2"        [_thread_blocked, id=31980, stack(0x0000002bd0700000,0x0000002bd0800000) (1024K)]
  0x000001dc9c052410 JavaThread "Unconstrained build operations Thread 3"        [_thread_blocked, id=34460, stack(0x0000002bd0800000,0x0000002bd0900000) (1024K)]
  0x000001dcb17ddae0 JavaThread "Unconstrained build operations Thread 4"        [_thread_blocked, id=34688, stack(0x0000002bd0a00000,0x0000002bd0b00000) (1024K)]
  0x000001dcb17dba10 JavaThread "Unconstrained build operations Thread 5"        [_thread_blocked, id=34152, stack(0x0000002bd0c00000,0x0000002bd0d00000) (1024K)]
  0x000001dcb17de170 JavaThread "Unconstrained build operations Thread 6"        [_thread_blocked, id=25304, stack(0x0000002bd0d00000,0x0000002bd0e00000) (1024K)]
  0x000001dcb17dee90 JavaThread "Unconstrained build operations Thread 7"        [_thread_blocked, id=32304, stack(0x0000002bd0e00000,0x0000002bd0f00000) (1024K)]
  0x000001dcb17de800 JavaThread "Unconstrained build operations Thread 8"        [_thread_blocked, id=10108, stack(0x0000002bd0f00000,0x0000002bd1000000) (1024K)]
  0x000001dcb17dc730 JavaThread "Unconstrained build operations Thread 9"        [_thread_blocked, id=460, stack(0x0000002bd1000000,0x0000002bd1100000) (1024K)]
  0x000001dcb17dc0a0 JavaThread "Unconstrained build operations Thread 10"        [_thread_blocked, id=34776, stack(0x0000002bd1100000,0x0000002bd1200000) (1024K)]
  0x000001dcac7a3830 JavaThread "Unconstrained build operations Thread 11"        [_thread_blocked, id=20056, stack(0x0000002bd1200000,0x0000002bd1300000) (1024K)]
  0x000001dcac7a2480 JavaThread "Unconstrained build operations Thread 12"        [_thread_blocked, id=30732, stack(0x0000002bd1300000,0x0000002bd1400000) (1024K)]
  0x000001dcac7a10d0 JavaThread "Unconstrained build operations Thread 13"        [_thread_blocked, id=7852, stack(0x0000002bd1400000,0x0000002bd1500000) (1024K)]
  0x000001dcac7a2b10 JavaThread "Unconstrained build operations Thread 14"        [_thread_blocked, id=20316, stack(0x0000002bd1600000,0x0000002bd1700000) (1024K)]
  0x000001dcac7a1760 JavaThread "Unconstrained build operations Thread 15"        [_thread_blocked, id=6980, stack(0x0000002bd1900000,0x0000002bd1a00000) (1024K)]
  0x000001dcac7a0a40 JavaThread "Unconstrained build operations Thread 16"        [_thread_blocked, id=30068, stack(0x0000002bd2c00000,0x0000002bd2d00000) (1024K)]
  0x000001dcac7a03b0 JavaThread "Unconstrained build operations Thread 17"        [_thread_blocked, id=22788, stack(0x0000002bd2d00000,0x0000002bd2e00000) (1024K)]
  0x000001dcac7a31a0 JavaThread "Unconstrained build operations Thread 18"        [_thread_blocked, id=3180, stack(0x0000002bd3300000,0x0000002bd3400000) (1024K)]
  0x000001dcac7a1df0 JavaThread "Unconstrained build operations Thread 19"        [_thread_blocked, id=31600, stack(0x0000002bd3400000,0x0000002bd3500000) (1024K)]
  0x000001dcb079c210 JavaThread "Unconstrained build operations Thread 20"        [_thread_blocked, id=16820, stack(0x0000002bd3600000,0x0000002bd3700000) (1024K)]
  0x000001dcb079e2e0 JavaThread "Configuration cache report writer"        [_thread_blocked, id=16232, stack(0x0000002bd3700000,0x0000002bd3800000) (1024K)]
  0x000001dcb079c8a0 JavaThread "Unconstrained build operations Thread 21"        [_thread_blocked, id=33384, stack(0x0000002bcdc00000,0x0000002bcdd00000) (1024K)]
  0x000001dcb079dc50 JavaThread "Unconstrained build operations Thread 22"        [_thread_blocked, id=32432, stack(0x0000002bcec00000,0x0000002bced00000) (1024K)]
  0x000001dcb079f690 JavaThread "Unconstrained build operations Thread 23"        [_thread_blocked, id=24672, stack(0x0000002bd0000000,0x0000002bd0100000) (1024K)]
  0x000001dcb079cf30 JavaThread "Unconstrained build operations Thread 24"        [_thread_blocked, id=28396, stack(0x0000002bd0100000,0x0000002bd0200000) (1024K)]
  0x000001dcb079d5c0 JavaThread "Unconstrained build operations Thread 25"        [_thread_blocked, id=34308, stack(0x0000002bd0400000,0x0000002bd0500000) (1024K)]
  0x000001dcb079e970 JavaThread "Unconstrained build operations Thread 26"        [_thread_blocked, id=11248, stack(0x0000002bd0500000,0x0000002bd0600000) (1024K)]
  0x000001dcb079f000 JavaThread "Unconstrained build operations Thread 27"        [_thread_blocked, id=32692, stack(0x0000002bd3800000,0x0000002bd3900000) (1024K)]
  0x000001dcaf3da960 JavaThread "Unconstrained build operations Thread 28"        [_thread_blocked, id=24928, stack(0x0000002bd3900000,0x0000002bd3a00000) (1024K)]
  0x000001dcaf3dbd10 JavaThread "Unconstrained build operations Thread 29"        [_thread_blocked, id=32620, stack(0x0000002bd3a00000,0x0000002bd3b00000) (1024K)]
  0x000001dcaf3d8890 JavaThread "Unconstrained build operations Thread 30"        [_thread_blocked, id=17392, stack(0x0000002bd3b00000,0x0000002bd3c00000) (1024K)]
  0x000001dcaf3d9c40 JavaThread "Unconstrained build operations Thread 31"        [_thread_blocked, id=24808, stack(0x0000002bd3c00000,0x0000002bd3d00000) (1024K)]
  0x000001dcaf3d95b0 JavaThread "Unconstrained build operations Thread 32"        [_thread_blocked, id=33648, stack(0x0000002bd3d00000,0x0000002bd3e00000) (1024K)]
  0x000001dcaf3daff0 JavaThread "Unconstrained build operations Thread 33"        [_thread_blocked, id=34808, stack(0x0000002bd3e00000,0x0000002bd3f00000) (1024K)]
  0x000001dcaf3d8f20 JavaThread "Unconstrained build operations Thread 34"        [_thread_blocked, id=26180, stack(0x0000002bd3f00000,0x0000002bd4000000) (1024K)]
  0x000001dcaf3db680 JavaThread "Unconstrained build operations Thread 35"        [_thread_blocked, id=18376, stack(0x0000002bd4000000,0x0000002bd4100000) (1024K)]
  0x000001dcaf14fd80 JavaThread "Unconstrained build operations Thread 36"        [_thread_blocked, id=27616, stack(0x0000002bd4100000,0x0000002bd4200000) (1024K)]
  0x000001dcaf1524e0 JavaThread "Unconstrained build operations Thread 37"        [_thread_blocked, id=34068, stack(0x0000002bd4200000,0x0000002bd4300000) (1024K)]
  0x000001dcaf14f060 JavaThread "Unconstrained build operations Thread 38"        [_thread_blocked, id=33528, stack(0x0000002bd4300000,0x0000002bd4400000) (1024K)]
  0x000001dcaf150aa0 JavaThread "Unconstrained build operations Thread 39"        [_thread_blocked, id=19644, stack(0x0000002bd4400000,0x0000002bd4500000) (1024K)]
  0x000001dcaf150410 JavaThread "Unconstrained build operations Thread 40"        [_thread_blocked, id=33432, stack(0x0000002bd4500000,0x0000002bd4600000) (1024K)]
  0x000001dcaf152b70 JavaThread "Unconstrained build operations Thread 41"        [_thread_blocked, id=18560, stack(0x0000002bd4600000,0x0000002bd4700000) (1024K)]
  0x000001dcacc51a30 JavaThread "Unconstrained build operations Thread 42"        [_thread_blocked, id=30588, stack(0x0000002bd4900000,0x0000002bd4a00000) (1024K)]
  0x000001dcacc4f960 JavaThread "Unconstrained build operations Thread 43"        [_thread_blocked, id=26604, stack(0x0000002bd4a00000,0x0000002bd4b00000) (1024K)]
  0x000001dcacc4fff0 JavaThread "Unconstrained build operations Thread 44"        [_thread_blocked, id=27456, stack(0x0000002bd4b00000,0x0000002bd4c00000) (1024K)]
  0x000001dcacc50d10 JavaThread "Unconstrained build operations Thread 45"        [_thread_blocked, id=31656, stack(0x0000002bd4c00000,0x0000002bd4d00000) (1024K)]
  0x000001dcacc50680 JavaThread "Unconstrained build operations Thread 46"        [_thread_blocked, id=28524, stack(0x0000002bd4d00000,0x0000002bd4e00000) (1024K)]
  0x000001dcacc513a0 JavaThread "Unconstrained build operations Thread 47"        [_thread_blocked, id=19824, stack(0x0000002bd4e00000,0x0000002bd4f00000) (1024K)]
  0x000001dca52cd880 JavaThread "Unconstrained build operations Thread 48"        [_thread_blocked, id=28860, stack(0x0000002bd4f00000,0x0000002bd5000000) (1024K)]
  0x000001dca52cbe40 JavaThread "Unconstrained build operations Thread 49"        [_thread_blocked, id=13032, stack(0x0000002bd5000000,0x0000002bd5100000) (1024K)]
  0x000001dca52cd1f0 JavaThread "Unconstrained build operations Thread 50"        [_thread_blocked, id=34464, stack(0x0000002bd5100000,0x0000002bd5200000) (1024K)]
  0x000001dcd16f7d00 JavaThread "build event listener"              [_thread_blocked, id=1588, stack(0x0000002bd5600000,0x0000002bd5700000) (1024K)]
  0x000001dcac722080 JavaThread "build event listener"              [_thread_blocked, id=22664, stack(0x0000002bd5800000,0x0000002bd5900000) (1024K)]
  0x000001dccf3410e0 JavaThread "build event listener"              [_thread_blocked, id=30496, stack(0x0000002bd4800000,0x0000002bd4900000) (1024K)]
  0x000001dca49f4ee0 JavaThread "Unconstrained build operations Thread 51"        [_thread_blocked, id=6112, stack(0x0000002bd5a00000,0x0000002bd5b00000) (1024K)]
  0x000001dca49f5570 JavaThread "Unconstrained build operations Thread 52"        [_thread_blocked, id=6364, stack(0x0000002bd5c00000,0x0000002bd5d00000) (1024K)]
  0x000001dca49f2e10 JavaThread "Unconstrained build operations Thread 53"        [_thread_blocked, id=34272, stack(0x0000002bd5e00000,0x0000002bd5f00000) (1024K)]
  0x000001dca49f34a0 JavaThread "Unconstrained build operations Thread 54"        [_thread_blocked, id=34356, stack(0x0000002bd5f00000,0x0000002bd6000000) (1024K)]
  0x000001dca49f5c00 JavaThread "Unconstrained build operations Thread 55"        [_thread_blocked, id=26656, stack(0x0000002bd6000000,0x0000002bd6100000) (1024K)]
  0x000001dca52cec30 JavaThread "Unconstrained build operations Thread 56"        [_thread_blocked, id=3160, stack(0x0000002bd6100000,0x0000002bd6200000) (1024K)]
  0x000001dca52cf2c0 JavaThread "Unconstrained build operations Thread 57"        [_thread_blocked, id=29132, stack(0x0000002bd6200000,0x0000002bd6300000) (1024K)]
  0x000001dca52cc4d0 JavaThread "Unconstrained build operations Thread 58"        [_thread_blocked, id=31256, stack(0x0000002bd6300000,0x0000002bd6400000) (1024K)]
  0x000001dca52ccb60 JavaThread "Unconstrained build operations Thread 59"        [_thread_blocked, id=31812, stack(0x0000002bd6400000,0x0000002bd6500000) (1024K)]
  0x000001dcab204540 JavaThread "Unconstrained build operations Thread 60"        [_thread_blocked, id=21864, stack(0x0000002bd6500000,0x0000002bd6600000) (1024K)]
  0x000001dcab204bd0 JavaThread "Unconstrained build operations Thread 61"        [_thread_blocked, id=15544, stack(0x0000002bd6600000,0x0000002bd6700000) (1024K)]
  0x000001dcab203820 JavaThread "Unconstrained build operations Thread 62"        [_thread_blocked, id=33244, stack(0x0000002bd6700000,0x0000002bd6800000) (1024K)]
  0x000001dcab202b00 JavaThread "Unconstrained build operations Thread 63"        [_thread_blocked, id=34476, stack(0x0000002bd6900000,0x0000002bd6a00000) (1024K)]
  0x000001dcaf3da2d0 JavaThread "Unconstrained build operations Thread 64"        [_thread_blocked, id=22192, stack(0x0000002bd6a00000,0x0000002bd6b00000) (1024K)]
  0x000001dcb0975e80 JavaThread "Unconstrained build operations Thread 65"        [_thread_blocked, id=27308, stack(0x0000002bd6c00000,0x0000002bd6d00000) (1024K)]
  0x000001dcb0976ba0 JavaThread "Unconstrained build operations Thread 66"        [_thread_blocked, id=6612, stack(0x0000002bd6d00000,0x0000002bd6e00000) (1024K)]
  0x000001dcb09778c0 JavaThread "Unconstrained build operations Thread 67"        [_thread_blocked, id=34404, stack(0x0000002bd6e00000,0x0000002bd6f00000) (1024K)]
  0x000001dcb09757f0 JavaThread "Unconstrained build operations Thread 68"        [_thread_blocked, id=30136, stack(0x0000002bd6f00000,0x0000002bd7000000) (1024K)]
  0x000001dcaf646330 JavaThread "pool-128-thread-1"                 [_thread_blocked, id=29312, stack(0x0000002bd7100000,0x0000002bd7200000) (1024K)]
  0x000001dcaf648400 JavaThread "build event listener"              [_thread_blocked, id=29712, stack(0x0000002bd7200000,0x0000002bd7300000) (1024K)]
  0x000001dcab203190 JavaThread "Build operations"                  [_thread_blocked, id=33032, stack(0x0000002bd7300000,0x0000002bd7400000) (1024K)]
  0x000001dccd350830 JavaThread "Unconstrained build operations Thread 69"        [_thread_blocked, id=14992, stack(0x0000002bd7000000,0x0000002bd7100000) (1024K)]
  0x000001dccd34f480 JavaThread "Unconstrained build operations Thread 70"        [_thread_blocked, id=31780, stack(0x0000002bd7400000,0x0000002bd7500000) (1024K)]
  0x000001dccd351be0 JavaThread "Unconstrained build operations Thread 71"        [_thread_blocked, id=34788, stack(0x0000002bd7500000,0x0000002bd7600000) (1024K)]
  0x000001dccd351550 JavaThread "Unconstrained build operations Thread 72"        [_thread_blocked, id=34800, stack(0x0000002bd7600000,0x0000002bd7700000) (1024K)]
  0x000001dccd34fb10 JavaThread "Unconstrained build operations Thread 73"        [_thread_blocked, id=23840, stack(0x0000002bd7700000,0x0000002bd7800000) (1024K)]
  0x000001dccd34e760 JavaThread "Unconstrained build operations Thread 74"        [_thread_blocked, id=34136, stack(0x0000002bd7800000,0x0000002bd7900000) (1024K)]
  0x000001dccd34edf0 JavaThread "Unconstrained build operations Thread 75"        [_thread_blocked, id=5972, stack(0x0000002bd7900000,0x0000002bd7a00000) (1024K)]
  0x000001dccd3501a0 JavaThread "Unconstrained build operations Thread 76"        [_thread_blocked, id=33488, stack(0x0000002bd7b00000,0x0000002bd7c00000) (1024K)]
  0x000001dcae5361c0 JavaThread "Unconstrained build operations Thread 77"        [_thread_blocked, id=29332, stack(0x0000002bd7c00000,0x0000002bd7d00000) (1024K)]
  0x000001dcae536ee0 JavaThread "Unconstrained build operations Thread 78"        [_thread_blocked, id=25724, stack(0x0000002bd7e00000,0x0000002bd7f00000) (1024K)]
  0x000001dcaf8eb790 JavaThread "Unconstrained build operations Thread 79"        [_thread_blocked, id=34492, stack(0x0000002bd5300000,0x0000002bd5400000) (1024K)]
  0x000001dcaf8e8310 JavaThread "Unconstrained build operations Thread 80"        [_thread_blocked, id=33060, stack(0x0000002bd8000000,0x0000002bd8100000) (1024K)]
  0x000001dcaf8e89a0 JavaThread "Unconstrained build operations Thread 81"        [_thread_blocked, id=2568, stack(0x0000002bd8100000,0x0000002bd8200000) (1024K)]
  0x000001dcd16f5c30 JavaThread "Unconstrained build operations Thread 82"        [_thread_blocked, id=33028, stack(0x0000002bd8200000,0x0000002bd8300000) (1024K)]
  0x000001dcd16f8390 JavaThread "Unconstrained build operations Thread 83"        [_thread_blocked, id=22672, stack(0x0000002bd8300000,0x0000002bd8400000) (1024K)]
  0x000001dcd16f8a20 JavaThread "Unconstrained build operations Thread 84"        [_thread_blocked, id=9520, stack(0x0000002bd8400000,0x0000002bd8500000) (1024K)]
  0x000001dcd16f62c0 JavaThread "Unconstrained build operations Thread 85"        [_thread_blocked, id=1596, stack(0x0000002bd8500000,0x0000002bd8600000) (1024K)]
  0x000001dcd16f55a0 JavaThread "Unconstrained build operations Thread 86"        [_thread_blocked, id=33100, stack(0x0000002bd8600000,0x0000002bd8700000) (1024K)]
  0x000001dcd16f6fe0 JavaThread "Unconstrained build operations Thread 87"        [_thread_blocked, id=33348, stack(0x0000002bd8700000,0x0000002bd8800000) (1024K)]
  0x000001dcd16f6950 JavaThread "Unconstrained build operations Thread 88"        [_thread_blocked, id=32484, stack(0x0000002bd8800000,0x0000002bd8900000) (1024K)]
  0x000001dcadebd2c0 JavaThread "Unconstrained build operations Thread 89"        [_thread_blocked, id=28220, stack(0x0000002bd8900000,0x0000002bd8a00000) (1024K)]
  0x000001dcadebb1f0 JavaThread "Unconstrained build operations Thread 90"        [_thread_blocked, id=6524, stack(0x0000002bd8a00000,0x0000002bd8b00000) (1024K)]
  0x000001dcadebd950 JavaThread "Unconstrained build operations Thread 91"        [_thread_blocked, id=17020, stack(0x0000002bd8b00000,0x0000002bd8c00000) (1024K)]
  0x000001dcb040e1d0 JavaThread "Unconstrained build operations Thread 92"        [_thread_blocked, id=32440, stack(0x0000002bd8c00000,0x0000002bd8d00000) (1024K)]
  0x000001dcb040e860 JavaThread "Unconstrained build operations Thread 93"        [_thread_blocked, id=2288, stack(0x0000002bd8d00000,0x0000002bd8e00000) (1024K)]
  0x000001dcb040f580 JavaThread "Unconstrained build operations Thread 94"        [_thread_blocked, id=27088, stack(0x0000002bd8e00000,0x0000002bd8f00000) (1024K)]
  0x000001dcadebb880 JavaThread "Unconstrained build operations Thread 95"        [_thread_blocked, id=32076, stack(0x0000002bd8f00000,0x0000002bd9000000) (1024K)]
  0x000001dcb0977f50 JavaThread "Unconstrained build operations Thread 96"        [_thread_blocked, id=6468, stack(0x0000002bd9000000,0x0000002bd9100000) (1024K)]
  0x000001dcab203eb0 JavaThread "Unconstrained build operations Thread 97"        [_thread_blocked, id=30740, stack(0x0000002bd9100000,0x0000002bd9200000) (1024K)]
  0x000001dcab201de0 JavaThread "Unconstrained build operations Thread 98"        [_thread_blocked, id=9816, stack(0x0000002bd9200000,0x0000002bd9300000) (1024K)]
  0x000001dcab205260 JavaThread "Unconstrained build operations Thread 99"        [_thread_blocked, id=29992, stack(0x0000002bd9300000,0x0000002bd9400000) (1024K)]
  0x000001dcab202470 JavaThread "Unconstrained build operations Thread 100"        [_thread_blocked, id=30924, stack(0x0000002bd9400000,0x0000002bd9500000) (1024K)]
  0x000001dcb09ddfd0 JavaThread "Unconstrained build operations Thread 101"        [_thread_blocked, id=34016, stack(0x0000002bd9500000,0x0000002bd9600000) (1024K)]
  0x000001dcb040ce20 JavaThread "Build operations Thread 2"         [_thread_blocked, id=34340, stack(0x0000002bd9a00000,0x0000002bd9b00000) (1024K)]
  0x000001dcb040eef0 JavaThread "Build operations Thread 3"         [_thread_blocked, id=34436, stack(0x0000002bd9b00000,0x0000002bd9c00000) (1024K)]
  0x000001dcb0976510 JavaThread "included builds"                   [_thread_blocked, id=28248, stack(0x0000002bd9d00000,0x0000002bd9e00000) (1024K)]
  0x000001dcae538fb0 JavaThread "Execution worker"                  [_thread_blocked, id=2880, stack(0x0000002bd9e00000,0x0000002bd9f00000) (1024K)]
  0x000001dcae537c00 JavaThread "Execution worker Thread 2"         [_thread_blocked, id=32324, stack(0x0000002bd9f00000,0x0000002bda000000) (1024K)]
  0x000001dcae537570 JavaThread "Execution worker Thread 3"         [_thread_blocked, id=34488, stack(0x0000002bda000000,0x0000002bda100000) (1024K)]
  0x000001dcaf1552d0 JavaThread "Execution worker Thread 4"         [_thread_blocked, id=25972, stack(0x0000002bda100000,0x0000002bda200000) (1024K)]
  0x000001dcaf156680 JavaThread "Execution worker Thread 5"         [_thread_blocked, id=26264, stack(0x0000002bda200000,0x0000002bda300000) (1024K)]
  0x000001dcaf155960 JavaThread "Execution worker Thread 6"         [_thread_blocked, id=27240, stack(0x0000002bda500000,0x0000002bda600000) (1024K)]
  0x000001dcaf153f20 JavaThread "Execution worker Thread 7"         [_thread_blocked, id=27184, stack(0x0000002bda900000,0x0000002bdaa00000) (1024K)]
  0x000001dcaf153200 JavaThread "Execution worker Thread 8"         [_thread_blocked, id=12040, stack(0x0000002bdab00000,0x0000002bdac00000) (1024K)]
  0x000001dcb09dd2b0 JavaThread "Execution worker Thread 9"         [_thread_blocked, id=6956, stack(0x0000002bdac00000,0x0000002bdad00000) (1024K)]
  0x000001dcb09df380 JavaThread "Execution worker Thread 10"        [_thread_blocked, id=12296, stack(0x0000002bdae00000,0x0000002bdaf00000) (1024K)]
  0x000001dca49f3b30 JavaThread "Cache worker for execution history cache (C:\Users\opule\AndroidStudioProjects\Promptr\.gradle\9.3.1\executionHistory)"        [_thread_blocked, id=28004, stack(0x0000002bdaf00000,0x0000002bdb000000) (1024K)]
  0x000001dcb09dcc20 JavaThread "Execution worker Thread 11"        [_thread_blocked, id=32460, stack(0x0000002bdb000000,0x0000002bdb100000) (1024K)]
  0x000001dcb09dd940 JavaThread "Execution worker Thread 12"        [_thread_blocked, id=10332, stack(0x0000002bdb100000,0x0000002bdb200000) (1024K)]
  0x000001dcb09de660 JavaThread "Execution worker Thread 13"        [_thread_blocked, id=17008, stack(0x0000002bdb200000,0x0000002bdb300000) (1024K)]
  0x000001dcb09dfa10 JavaThread "Execution worker Thread 14"        [_thread_blocked, id=17144, stack(0x0000002bdb300000,0x0000002bdb400000) (1024K)]
  0x000001dcb09dc590 JavaThread "Execution worker Thread 15"        [_thread_blocked, id=29284, stack(0x0000002bdb400000,0x0000002bdb500000) (1024K)]
  0x000001dcadebc5a0 JavaThread "Unconstrained build operations Thread 102"        [_thread_blocked, id=28808, stack(0x0000002bd9900000,0x0000002bd9a00000) (1024K)]
  0x000001dcb0974ad0 JavaThread "Unconstrained build operations Thread 103"        [_thread_blocked, id=32444, stack(0x0000002bdb500000,0x0000002bdb600000) (1024K)]
  0x000001dcb0977230 JavaThread "Unconstrained build operations Thread 104"        [_thread_blocked, id=21780, stack(0x0000002bdb900000,0x0000002bdba00000) (1024K)]
  0x000001dcaf1545b0 JavaThread "Unconstrained build operations Thread 105"        [_thread_blocked, id=15468, stack(0x0000002bdba00000,0x0000002bdbb00000) (1024K)]
  0x000001dcaf154c40 JavaThread "Unconstrained build operations Thread 106"        [_thread_blocked, id=28852, stack(0x0000002bdbb00000,0x0000002bdbc00000) (1024K)]
  0x000001dcaf155ff0 JavaThread "Unconstrained build operations Thread 107"        [_thread_blocked, id=23600, stack(0x0000002bdbc00000,0x0000002bdbd00000) (1024K)]
  0x000001dcaf153890 JavaThread "Unconstrained build operations Thread 108"        [_thread_blocked, id=17984, stack(0x0000002bdbd00000,0x0000002bdbe00000) (1024K)]
  0x000001dcabc414e0 JavaThread "Unconstrained build operations Thread 109"        [_thread_blocked, id=31492, stack(0x0000002bdbe00000,0x0000002bdbf00000) (1024K)]
  0x000001dcabc42200 JavaThread "Unconstrained build operations Thread 110"        [_thread_blocked, id=34524, stack(0x0000002bdbf00000,0x0000002bdc000000) (1024K)]
  0x000001dcabc42f20 JavaThread "Unconstrained build operations Thread 111"        [_thread_blocked, id=27652, stack(0x0000002bdc000000,0x0000002bdc100000) (1024K)]
  0x000001dcabc435b0 JavaThread "Unconstrained build operations Thread 112"        [_thread_blocked, id=27416, stack(0x0000002bdc100000,0x0000002bdc200000) (1024K)]
  0x000001dcabc43c40 JavaThread "Unconstrained build operations Thread 113"        [_thread_blocked, id=22096, stack(0x0000002bdc200000,0x0000002bdc300000) (1024K)]
  0x000001dcabc407c0 JavaThread "Unconstrained build operations Thread 114"        [_thread_blocked, id=13448, stack(0x0000002bdc300000,0x0000002bdc400000) (1024K)]
  0x000001dcaca9b530 JavaThread "Unconstrained build operations Thread 115"        [_thread_blocked, id=18640, stack(0x0000002bdc400000,0x0000002bdc500000) (1024K)]
  0x000001dcaca9cf70 JavaThread "Unconstrained build operations Thread 116"        [_thread_blocked, id=25636, stack(0x0000002bdc500000,0x0000002bdc600000) (1024K)]
  0x000001dcaf8e9d50 JavaThread "Unconstrained build operations Thread 117"        [_thread_blocked, id=31552, stack(0x0000002bdc600000,0x0000002bdc700000) (1024K)]
  0x000001dcae538920 JavaThread "Unconstrained build operations Thread 118"        [_thread_blocked, id=14544, stack(0x0000002bdc700000,0x0000002bdc800000) (1024K)]
  0x000001dca49f4850 JavaThread "Unconstrained build operations Thread 119"        [_thread_blocked, id=32876, stack(0x0000002bdc800000,0x0000002bdc900000) (1024K)]
  0x000001dca49f41c0 JavaThread "Unconstrained build operations Thread 120"        [_thread_blocked, id=29520, stack(0x0000002bdc900000,0x0000002bdca00000) (1024K)]
  0x000001dcaf63bfe0 JavaThread "Unconstrained build operations Thread 121"        [_thread_blocked, id=32928, stack(0x0000002bdca00000,0x0000002bdcb00000) (1024K)]
  0x000001dcaaa33f70 JavaThread "Unconstrained build operations Thread 122"        [_thread_blocked, id=34088, stack(0x0000002bdcb00000,0x0000002bdcc00000) (1024K)]
  0x000001dc9f59d2e0 JavaThread "Unconstrained build operations Thread 123"        [_thread_blocked, id=34500, stack(0x0000002bdcc00000,0x0000002bdcd00000) (1024K)]
  0x000001dcb040fc10 JavaThread "Unconstrained build operations Thread 124"        [_thread_blocked, id=32188, stack(0x0000002bdcd00000,0x0000002bdce00000) (1024K)]
  0x000001dcaaa32bc0 JavaThread "Unconstrained build operations Thread 125"        [_thread_blocked, id=13160, stack(0x0000002bdce00000,0x0000002bdcf00000) (1024K)]
  0x000001dcaf298910 JavaThread "Unconstrained build operations Thread 126"        [_thread_blocked, id=1392, stack(0x0000002bdcf00000,0x0000002bdd000000) (1024K)]
  0x000001dcae535b30 JavaThread "Unconstrained build operations Thread 127"        [_thread_blocked, id=5500, stack(0x0000002bdd000000,0x0000002bdd100000) (1024K)]
  0x000001dcaad29ec0 JavaThread "Unconstrained build operations Thread 128"        [_thread_blocked, id=31104, stack(0x0000002bdd100000,0x0000002bdd200000) (1024K)]
  0x000001dcae6d0100 JavaThread "Unconstrained build operations Thread 129"        [_thread_blocked, id=33464, stack(0x0000002bdd200000,0x0000002bdd300000) (1024K)]
  0x000001dcaf8eb100 JavaThread "Unconstrained build operations Thread 130"        [_thread_blocked, id=16288, stack(0x0000002bdd300000,0x0000002bdd400000) (1024K)]
  0x000001dc9f59b210 JavaThread "Unconstrained build operations Thread 131"        [_thread_blocked, id=34320, stack(0x0000002bdd400000,0x0000002bdd500000) (1024K)]
  0x000001dcaad28480 JavaThread "WorkerExecutor Queue"              [_thread_blocked, id=32156, stack(0x0000002bdd500000,0x0000002bdd600000) (1024K)]
  0x000001dcadebab60 JavaThread "WorkerExecutor Queue Thread 2"        [_thread_blocked, id=17128, stack(0x0000002bdd600000,0x0000002bdd700000) (1024K)]
  0x000001dcaf8e9030 JavaThread "WorkerExecutor Queue Thread 3"        [_thread_blocked, id=33616, stack(0x0000002bdd700000,0x0000002bdd800000) (1024K)]
  0x000001dcaf29a9e0 JavaThread "Unconstrained build operations Thread 132"        [_thread_blocked, id=8948, stack(0x0000002bdd800000,0x0000002bdd900000) (1024K)]
  0x000001dcae6d0790 JavaThread "Unconstrained build operations Thread 133"        [_thread_blocked, id=32240, stack(0x0000002bdd900000,0x0000002bdda00000) (1024K)]
  0x000001dcae6d0e20 JavaThread "Unconstrained build operations Thread 134"        [_thread_blocked, id=17524, stack(0x0000002bdda00000,0x0000002bddb00000) (1024K)]
  0x000001dcae6d14b0 JavaThread "Unconstrained build operations Thread 135"        [_thread_blocked, id=2840, stack(0x0000002bddb00000,0x0000002bddc00000) (1024K)]
  0x000001dcaf299cc0 JavaThread "Unconstrained build operations Thread 136"        [_thread_blocked, id=29164, stack(0x0000002bddc00000,0x0000002bddd00000) (1024K)]
  0x000001dcaf298fa0 JavaThread "Unconstrained build operations Thread 137"        [_thread_blocked, id=12612, stack(0x0000002bddd00000,0x0000002bdde00000) (1024K)]
  0x000001dcaf299630 JavaThread "Unconstrained build operations Thread 138"        [_thread_blocked, id=25380, stack(0x0000002bdde00000,0x0000002bddf00000) (1024K)]
  0x000001dcaf29b070 JavaThread "Unconstrained build operations Thread 139"        [_thread_blocked, id=33388, stack(0x0000002bddf00000,0x0000002bde000000) (1024K)]
  0x000001dcaf29b700 JavaThread "Unconstrained build operations Thread 140"        [_thread_blocked, id=28516, stack(0x0000002bde000000,0x0000002bde100000) (1024K)]
  0x000001dcaad27df0 JavaThread "Unconstrained build operations Thread 141"        [_thread_blocked, id=25592, stack(0x0000002bde100000,0x0000002bde200000) (1024K)]
  0x000001dcaf8e96c0 JavaThread "Unconstrained build operations Thread 142"        [_thread_blocked, id=20060, stack(0x0000002bde200000,0x0000002bde300000) (1024K)]
  0x000001dc9f59b8a0 JavaThread "Unconstrained build operations Thread 143"        [_thread_blocked, id=26136, stack(0x0000002bde300000,0x0000002bde400000) (1024K)]
  0x000001dc9f59d970 JavaThread "Unconstrained build operations Thread 144"        [_thread_blocked, id=32932, stack(0x0000002bde400000,0x0000002bde500000) (1024K)]
  0x000001dcadebdfe0 JavaThread "Unconstrained build operations Thread 145"        [_thread_blocked, id=7012, stack(0x0000002bde500000,0x0000002bde600000) (1024K)]
  0x000001dccd0a3ce0 JavaThread "Unconstrained build operations Thread 146"        [_thread_blocked, id=29720, stack(0x0000002bde600000,0x0000002bde700000) (1024K)]
  0x000001dcaf29a350 JavaThread "WorkerExecutor Queue Thread 4"        [_thread_blocked, id=30012, stack(0x0000002bde700000,0x0000002bde800000) (1024K)]
  0x000001dcaf63b2c0 JavaThread "WorkerExecutor Queue Thread 5"        [_thread_blocked, id=10744, stack(0x0000002bde800000,0x0000002bde900000) (1024K)]
  0x000001dcac7247e0 JavaThread "WorkerExecutor Queue Thread 6"        [_thread_blocked, id=8040, stack(0x0000002bde900000,0x0000002bdea00000) (1024K)]
  0x000001dcad741700 JavaThread "Unconstrained build operations Thread 147"        [_thread_blocked, id=5640, stack(0x0000002bd9800000,0x0000002bd9900000) (1024K)]
  0x000001dccd0a5720 JavaThread "Unconstrained build operations Thread 148"        [_thread_blocked, id=26340, stack(0x0000002bdea00000,0x0000002bdeb00000) (1024K)]
  0x000001dccd0a5db0 JavaThread "Unconstrained build operations Thread 149"        [_thread_blocked, id=26612, stack(0x0000002bdeb00000,0x0000002bdec00000) (1024K)]
  0x000001dc9f59cc50 JavaThread "Unconstrained build operations Thread 150"        [_thread_blocked, id=32956, stack(0x0000002bdec00000,0x0000002bded00000) (1024K)]
  0x000001dc9f59e000 JavaThread "Unconstrained build operations Thread 151"        [_thread_blocked, id=33276, stack(0x0000002bded00000,0x0000002bdee00000) (1024K)]
  0x000001dc9f59c5c0 JavaThread "Unconstrained build operations Thread 152"        [_thread_blocked, id=28800, stack(0x0000002bdee00000,0x0000002bdef00000) (1024K)]
  0x000001dcab822540 JavaThread "Unconstrained build operations Thread 153"        [_thread_blocked, id=17748, stack(0x0000002bdef00000,0x0000002bdf000000) (1024K)]
  0x000001dcab821190 JavaThread "Unconstrained build operations Thread 154"        [_thread_blocked, id=33332, stack(0x0000002bdf000000,0x0000002bdf100000) (1024K)]
  0x000001dcac724e70 JavaThread "Unconstrained build operations Thread 155"        [_thread_blocked, id=33672, stack(0x0000002bdf100000,0x0000002bdf200000) (1024K)]
  0x000001dcac725500 JavaThread "Unconstrained build operations Thread 156"        [_thread_blocked, id=34440, stack(0x0000002bdf200000,0x0000002bdf300000) (1024K)]
  0x000001dcaad28b10 JavaThread "Unconstrained build operations Thread 157"        [_thread_blocked, id=26176, stack(0x0000002bdf300000,0x0000002bdf400000) (1024K)]
  0x000001dcaad291a0 JavaThread "Unconstrained build operations Thread 158"        [_thread_blocked, id=33976, stack(0x0000002bdf400000,0x0000002bdf500000) (1024K)]
  0x000001dcaf29bd90 JavaThread "Unconstrained build operations Thread 159"        [_thread_blocked, id=10572, stack(0x0000002bdf500000,0x0000002bdf600000) (1024K)]
  0x000001dcae339320 JavaThread "Unconstrained build operations Thread 160"        [_thread_blocked, id=29004, stack(0x0000002bdf600000,0x0000002bdf700000) (1024K)]
  0x000001dcab821820 JavaThread "WorkerExecutor Queue Thread 7"        [_thread_blocked, id=31512, stack(0x0000002bdf700000,0x0000002bdf800000) (1024K)]
  0x000001dcab821eb0 JavaThread "WorkerExecutor Queue Thread 8"        [_thread_blocked, id=940, stack(0x0000002bdf800000,0x0000002bdf900000) (1024K)]
  0x000001dcaf63a5a0 JavaThread "WorkerExecutor Queue Thread 9"        [_thread_blocked, id=30088, stack(0x0000002bdf900000,0x0000002bdfa00000) (1024K)]
  0x000001dcaf63c670 JavaThread "WorkerExecutor Queue Thread 10"        [_thread_blocked, id=18252, stack(0x0000002bdfa00000,0x0000002bdfb00000) (1024K)]
  0x000001dcaf639880 JavaThread "WorkerExecutor Queue Thread 11"        [_thread_blocked, id=34192, stack(0x0000002bdfb00000,0x0000002bdfc00000) (1024K)]
  0x000001dccd0a6440 JavaThread "WorkerExecutor Queue Thread 12"        [_thread_blocked, id=33376, stack(0x0000002bdfc00000,0x0000002bdfd00000) (1024K)]
  0x000001dcaf63b950 JavaThread "WorkerExecutor Queue Thread 13"        [_thread_blocked, id=24064, stack(0x0000002bdfd00000,0x0000002bdfe00000) (1024K)]
  0x000001dcab578010 JavaThread "WorkerExecutor Queue Thread 14"        [_thread_blocked, id=27428, stack(0x0000002bd5200000,0x0000002bd5300000) (1024K)]
  0x000001dcad0c7190 JavaThread "WorkerExecutor Queue Thread 15"        [_thread_blocked, id=25596, stack(0x0000002bd9c00000,0x0000002bd9d00000) (1024K)]
  0x000001dcad0c98f0 JavaThread "WorkerExecutor Queue Thread 16"        [_thread_blocked, id=28340, stack(0x0000002bdb800000,0x0000002bdb900000) (1024K)]
  0x000001dcab48e8b0 JavaThread "C2 CompilerThread1"         daemon [_thread_blocked, id=33484, stack(0x0000002bcb700000,0x0000002bcb800000) (1024K)]
  0x000001dcaf209960 JavaThread "C2 CompilerThread2"         daemon [_thread_blocked, id=2124, stack(0x0000002be0000000,0x0000002be0100000) (1024K)]
  0x000001dc9d58e060 JavaThread "C2 CompilerThread3"         daemon [_thread_blocked, id=34012, stack(0x0000002bd4700000,0x0000002bd4800000) (1024K)]
  0x000001dc9d58cbf0 JavaThread "C1 CompilerThread1"         daemon [_thread_blocked, id=4124, stack(0x0000002bd5400000,0x0000002bd5500000) (1024K)]
  0x000001dcb040db40 JavaThread "DefaultDispatcher-worker-1" daemon [_thread_blocked, id=24596, stack(0x0000002bd7f00000,0x0000002bd8000000) (1024K)]
  0x000001dcb04102a0 JavaThread "DefaultDispatcher-worker-2" daemon [_thread_blocked, id=24512, stack(0x0000002bd9700000,0x0000002bd9800000) (1024K)]
  0x000001dcaf02f230 JavaThread "DefaultDispatcher-worker-3" daemon [_thread_blocked, id=27180, stack(0x0000002bdfe00000,0x0000002bdff00000) (1024K)]
  0x000001dca4c65490 JavaThread "C1 CompilerThread2"         daemon [_thread_blocked, id=29220, stack(0x0000002bdff00000,0x0000002be0000000) (1024K)]
  0x000001dcad83ef40 JavaThread "RMI TCP Connection(idle)"   daemon [_thread_blocked, id=31096, stack(0x0000002bcb800000,0x0000002bcb900000) (1024K)]
  0x000001dcb046cd30 JavaThread "Periodic tasks thread"      daemon [_thread_blocked, id=8188, stack(0x0000002be0200000,0x0000002be0300000) (1024K)]
  0x000001dcb046b980 JavaThread "ApplicationImpl pooled thread 1"        [_thread_blocked, id=24992, stack(0x0000002be0300000,0x0000002be0400000) (1024K)]
  0x000001dcd71e6fe0 JavaThread "ForkJoinPool.commonPool-worker-183" daemon [_thread_blocked, id=10232, stack(0x0000002be0400000,0x0000002be0500000) (1024K)]
  0x000001dcae6f2d00 JavaThread "C2 CompilerThread4"         daemon [_thread_blocked, id=34228, stack(0x0000002be0500000,0x0000002be0600000) (1024K)]
  0x000001dca47b6600 JavaThread "ForkJoinPool.commonPool-worker-184" daemon [_thread_blocked, id=25364, stack(0x0000002be0100000,0x0000002be0200000) (1024K)]
  0x000001dccd087db0 JavaThread "C1 CompilerThread3"         daemon [_thread_blocked, id=17016, stack(0x0000002be0600000,0x0000002be0700000) (1024K)]
Total: 314

Other Threads:
=>0x000001dc513b7190 VMThread "VM Thread"                           [id=12984, stack(0x0000002bcc000000,0x0000002bcc100000) (1024K)]
  0x000001dc513a6780 WatcherThread "VM Periodic Task Thread"        [id=11692, stack(0x0000002bcbf00000,0x0000002bcc000000) (1024K)]
  0x000001dc315e80d0 WorkerThread "GC Thread#0"                     [id=29296, stack(0x0000002bcba00000,0x0000002bcbb00000) (1024K)]
  0x000001dc5170fb50 WorkerThread "GC Thread#1"                     [id=14292, stack(0x0000002bcc900000,0x0000002bcca00000) (1024K)]
  0x000001dc5170ff00 WorkerThread "GC Thread#2"                     [id=30800, stack(0x0000002bccb00000,0x0000002bccc00000) (1024K)]
  0x000001dc518fb770 WorkerThread "GC Thread#3"                     [id=18400, stack(0x0000002bccd00000,0x0000002bcce00000) (1024K)]
  0x000001dc518a4e80 WorkerThread "GC Thread#4"                     [id=17548, stack(0x0000002bcce00000,0x0000002bccf00000) (1024K)]
  0x000001dc518a5230 WorkerThread "GC Thread#5"                     [id=30196, stack(0x0000002bccf00000,0x0000002bcd000000) (1024K)]
  0x000001dc9a5609c0 WorkerThread "GC Thread#6"                     [id=28532, stack(0x0000002bce200000,0x0000002bce300000) (1024K)]
  0x000001dc9a560d70 WorkerThread "GC Thread#7"                     [id=28272, stack(0x0000002bce300000,0x0000002bce400000) (1024K)]
  0x000001dc9a55fb00 WorkerThread "GC Thread#8"                     [id=31208, stack(0x0000002bce400000,0x0000002bce500000) (1024K)]
  0x000001dc9a55feb0 WorkerThread "GC Thread#9"                     [id=15676, stack(0x0000002bce500000,0x0000002bce600000) (1024K)]
  0x000001dc9a560610 WorkerThread "GC Thread#10"                    [id=24700, stack(0x0000002bce600000,0x0000002bce700000) (1024K)]
  0x000001dc997031b0 WorkerThread "GC Thread#11"                    [id=28156, stack(0x0000002bce700000,0x0000002bce800000) (1024K)]
  0x000001dc997022f0 WorkerThread "GC Thread#12"                    [id=24912, stack(0x0000002bce800000,0x0000002bce900000) (1024K)]
  0x000001dc315fa5f0 ConcurrentGCThread "G1 Main Marker"            [id=25528, stack(0x0000002bcbb00000,0x0000002bcbc00000) (1024K)]
  0x000001dc315fb010 WorkerThread "G1 Conc#0"                       [id=24444, stack(0x0000002bcbc00000,0x0000002bcbd00000) (1024K)]
  0x000001dc997001c0 WorkerThread "G1 Conc#1"                       [id=27732, stack(0x0000002bce900000,0x0000002bcea00000) (1024K)]
  0x000001dc99701b90 WorkerThread "G1 Conc#2"                       [id=2268, stack(0x0000002bcea00000,0x0000002bceb00000) (1024K)]
  0x000001dc5127c000 ConcurrentGCThread "G1 Refine#0"               [id=31168, stack(0x0000002bcbd00000,0x0000002bcbe00000) (1024K)]
  0x000001dc5127d940 ConcurrentGCThread "G1 Service"                [id=1348, stack(0x0000002bcbe00000,0x0000002bcbf00000) (1024K)]
Total: 21

Threads with active compile tasks:
C2 CompilerThread0  22858563 174422       4       com.android.tools.r8.internal.fp::a (399 bytes)
C2 CompilerThread1  22858563 174424       4       com.android.tools.r8.internal.t81::d (143 bytes)
C2 CompilerThread2  22858563 174384       4       com.android.tools.r8.internal.bo3::a (490 bytes)
C2 CompilerThread3  22858563 174065 %     4       com.android.tools.r8.internal.rv::a @ 232 (4509 bytes)
C2 CompilerThread4  22858563 174364       4       com.android.tools.r8.internal.ca2::a (2026 bytes)
Total: 5

VM state: at safepoint (normal execution)

VM Mutex/Monitor currently owned by a thread:  ([mutex/lock_event])
[0x00007ffd4c3e65c0] Threads_lock - owner thread: 0x000001dc513b7190
[0x00007ffd4c3e66c0] Heap_lock - owner thread: 0x000001dcb09dfa10

Heap address: 0x0000000700000000, size: 4096 MB, Compressed Oops mode: Zero based, Oop shift amount: 3

CDS archive(s) mapped at: [0x000001dc52000000-0x000001dc52c80000-0x000001dc52c80000), size 13107200, SharedBaseAddress: 0x000001dc52000000, ArchiveRelocationMode: 1.
Compressed class space mapped at: 0x000001dc53000000-0x000001dc93000000, reserved size: 1073741824
Narrow klass base: 0x000001dc52000000, Narrow klass shift: 0, Narrow klass range: 0x100000000

GC Precious Log:
 CardTable entry size: 512
 Card Set container configuration: InlinePtr #cards 4 size 8 Array Of Cards #cards 16 size 48 Howl #buckets 8 coarsen threshold 3686 Howl Bitmap #cards 512 size 80 coarsen threshold 460 Card regions per heap region 1 cards per card region 4096
 CPUs: 16 total, 16 available
 Memory: 16053M
 Large Page Support: Disabled
 NUMA Support: Disabled
 Compressed Oops: Enabled (Zero based)
 Heap Region Size: 2M
 Heap Min Capacity: 8M
 Heap Initial Capacity: 252M
 Heap Max Capacity: 4G
 Pre-touch: Disabled
 Parallel Workers: 13
 Concurrent Workers: 3
 Concurrent Refinement Workers: 13
 Periodic GC: Disabled

Heap:
 garbage-first heap   total 2609152K, used 1397921K [0x0000000700000000, 0x0000000800000000)
  region size 2048K, 52 young (106496K), 52 survivors (106496K)
 Metaspace       used 530733K, committed 534848K, reserved 1572864K
  class space    used 64658K, committed 66816K, reserved 1048576K

Heap Regions: E=young(eden), S=young(survivor), O=old, HS=humongous(starts), HC=humongous(continues), CS=collection set, F=free, TAMS=top-at-mark-start, PB=parsable bottom
|   0|0x0000000700000000, 0x0000000700200000, 0x0000000700200000|100%|HS|  |TAMS 0x0000000700200000| PB 0x0000000700000000| Complete 
|   1|0x0000000700200000, 0x0000000700400000, 0x0000000700400000|100%|HC|  |TAMS 0x0000000700400000| PB 0x0000000700200000| Complete 
|   2|0x0000000700400000, 0x0000000700600000, 0x0000000700600000|100%|HS|  |TAMS 0x0000000700600000| PB 0x0000000700400000| Complete 
|   3|0x0000000700600000, 0x0000000700792850, 0x0000000700800000| 78%| O|  |TAMS 0x0000000700792850| PB 0x0000000700600000| Untracked 
|   4|0x0000000700800000, 0x00000007009ffff8, 0x0000000700a00000| 99%| O|  |TAMS 0x00000007009ffff8| PB 0x0000000700800000| Untracked 
|   5|0x0000000700a00000, 0x0000000700bfffe0, 0x0000000700c00000| 99%| O|  |TAMS 0x0000000700bfffe0| PB 0x0000000700a00000| Untracked 
|   6|0x0000000700c00000, 0x0000000700dfccd0, 0x0000000700e00000| 99%| O|  |TAMS 0x0000000700dfccd0| PB 0x0000000700c00000| Untracked 
|   7|0x0000000700e00000, 0x0000000700ffffd8, 0x0000000701000000| 99%| O|  |TAMS 0x0000000700ffffd8| PB 0x0000000700e00000| Untracked 
|   8|0x0000000701000000, 0x0000000701200000, 0x0000000701200000|100%|HS|  |TAMS 0x0000000701200000| PB 0x0000000701000000| Complete 
|   9|0x0000000701200000, 0x00000007013fffa8, 0x0000000701400000| 99%| O|  |TAMS 0x00000007013fffa8| PB 0x0000000701200000| Untracked 
|  10|0x0000000701400000, 0x00000007015febb0, 0x0000000701600000| 99%| O|  |TAMS 0x00000007015febb0| PB 0x0000000701400000| Untracked 
|  11|0x0000000701600000, 0x00000007017f4b90, 0x0000000701800000| 97%| O|  |TAMS 0x00000007017f4b90| PB 0x0000000701600000| Untracked 
|  12|0x0000000701800000, 0x00000007019ffff0, 0x0000000701a00000| 99%| O|  |TAMS 0x00000007019ffff0| PB 0x0000000701800000| Untracked 
|  13|0x0000000701a00000, 0x0000000701c00000, 0x0000000701c00000|100%| O|  |TAMS 0x0000000701c00000| PB 0x0000000701a00000| Untracked 
|  14|0x0000000701c00000, 0x0000000701dffff8, 0x0000000701e00000| 99%| O|  |TAMS 0x0000000701dffff8| PB 0x0000000701c00000| Untracked 
|  15|0x0000000701e00000, 0x0000000701ffffe0, 0x0000000702000000| 99%| O|  |TAMS 0x0000000701ffffe0| PB 0x0000000701e00000| Untracked 
|  16|0x0000000702000000, 0x00000007021fffe8, 0x0000000702200000| 99%| O|  |TAMS 0x00000007021fffe8| PB 0x0000000702000000| Untracked 
|  17|0x0000000702200000, 0x00000007023ffa48, 0x0000000702400000| 99%| O|  |TAMS 0x00000007023ffa48| PB 0x0000000702200000| Untracked 
|  18|0x0000000702400000, 0x00000007025ffff8, 0x0000000702600000| 99%| O|  |TAMS 0x00000007025ffff8| PB 0x0000000702400000| Untracked 
|  19|0x0000000702600000, 0x00000007027fff48, 0x0000000702800000| 99%| O|  |TAMS 0x00000007027fff48| PB 0x0000000702600000| Untracked 
|  20|0x0000000702800000, 0x00000007029fffc8, 0x0000000702a00000| 99%| O|  |TAMS 0x00000007029fffc8| PB 0x0000000702800000| Untracked 
|  21|0x0000000702a00000, 0x0000000702c00000, 0x0000000702c00000|100%| O|  |TAMS 0x0000000702c00000| PB 0x0000000702a00000| Untracked 
|  22|0x0000000702c00000, 0x0000000702dfffe8, 0x0000000702e00000| 99%| O|  |TAMS 0x0000000702dfffe8| PB 0x0000000702c00000| Untracked 
|  23|0x0000000702e00000, 0x0000000702f8aa68, 0x0000000703000000| 77%| O|  |TAMS 0x0000000702f8aa68| PB 0x0000000702e00000| Untracked 
|  24|0x0000000703000000, 0x00000007031fffb8, 0x0000000703200000| 99%| O|  |TAMS 0x00000007031fffb8| PB 0x0000000703000000| Untracked 
|  25|0x0000000703200000, 0x00000007033fff88, 0x0000000703400000| 99%| O|  |TAMS 0x00000007033fff88| PB 0x0000000703200000| Untracked 
|  26|0x0000000703400000, 0x00000007035ffff0, 0x0000000703600000| 99%| O|  |TAMS 0x00000007035ffff0| PB 0x0000000703400000| Untracked 
|  27|0x0000000703600000, 0x00000007037fffb8, 0x0000000703800000| 99%| O|  |TAMS 0x00000007037fffb8| PB 0x0000000703600000| Untracked 
|  28|0x0000000703800000, 0x00000007039ffff0, 0x0000000703a00000| 99%| O|  |TAMS 0x00000007039ffff0| PB 0x0000000703800000| Untracked 
|  29|0x0000000703a00000, 0x0000000703bfff98, 0x0000000703c00000| 99%| O|  |TAMS 0x0000000703bfff98| PB 0x0000000703a00000| Untracked 
|  30|0x0000000703c00000, 0x0000000703e00000, 0x0000000703e00000|100%| O|  |TAMS 0x0000000703e00000| PB 0x0000000703c00000| Untracked 
|  31|0x0000000703e00000, 0x0000000703fffff0, 0x0000000704000000| 99%| O|  |TAMS 0x0000000703fffff0| PB 0x0000000703e00000| Untracked 
|  32|0x0000000704000000, 0x00000007041ffff0, 0x0000000704200000| 99%| O|  |TAMS 0x00000007041ffff0| PB 0x0000000704000000| Untracked 
|  33|0x0000000704200000, 0x00000007043ffff0, 0x0000000704400000| 99%| O|  |TAMS 0x00000007043ffff0| PB 0x0000000704200000| Untracked 
|  34|0x0000000704400000, 0x0000000704600000, 0x0000000704600000|100%| O|  |TAMS 0x0000000704600000| PB 0x0000000704400000| Untracked 
|  35|0x0000000704600000, 0x00000007047e8b20, 0x0000000704800000| 95%| O|  |TAMS 0x00000007047e8b20| PB 0x0000000704600000| Untracked 
|  36|0x0000000704800000, 0x0000000704a00000, 0x0000000704a00000|100%| O|  |TAMS 0x0000000704a00000| PB 0x0000000704800000| Untracked 
|  37|0x0000000704a00000, 0x0000000704bac5d0, 0x0000000704c00000| 83%| O|  |TAMS 0x0000000704bac5d0| PB 0x0000000704a00000| Untracked 
|  38|0x0000000704c00000, 0x0000000704dfffe8, 0x0000000704e00000| 99%| O|  |TAMS 0x0000000704dfffe8| PB 0x0000000704c00000| Untracked 
|  39|0x0000000704e00000, 0x0000000704fd6658, 0x0000000705000000| 91%| O|  |TAMS 0x0000000704fd6658| PB 0x0000000704e00000| Untracked 
|  40|0x0000000705000000, 0x0000000705200000, 0x0000000705200000|100%|HS|  |TAMS 0x0000000705200000| PB 0x0000000705000000| Complete 
|  41|0x0000000705200000, 0x0000000705400000, 0x0000000705400000|100%|HC|  |TAMS 0x0000000705400000| PB 0x0000000705200000| Complete 
|  42|0x0000000705400000, 0x00000007055ffff0, 0x0000000705600000| 99%| O|  |TAMS 0x00000007055ffff0| PB 0x0000000705400000| Untracked 
|  43|0x0000000705600000, 0x00000007057ffff8, 0x0000000705800000| 99%| O|  |TAMS 0x00000007057ffff8| PB 0x0000000705600000| Untracked 
|  44|0x0000000705800000, 0x0000000705a00000, 0x0000000705a00000|100%| O|  |TAMS 0x0000000705a00000| PB 0x0000000705800000| Untracked 
|  45|0x0000000705a00000, 0x0000000705c00000, 0x0000000705c00000|100%| O|  |TAMS 0x0000000705c00000| PB 0x0000000705a00000| Untracked 
|  46|0x0000000705c00000, 0x0000000705dfff60, 0x0000000705e00000| 99%| O|  |TAMS 0x0000000705dfff60| PB 0x0000000705c00000| Untracked 
|  47|0x0000000705e00000, 0x0000000705ffffc8, 0x0000000706000000| 99%| O|  |TAMS 0x0000000705ffffc8| PB 0x0000000705e00000| Untracked 
|  48|0x0000000706000000, 0x0000000706200000, 0x0000000706200000|100%| O|  |TAMS 0x0000000706200000| PB 0x0000000706000000| Untracked 
|  49|0x0000000706200000, 0x0000000706400000, 0x0000000706400000|100%| O|  |TAMS 0x0000000706400000| PB 0x0000000706200000| Untracked 
|  50|0x0000000706400000, 0x0000000706600000, 0x0000000706600000|100%|HS|  |TAMS 0x0000000706600000| PB 0x0000000706400000| Complete 
|  51|0x0000000706600000, 0x0000000706800000, 0x0000000706800000|100%|HC|  |TAMS 0x0000000706800000| PB 0x0000000706600000| Complete 
|  52|0x0000000706800000, 0x0000000706a00000, 0x0000000706a00000|100%|HC|  |TAMS 0x0000000706a00000| PB 0x0000000706800000| Complete 
|  53|0x0000000706a00000, 0x0000000706c00000, 0x0000000706c00000|100%|HS|  |TAMS 0x0000000706c00000| PB 0x0000000706a00000| Complete 
|  54|0x0000000706c00000, 0x0000000706e00000, 0x0000000706e00000|100%|HS|  |TAMS 0x0000000706e00000| PB 0x0000000706c00000| Complete 
|  55|0x0000000706e00000, 0x0000000707000000, 0x0000000707000000|100%|HC|  |TAMS 0x0000000707000000| PB 0x0000000706e00000| Complete 
|  56|0x0000000707000000, 0x0000000707200000, 0x0000000707200000|100%|HC|  |TAMS 0x0000000707200000| PB 0x0000000707000000| Complete 
|  57|0x0000000707200000, 0x0000000707400000, 0x0000000707400000|100%|HS|  |TAMS 0x0000000707400000| PB 0x0000000707200000| Complete 
|  58|0x0000000707400000, 0x0000000707600000, 0x0000000707600000|100%|HS|  |TAMS 0x0000000707600000| PB 0x0000000707400000| Complete 
|  59|0x0000000707600000, 0x00000007077fffe8, 0x0000000707800000| 99%| O|  |TAMS 0x00000007077fffe8| PB 0x0000000707600000| Untracked 
|  60|0x0000000707800000, 0x00000007079fffc0, 0x0000000707a00000| 99%| O|  |TAMS 0x00000007079fffc0| PB 0x0000000707800000| Untracked 
|  61|0x0000000707a00000, 0x0000000707bf0af8, 0x0000000707c00000| 97%| O|  |TAMS 0x0000000707bf0af8| PB 0x0000000707a00000| Untracked 
|  62|0x0000000707c00000, 0x0000000707dfffc0, 0x0000000707e00000| 99%| O|  |TAMS 0x0000000707dfffc0| PB 0x0000000707c00000| Untracked 
|  63|0x0000000707e00000, 0x0000000707fffff8, 0x0000000708000000| 99%| O|  |TAMS 0x0000000707fffff8| PB 0x0000000707e00000| Untracked 
|  64|0x0000000708000000, 0x00000007081fffe8, 0x0000000708200000| 99%| O|  |TAMS 0x00000007081fffe8| PB 0x0000000708000000| Untracked 
|  65|0x0000000708200000, 0x00000007083ffff8, 0x0000000708400000| 99%| O|  |TAMS 0x00000007083ffff8| PB 0x0000000708200000| Untracked 
|  66|0x0000000708400000, 0x00000007085fffd0, 0x0000000708600000| 99%| O|  |TAMS 0x00000007085fffd0| PB 0x0000000708400000| Untracked 
|  67|0x0000000708600000, 0x00000007087fff28, 0x0000000708800000| 99%| O|  |TAMS 0x00000007087fff28| PB 0x0000000708600000| Untracked 
|  68|0x0000000708800000, 0x00000007089fffe8, 0x0000000708a00000| 99%| O|  |TAMS 0x00000007089fffe8| PB 0x0000000708800000| Untracked 
|  69|0x0000000708a00000, 0x0000000708c00000, 0x0000000708c00000|100%| O|  |TAMS 0x0000000708c00000| PB 0x0000000708a00000| Untracked 
|  70|0x0000000708c00000, 0x0000000708dfff90, 0x0000000708e00000| 99%| O|  |TAMS 0x0000000708dfff90| PB 0x0000000708c00000| Untracked 
|  71|0x0000000708e00000, 0x0000000709000000, 0x0000000709000000|100%| O|  |TAMS 0x0000000709000000| PB 0x0000000708e00000| Untracked 
|  72|0x0000000709000000, 0x00000007091fffe0, 0x0000000709200000| 99%| O|  |TAMS 0x00000007091fffe0| PB 0x0000000709000000| Untracked 
|  73|0x0000000709200000, 0x00000007093ceeb8, 0x0000000709400000| 90%| O|  |TAMS 0x00000007093ceeb8| PB 0x0000000709200000| Untracked 
|  74|0x0000000709400000, 0x00000007095fff00, 0x0000000709600000| 99%| O|  |TAMS 0x00000007095fff00| PB 0x0000000709400000| Untracked 
|  75|0x0000000709600000, 0x00000007097ffff8, 0x0000000709800000| 99%| O|  |TAMS 0x00000007097ffff8| PB 0x0000000709600000| Untracked 
|  76|0x0000000709800000, 0x0000000709a00000, 0x0000000709a00000|100%| O|  |TAMS 0x0000000709a00000| PB 0x0000000709800000| Untracked 
|  77|0x0000000709a00000, 0x0000000709bffff0, 0x0000000709c00000| 99%| O|  |TAMS 0x0000000709bffff0| PB 0x0000000709a00000| Untracked 
|  78|0x0000000709c00000, 0x0000000709dfffc0, 0x0000000709e00000| 99%| O|  |TAMS 0x0000000709dfffc0| PB 0x0000000709c00000| Untracked 
|  79|0x0000000709e00000, 0x0000000709fffff8, 0x000000070a000000| 99%| O|  |TAMS 0x0000000709fffff8| PB 0x0000000709e00000| Untracked 
|  80|0x000000070a000000, 0x000000070a1febf0, 0x000000070a200000| 99%| O|  |TAMS 0x000000070a1febf0| PB 0x000000070a000000| Untracked 
|  81|0x000000070a200000, 0x000000070a3fffe0, 0x000000070a400000| 99%| O|  |TAMS 0x000000070a3fffe0| PB 0x000000070a200000| Untracked 
|  82|0x000000070a400000, 0x000000070a5fffc0, 0x000000070a600000| 99%| O|  |TAMS 0x000000070a5fffc0| PB 0x000000070a400000| Untracked 
|  83|0x000000070a600000, 0x000000070a7ffff0, 0x000000070a800000| 99%| O|  |TAMS 0x000000070a7ffff0| PB 0x000000070a600000| Untracked 
|  84|0x000000070a800000, 0x000000070a9ffff8, 0x000000070aa00000| 99%| O|  |TAMS 0x000000070a9ffff8| PB 0x000000070a800000| Untracked 
|  85|0x000000070aa00000, 0x000000070abf2110, 0x000000070ac00000| 97%| O|  |TAMS 0x000000070abf2110| PB 0x000000070aa00000| Untracked 
|  86|0x000000070ac00000, 0x000000070adffff8, 0x000000070ae00000| 99%| O|  |TAMS 0x000000070adffff8| PB 0x000000070ac00000| Untracked 
|  87|0x000000070ae00000, 0x000000070afffff8, 0x000000070b000000| 99%| O|  |TAMS 0x000000070afffff8| PB 0x000000070ae00000| Untracked 
|  88|0x000000070b000000, 0x000000070b1fffe8, 0x000000070b200000| 99%| O|  |TAMS 0x000000070b1fffe8| PB 0x000000070b000000| Untracked 
|  89|0x000000070b200000, 0x000000070b400000, 0x000000070b400000|100%| O|  |TAMS 0x000000070b400000| PB 0x000000070b200000| Untracked 
|  90|0x000000070b400000, 0x000000070b600000, 0x000000070b600000|100%| O|  |TAMS 0x000000070b600000| PB 0x000000070b400000| Untracked 
|  91|0x000000070b600000, 0x000000070b800000, 0x000000070b800000|100%| O|  |TAMS 0x000000070b800000| PB 0x000000070b600000| Untracked 
|  92|0x000000070b800000, 0x000000070b9f9df0, 0x000000070ba00000| 98%| O|  |TAMS 0x000000070b9f9df0| PB 0x000000070b800000| Untracked 
|  93|0x000000070ba00000, 0x000000070bc00000, 0x000000070bc00000|100%| O|  |TAMS 0x000000070bc00000| PB 0x000000070ba00000| Untracked 
|  94|0x000000070bc00000, 0x000000070be00000, 0x000000070be00000|100%| O|  |TAMS 0x000000070be00000| PB 0x000000070bc00000| Untracked 
|  95|0x000000070be00000, 0x000000070c000000, 0x000000070c000000|100%| O|  |TAMS 0x000000070c000000| PB 0x000000070be00000| Untracked 
|  96|0x000000070c000000, 0x000000070c1ffff0, 0x000000070c200000| 99%| O|  |TAMS 0x000000070c1ffff0| PB 0x000000070c000000| Untracked 
|  97|0x000000070c200000, 0x000000070c3ffff0, 0x000000070c400000| 99%| O|  |TAMS 0x000000070c3ffff0| PB 0x000000070c200000| Untracked 
|  98|0x000000070c400000, 0x000000070c600000, 0x000000070c600000|100%| O|  |TAMS 0x000000070c600000| PB 0x000000070c400000| Untracked 
|  99|0x000000070c600000, 0x000000070c7fffa8, 0x000000070c800000| 99%| O|  |TAMS 0x000000070c7fffa8| PB 0x000000070c600000| Untracked 
| 100|0x000000070c800000, 0x000000070c9ffff8, 0x000000070ca00000| 99%| O|  |TAMS 0x000000070c9ffff8| PB 0x000000070c800000| Untracked 
| 101|0x000000070ca00000, 0x000000070cbffff0, 0x000000070cc00000| 99%| O|  |TAMS 0x000000070cbffff0| PB 0x000000070ca00000| Untracked 
| 102|0x000000070cc00000, 0x000000070ce00000, 0x000000070ce00000|100%| O|  |TAMS 0x000000070ce00000| PB 0x000000070cc00000| Untracked 
| 103|0x000000070ce00000, 0x000000070cffffe0, 0x000000070d000000| 99%| O|  |TAMS 0x000000070cffffe0| PB 0x000000070ce00000| Untracked 
| 104|0x000000070d000000, 0x000000070d1ccd70, 0x000000070d200000| 90%| O|  |TAMS 0x000000070d1ccd70| PB 0x000000070d000000| Untracked 
| 105|0x000000070d200000, 0x000000070d400000, 0x000000070d400000|100%| O|  |TAMS 0x000000070d400000| PB 0x000000070d200000| Untracked 
| 106|0x000000070d400000, 0x000000070d5fffa8, 0x000000070d600000| 99%| O|  |TAMS 0x000000070d5fffa8| PB 0x000000070d400000| Untracked 
| 107|0x000000070d600000, 0x000000070d800000, 0x000000070d800000|100%| O|  |TAMS 0x000000070d800000| PB 0x000000070d600000| Untracked 
| 108|0x000000070d800000, 0x000000070d9ffff0, 0x000000070da00000| 99%| O|  |TAMS 0x000000070d9ffff0| PB 0x000000070d800000| Untracked 
| 109|0x000000070da00000, 0x000000070dc00000, 0x000000070dc00000|100%|HS|  |TAMS 0x000000070dc00000| PB 0x000000070da00000| Complete 
| 110|0x000000070dc00000, 0x000000070de00000, 0x000000070de00000|100%|HC|  |TAMS 0x000000070de00000| PB 0x000000070dc00000| Complete 
| 111|0x000000070de00000, 0x000000070e000000, 0x000000070e000000|100%|HC|  |TAMS 0x000000070e000000| PB 0x000000070de00000| Complete 
| 112|0x000000070e000000, 0x000000070e200000, 0x000000070e200000|100%| O|  |TAMS 0x000000070e200000| PB 0x000000070e000000| Untracked 
| 113|0x000000070e200000, 0x000000070e3fc188, 0x000000070e400000| 99%| O|  |TAMS 0x000000070e3fc188| PB 0x000000070e200000| Untracked 
| 114|0x000000070e400000, 0x000000070e600000, 0x000000070e600000|100%| O|  |TAMS 0x000000070e600000| PB 0x000000070e400000| Untracked 
| 115|0x000000070e600000, 0x000000070e7fffc8, 0x000000070e800000| 99%| O|  |TAMS 0x000000070e7fffc8| PB 0x000000070e600000| Untracked 
| 116|0x000000070e800000, 0x000000070e9e7038, 0x000000070ea00000| 95%| O|  |TAMS 0x000000070e9e7038| PB 0x000000070e800000| Untracked 
| 117|0x000000070ea00000, 0x000000070ec00000, 0x000000070ec00000|100%| O|  |TAMS 0x000000070ec00000| PB 0x000000070ea00000| Untracked 
| 118|0x000000070ec00000, 0x000000070ee00000, 0x000000070ee00000|100%| O|  |TAMS 0x000000070ee00000| PB 0x000000070ec00000| Untracked 
| 119|0x000000070ee00000, 0x000000070ef64378, 0x000000070f000000| 69%| O|  |TAMS 0x000000070ef64378| PB 0x000000070ee00000| Untracked 
| 120|0x000000070f000000, 0x000000070f200000, 0x000000070f200000|100%| O|  |TAMS 0x000000070f200000| PB 0x000000070f000000| Untracked 
| 121|0x000000070f200000, 0x000000070f400000, 0x000000070f400000|100%| O|  |TAMS 0x000000070f400000| PB 0x000000070f200000| Untracked 
| 122|0x000000070f400000, 0x000000070f5382c8, 0x000000070f600000| 60%| O|  |TAMS 0x000000070f5382c8| PB 0x000000070f400000| Untracked 
| 123|0x000000070f600000, 0x000000070f800000, 0x000000070f800000|100%| O|  |TAMS 0x000000070f800000| PB 0x000000070f600000| Untracked 
| 124|0x000000070f800000, 0x000000070f9fffe0, 0x000000070fa00000| 99%| O|  |TAMS 0x000000070f9fffe0| PB 0x000000070f800000| Untracked 
| 125|0x000000070fa00000, 0x000000070fbfffd8, 0x000000070fc00000| 99%| O|  |TAMS 0x000000070fbfffd8| PB 0x000000070fa00000| Untracked 
| 126|0x000000070fc00000, 0x000000070fd89728, 0x000000070fe00000| 76%| O|  |TAMS 0x000000070fd89728| PB 0x000000070fc00000| Untracked 
| 127|0x000000070fe00000, 0x0000000710000000, 0x0000000710000000|100%| O|  |TAMS 0x0000000710000000| PB 0x000000070fe00000| Untracked 
| 128|0x0000000710000000, 0x0000000710200000, 0x0000000710200000|100%| O|  |TAMS 0x0000000710200000| PB 0x0000000710000000| Untracked 
| 129|0x0000000710200000, 0x00000007102d7c08, 0x0000000710400000| 42%| O|  |TAMS 0x00000007102d7c08| PB 0x0000000710200000| Untracked 
| 130|0x0000000710400000, 0x0000000710597fe8, 0x0000000710600000| 79%| O|  |TAMS 0x0000000710597fe8| PB 0x0000000710400000| Untracked 
| 131|0x0000000710600000, 0x0000000710800000, 0x0000000710800000|100%| O|  |TAMS 0x0000000710800000| PB 0x0000000710600000| Untracked 
| 132|0x0000000710800000, 0x0000000710a00000, 0x0000000710a00000|100%| O|  |TAMS 0x0000000710a00000| PB 0x0000000710800000| Untracked 
| 133|0x0000000710a00000, 0x0000000710c00000, 0x0000000710c00000|100%| O|  |TAMS 0x0000000710c00000| PB 0x0000000710a00000| Untracked 
| 134|0x0000000710c00000, 0x0000000710e00000, 0x0000000710e00000|100%| O|  |TAMS 0x0000000710e00000| PB 0x0000000710c00000| Untracked 
| 135|0x0000000710e00000, 0x0000000711000000, 0x0000000711000000|100%| O|  |TAMS 0x0000000711000000| PB 0x0000000710e00000| Untracked 
| 136|0x0000000711000000, 0x0000000711200000, 0x0000000711200000|100%| O|  |TAMS 0x0000000711200000| PB 0x0000000711000000| Untracked 
| 137|0x0000000711200000, 0x00000007113ffff8, 0x0000000711400000| 99%| O|  |TAMS 0x00000007113ffff8| PB 0x0000000711200000| Untracked 
| 138|0x0000000711400000, 0x0000000711588940, 0x0000000711600000| 76%| O|  |TAMS 0x0000000711588940| PB 0x0000000711400000| Untracked 
| 139|0x0000000711600000, 0x0000000711800000, 0x0000000711800000|100%| O|  |TAMS 0x0000000711800000| PB 0x0000000711600000| Untracked 
| 140|0x0000000711800000, 0x0000000711a00000, 0x0000000711a00000|100%| O|  |TAMS 0x0000000711a00000| PB 0x0000000711800000| Untracked 
| 141|0x0000000711a00000, 0x0000000711c00000, 0x0000000711c00000|100%| O|  |TAMS 0x0000000711c00000| PB 0x0000000711a00000| Untracked 
| 142|0x0000000711c00000, 0x0000000711e00000, 0x0000000711e00000|100%| O|  |TAMS 0x0000000711e00000| PB 0x0000000711c00000| Untracked 
| 143|0x0000000711e00000, 0x0000000712000000, 0x0000000712000000|100%| O|  |TAMS 0x0000000712000000| PB 0x0000000711e00000| Untracked 
| 144|0x0000000712000000, 0x0000000712200000, 0x0000000712200000|100%| O|  |TAMS 0x0000000712200000| PB 0x0000000712000000| Untracked 
| 145|0x0000000712200000, 0x0000000712400000, 0x0000000712400000|100%| O|  |TAMS 0x0000000712400000| PB 0x0000000712200000| Untracked 
| 146|0x0000000712400000, 0x0000000712600000, 0x0000000712600000|100%| O|  |TAMS 0x0000000712600000| PB 0x0000000712400000| Untracked 
| 147|0x0000000712600000, 0x0000000712800000, 0x0000000712800000|100%| O|  |TAMS 0x0000000712800000| PB 0x0000000712600000| Untracked 
| 148|0x0000000712800000, 0x0000000712800000, 0x0000000712a00000|  0%| F|  |TAMS 0x0000000712800000| PB 0x0000000712800000| Untracked 
| 149|0x0000000712a00000, 0x0000000712c00000, 0x0000000712c00000|100%| O|  |TAMS 0x0000000712c00000| PB 0x0000000712a00000| Untracked 
| 150|0x0000000712c00000, 0x0000000712c54370, 0x0000000712e00000| 16%| O|  |TAMS 0x0000000712c54370| PB 0x0000000712c00000| Untracked 
| 151|0x0000000712e00000, 0x0000000713000000, 0x0000000713000000|100%| O|  |TAMS 0x0000000713000000| PB 0x0000000712e00000| Untracked 
| 152|0x0000000713000000, 0x0000000713200000, 0x0000000713200000|100%| O|  |TAMS 0x0000000713200000| PB 0x0000000713000000| Untracked 
| 153|0x0000000713200000, 0x0000000713400000, 0x0000000713400000|100%| O|  |TAMS 0x0000000713400000| PB 0x0000000713200000| Untracked 
| 154|0x0000000713400000, 0x0000000713600000, 0x0000000713600000|100%| O|  |TAMS 0x0000000713600000| PB 0x0000000713400000| Untracked 
| 155|0x0000000713600000, 0x0000000713800000, 0x0000000713800000|100%| O|  |TAMS 0x0000000713800000| PB 0x0000000713600000| Untracked 
| 156|0x0000000713800000, 0x0000000713a00000, 0x0000000713a00000|100%| O|  |TAMS 0x0000000713a00000| PB 0x0000000713800000| Untracked 
| 157|0x0000000713a00000, 0x0000000713c00000, 0x0000000713c00000|100%| O|  |TAMS 0x0000000713c00000| PB 0x0000000713a00000| Untracked 
| 158|0x0000000713c00000, 0x0000000713e00000, 0x0000000713e00000|100%| O|  |TAMS 0x0000000713e00000| PB 0x0000000713c00000| Untracked 
| 159|0x0000000713e00000, 0x0000000714000000, 0x0000000714000000|100%| O|  |TAMS 0x0000000714000000| PB 0x0000000713e00000| Untracked 
| 160|0x0000000714000000, 0x0000000714200000, 0x0000000714200000|100%| O|  |TAMS 0x0000000714200000| PB 0x0000000714000000| Untracked 
| 161|0x0000000714200000, 0x0000000714400000, 0x0000000714400000|100%| O|  |TAMS 0x0000000714400000| PB 0x0000000714200000| Untracked 
| 162|0x0000000714400000, 0x0000000714600000, 0x0000000714600000|100%| O|  |TAMS 0x0000000714600000| PB 0x0000000714400000| Untracked 
| 163|0x0000000714600000, 0x0000000714800000, 0x0000000714800000|100%| O|  |TAMS 0x0000000714800000| PB 0x0000000714600000| Untracked 
| 164|0x0000000714800000, 0x0000000714a00000, 0x0000000714a00000|100%| O|  |TAMS 0x0000000714a00000| PB 0x0000000714800000| Untracked 
| 165|0x0000000714a00000, 0x0000000714c00000, 0x0000000714c00000|100%| O|  |TAMS 0x0000000714c00000| PB 0x0000000714a00000| Untracked 
| 166|0x0000000714c00000, 0x0000000714e00000, 0x0000000714e00000|100%| O|  |TAMS 0x0000000714c00000| PB 0x0000000714c00000| Untracked 
| 167|0x0000000714e00000, 0x0000000715000000, 0x0000000715000000|100%| O|  |TAMS 0x0000000714e00000| PB 0x0000000714e00000| Untracked 
| 168|0x0000000715000000, 0x0000000715200000, 0x0000000715200000|100%| O|  |TAMS 0x0000000715200000| PB 0x0000000715000000| Untracked 
| 169|0x0000000715200000, 0x0000000715400000, 0x0000000715400000|100%| O|  |TAMS 0x0000000715400000| PB 0x0000000715200000| Untracked 
| 170|0x0000000715400000, 0x0000000715600000, 0x0000000715600000|100%| O|  |TAMS 0x0000000715600000| PB 0x0000000715400000| Untracked 
| 171|0x0000000715600000, 0x0000000715800000, 0x0000000715800000|100%| O|  |TAMS 0x0000000715800000| PB 0x0000000715600000| Untracked 
| 172|0x0000000715800000, 0x0000000715a00000, 0x0000000715a00000|100%|HS|  |TAMS 0x0000000715a00000| PB 0x0000000715800000| Complete 
| 173|0x0000000715a00000, 0x0000000715c00000, 0x0000000715c00000|100%| O|  |TAMS 0x0000000715c00000| PB 0x0000000715a00000| Untracked 
| 174|0x0000000715c00000, 0x0000000715e00000, 0x0000000715e00000|100%| O|  |TAMS 0x0000000715e00000| PB 0x0000000715c00000| Untracked 
| 175|0x0000000715e00000, 0x0000000716000000, 0x0000000716000000|100%| O|  |TAMS 0x0000000716000000| PB 0x0000000715e00000| Untracked 
| 176|0x0000000716000000, 0x0000000716200000, 0x0000000716200000|100%| O|  |TAMS 0x0000000716200000| PB 0x0000000716000000| Untracked 
| 177|0x0000000716200000, 0x0000000716400000, 0x0000000716400000|100%| O|  |TAMS 0x0000000716400000| PB 0x0000000716200000| Untracked 
| 178|0x0000000716400000, 0x0000000716600000, 0x0000000716600000|100%| O|  |TAMS 0x0000000716600000| PB 0x0000000716400000| Untracked 
| 179|0x0000000716600000, 0x0000000716800000, 0x0000000716800000|100%| O|  |TAMS 0x0000000716800000| PB 0x0000000716600000| Untracked 
| 180|0x0000000716800000, 0x0000000716a00000, 0x0000000716a00000|100%| O|  |TAMS 0x0000000716a00000| PB 0x0000000716800000| Untracked 
| 181|0x0000000716a00000, 0x0000000716c00000, 0x0000000716c00000|100%| O|  |TAMS 0x0000000716c00000| PB 0x0000000716a00000| Untracked 
| 182|0x0000000716c00000, 0x0000000716e00000, 0x0000000716e00000|100%| O|  |TAMS 0x0000000716e00000| PB 0x0000000716c00000| Untracked 
| 183|0x0000000716e00000, 0x0000000717000000, 0x0000000717000000|100%| O|  |TAMS 0x0000000717000000| PB 0x0000000716e00000| Untracked 
| 184|0x0000000717000000, 0x0000000717200000, 0x0000000717200000|100%| O|  |TAMS 0x0000000717200000| PB 0x0000000717000000| Untracked 
| 185|0x0000000717200000, 0x0000000717400000, 0x0000000717400000|100%| O|  |TAMS 0x0000000717400000| PB 0x0000000717200000| Untracked 
| 186|0x0000000717400000, 0x0000000717600000, 0x0000000717600000|100%| O|  |TAMS 0x0000000717600000| PB 0x0000000717400000| Untracked 
| 187|0x0000000717600000, 0x0000000717800000, 0x0000000717800000|100%| O|  |TAMS 0x0000000717800000| PB 0x0000000717600000| Untracked 
| 188|0x0000000717800000, 0x0000000717a00000, 0x0000000717a00000|100%| O|  |TAMS 0x0000000717a00000| PB 0x0000000717800000| Untracked 
| 189|0x0000000717a00000, 0x0000000717c00000, 0x0000000717c00000|100%| O|  |TAMS 0x0000000717c00000| PB 0x0000000717a00000| Untracked 
| 190|0x0000000717c00000, 0x0000000717e00000, 0x0000000717e00000|100%| O|  |TAMS 0x0000000717c00000| PB 0x0000000717c00000| Untracked 
| 191|0x0000000717e00000, 0x0000000718000000, 0x0000000718000000|100%| O|  |TAMS 0x0000000718000000| PB 0x0000000717e00000| Untracked 
| 192|0x0000000718000000, 0x0000000718200000, 0x0000000718200000|100%| O|  |TAMS 0x0000000718200000| PB 0x0000000718000000| Untracked 
| 193|0x0000000718200000, 0x0000000718400000, 0x0000000718400000|100%| O|  |TAMS 0x0000000718400000| PB 0x0000000718200000| Untracked 
| 194|0x0000000718400000, 0x0000000718600000, 0x0000000718600000|100%| O|  |TAMS 0x0000000718600000| PB 0x0000000718400000| Untracked 
| 195|0x0000000718600000, 0x0000000718800000, 0x0000000718800000|100%| O|  |TAMS 0x0000000718800000| PB 0x0000000718600000| Untracked 
| 196|0x0000000718800000, 0x0000000718a00000, 0x0000000718a00000|100%| O|  |TAMS 0x0000000718a00000| PB 0x0000000718800000| Untracked 
| 197|0x0000000718a00000, 0x0000000718c00000, 0x0000000718c00000|100%| O|  |TAMS 0x0000000718c00000| PB 0x0000000718a00000| Untracked 
| 198|0x0000000718c00000, 0x0000000718e00000, 0x0000000718e00000|100%| O|  |TAMS 0x0000000718e00000| PB 0x0000000718c00000| Untracked 
| 199|0x0000000718e00000, 0x0000000719000000, 0x0000000719000000|100%| O|  |TAMS 0x0000000719000000| PB 0x0000000718e00000| Untracked 
| 200|0x0000000719000000, 0x0000000719200000, 0x0000000719200000|100%| O|  |TAMS 0x0000000719000000| PB 0x0000000719000000| Untracked 
| 201|0x0000000719200000, 0x0000000719400000, 0x0000000719400000|100%| O|  |TAMS 0x0000000719400000| PB 0x0000000719200000| Untracked 
| 202|0x0000000719400000, 0x0000000719600000, 0x0000000719600000|100%| O|  |TAMS 0x0000000719600000| PB 0x0000000719400000| Untracked 
| 203|0x0000000719600000, 0x0000000719800000, 0x0000000719800000|100%| O|  |TAMS 0x0000000719600000| PB 0x0000000719600000| Untracked 
| 204|0x0000000719800000, 0x0000000719a00000, 0x0000000719a00000|100%| O|  |TAMS 0x0000000719800000| PB 0x0000000719800000| Untracked 
| 205|0x0000000719a00000, 0x0000000719c00000, 0x0000000719c00000|100%| O|  |TAMS 0x0000000719c00000| PB 0x0000000719a00000| Untracked 
| 206|0x0000000719c00000, 0x0000000719e00000, 0x0000000719e00000|100%| O|  |TAMS 0x0000000719e00000| PB 0x0000000719c00000| Untracked 
| 207|0x0000000719e00000, 0x000000071a000000, 0x000000071a000000|100%| O|  |TAMS 0x000000071a000000| PB 0x0000000719e00000| Untracked 
| 208|0x000000071a000000, 0x000000071a200000, 0x000000071a200000|100%| O|  |TAMS 0x000000071a200000| PB 0x000000071a000000| Untracked 
| 209|0x000000071a200000, 0x000000071a400000, 0x000000071a400000|100%| O|  |TAMS 0x000000071a400000| PB 0x000000071a200000| Untracked 
| 210|0x000000071a400000, 0x000000071a600000, 0x000000071a600000|100%| O|  |TAMS 0x000000071a600000| PB 0x000000071a400000| Untracked 
| 211|0x000000071a600000, 0x000000071a800000, 0x000000071a800000|100%| O|  |TAMS 0x000000071a800000| PB 0x000000071a600000| Untracked 
| 212|0x000000071a800000, 0x000000071aa00000, 0x000000071aa00000|100%| O|  |TAMS 0x000000071aa00000| PB 0x000000071a800000| Untracked 
| 213|0x000000071aa00000, 0x000000071ac00000, 0x000000071ac00000|100%| O|  |TAMS 0x000000071ac00000| PB 0x000000071aa00000| Untracked 
| 214|0x000000071ac00000, 0x000000071ae00000, 0x000000071ae00000|100%| O|  |TAMS 0x000000071ae00000| PB 0x000000071ac00000| Untracked 
| 215|0x000000071ae00000, 0x000000071b000000, 0x000000071b000000|100%| O|  |TAMS 0x000000071b000000| PB 0x000000071ae00000| Untracked 
| 216|0x000000071b000000, 0x000000071b200000, 0x000000071b200000|100%| O|  |TAMS 0x000000071b200000| PB 0x000000071b000000| Untracked 
| 217|0x000000071b200000, 0x000000071b400000, 0x000000071b400000|100%| O|  |TAMS 0x000000071b400000| PB 0x000000071b200000| Untracked 
| 218|0x000000071b400000, 0x000000071b600000, 0x000000071b600000|100%| O|  |TAMS 0x000000071b600000| PB 0x000000071b400000| Untracked 
| 219|0x000000071b600000, 0x000000071b800000, 0x000000071b800000|100%| O|  |TAMS 0x000000071b800000| PB 0x000000071b600000| Untracked 
| 220|0x000000071b800000, 0x000000071ba00000, 0x000000071ba00000|100%| O|  |TAMS 0x000000071ba00000| PB 0x000000071b800000| Untracked 
| 221|0x000000071ba00000, 0x000000071bc00000, 0x000000071bc00000|100%| O|  |TAMS 0x000000071bc00000| PB 0x000000071ba00000| Untracked 
| 222|0x000000071bc00000, 0x000000071be00000, 0x000000071be00000|100%| O|  |TAMS 0x000000071be00000| PB 0x000000071bc00000| Untracked 
| 223|0x000000071be00000, 0x000000071c000000, 0x000000071c000000|100%| O|  |TAMS 0x000000071c000000| PB 0x000000071be00000| Untracked 
| 224|0x000000071c000000, 0x000000071c200000, 0x000000071c200000|100%| O|  |TAMS 0x000000071c200000| PB 0x000000071c000000| Untracked 
| 225|0x000000071c200000, 0x000000071c400000, 0x000000071c400000|100%| O|  |TAMS 0x000000071c400000| PB 0x000000071c200000| Untracked 
| 226|0x000000071c400000, 0x000000071c600000, 0x000000071c600000|100%| O|  |TAMS 0x000000071c600000| PB 0x000000071c400000| Untracked 
| 227|0x000000071c600000, 0x000000071c800000, 0x000000071c800000|100%| O|  |TAMS 0x000000071c800000| PB 0x000000071c600000| Untracked 
| 228|0x000000071c800000, 0x000000071ca00000, 0x000000071ca00000|100%| O|  |TAMS 0x000000071ca00000| PB 0x000000071c800000| Untracked 
| 229|0x000000071ca00000, 0x000000071cc00000, 0x000000071cc00000|100%| O|  |TAMS 0x000000071cc00000| PB 0x000000071ca00000| Untracked 
| 230|0x000000071cc00000, 0x000000071ce00000, 0x000000071ce00000|100%| O|  |TAMS 0x000000071ce00000| PB 0x000000071cc00000| Untracked 
| 231|0x000000071ce00000, 0x000000071d000000, 0x000000071d000000|100%| O|  |TAMS 0x000000071d000000| PB 0x000000071ce00000| Untracked 
| 232|0x000000071d000000, 0x000000071d200000, 0x000000071d200000|100%| O|  |TAMS 0x000000071d200000| PB 0x000000071d000000| Untracked 
| 233|0x000000071d200000, 0x000000071d400000, 0x000000071d400000|100%| O|  |TAMS 0x000000071d400000| PB 0x000000071d200000| Untracked 
| 234|0x000000071d400000, 0x000000071d600000, 0x000000071d600000|100%| O|  |TAMS 0x000000071d600000| PB 0x000000071d400000| Untracked 
| 235|0x000000071d600000, 0x000000071d800000, 0x000000071d800000|100%| O|  |TAMS 0x000000071d800000| PB 0x000000071d600000| Untracked 
| 236|0x000000071d800000, 0x000000071da00000, 0x000000071da00000|100%| O|  |TAMS 0x000000071d800000| PB 0x000000071d800000| Untracked 
| 237|0x000000071da00000, 0x000000071dc00000, 0x000000071dc00000|100%| O|  |TAMS 0x000000071dc00000| PB 0x000000071da00000| Untracked 
| 238|0x000000071dc00000, 0x000000071de00000, 0x000000071de00000|100%| O|  |TAMS 0x000000071de00000| PB 0x000000071dc00000| Untracked 
| 239|0x000000071de00000, 0x000000071e000000, 0x000000071e000000|100%| O|  |TAMS 0x000000071e000000| PB 0x000000071de00000| Untracked 
| 240|0x000000071e000000, 0x000000071e200000, 0x000000071e200000|100%| O|  |TAMS 0x000000071e200000| PB 0x000000071e000000| Untracked 
| 241|0x000000071e200000, 0x000000071e400000, 0x000000071e400000|100%| O|  |TAMS 0x000000071e400000| PB 0x000000071e200000| Untracked 
| 242|0x000000071e400000, 0x000000071e600000, 0x000000071e600000|100%| O|  |TAMS 0x000000071e600000| PB 0x000000071e400000| Untracked 
| 243|0x000000071e600000, 0x000000071e800000, 0x000000071e800000|100%| O|  |TAMS 0x000000071e800000| PB 0x000000071e600000| Untracked 
| 244|0x000000071e800000, 0x000000071ea00000, 0x000000071ea00000|100%| O|  |TAMS 0x000000071ea00000| PB 0x000000071e800000| Untracked 
| 245|0x000000071ea00000, 0x000000071ec00000, 0x000000071ec00000|100%| O|  |TAMS 0x000000071ec00000| PB 0x000000071ea00000| Untracked 
| 246|0x000000071ec00000, 0x000000071ee00000, 0x000000071ee00000|100%| O|  |TAMS 0x000000071ee00000| PB 0x000000071ec00000| Untracked 
| 247|0x000000071ee00000, 0x000000071f000000, 0x000000071f000000|100%| O|  |TAMS 0x000000071f000000| PB 0x000000071ee00000| Untracked 
| 248|0x000000071f000000, 0x000000071f200000, 0x000000071f200000|100%| O|  |TAMS 0x000000071f200000| PB 0x000000071f000000| Untracked 
| 249|0x000000071f200000, 0x000000071f400000, 0x000000071f400000|100%| O|  |TAMS 0x000000071f400000| PB 0x000000071f200000| Untracked 
| 250|0x000000071f400000, 0x000000071f600000, 0x000000071f600000|100%| O|  |TAMS 0x000000071f600000| PB 0x000000071f400000| Untracked 
| 251|0x000000071f600000, 0x000000071f800000, 0x000000071f800000|100%| O|  |TAMS 0x000000071f800000| PB 0x000000071f600000| Untracked 
| 252|0x000000071f800000, 0x000000071fa00000, 0x000000071fa00000|100%| O|  |TAMS 0x000000071fa00000| PB 0x000000071f800000| Untracked 
| 253|0x000000071fa00000, 0x000000071fc00000, 0x000000071fc00000|100%| O|  |TAMS 0x000000071fc00000| PB 0x000000071fa00000| Untracked 
| 254|0x000000071fc00000, 0x000000071fe00000, 0x000000071fe00000|100%| O|  |TAMS 0x000000071fe00000| PB 0x000000071fc00000| Untracked 
| 255|0x000000071fe00000, 0x0000000720000000, 0x0000000720000000|100%| O|  |TAMS 0x0000000720000000| PB 0x000000071fe00000| Untracked 
| 256|0x0000000720000000, 0x0000000720200000, 0x0000000720200000|100%|HS|  |TAMS 0x0000000720200000| PB 0x0000000720000000| Complete 
| 257|0x0000000720200000, 0x0000000720400000, 0x0000000720400000|100%| O|  |TAMS 0x0000000720400000| PB 0x0000000720200000| Untracked 
| 258|0x0000000720400000, 0x0000000720600000, 0x0000000720600000|100%| O|  |TAMS 0x0000000720600000| PB 0x0000000720400000| Untracked 
| 259|0x0000000720600000, 0x0000000720800000, 0x0000000720800000|100%| O|  |TAMS 0x0000000720800000| PB 0x0000000720600000| Untracked 
| 260|0x0000000720800000, 0x0000000720a00000, 0x0000000720a00000|100%| O|  |TAMS 0x0000000720a00000| PB 0x0000000720800000| Untracked 
| 261|0x0000000720a00000, 0x0000000720c00000, 0x0000000720c00000|100%| O|  |TAMS 0x0000000720a00000| PB 0x0000000720a00000| Untracked 
| 262|0x0000000720c00000, 0x0000000720e00000, 0x0000000720e00000|100%| O|  |TAMS 0x0000000720e00000| PB 0x0000000720c00000| Untracked 
| 263|0x0000000720e00000, 0x0000000721000000, 0x0000000721000000|100%| O|  |TAMS 0x0000000721000000| PB 0x0000000720e00000| Untracked 
| 264|0x0000000721000000, 0x0000000721200000, 0x0000000721200000|100%| O|  |TAMS 0x0000000721200000| PB 0x0000000721000000| Untracked 
| 265|0x0000000721200000, 0x0000000721400000, 0x0000000721400000|100%| O|  |TAMS 0x0000000721400000| PB 0x0000000721200000| Untracked 
| 266|0x0000000721400000, 0x0000000721600000, 0x0000000721600000|100%| O|  |TAMS 0x0000000721600000| PB 0x0000000721400000| Untracked 
| 267|0x0000000721600000, 0x0000000721800000, 0x0000000721800000|100%| O|  |TAMS 0x0000000721800000| PB 0x0000000721600000| Untracked 
| 268|0x0000000721800000, 0x0000000721a00000, 0x0000000721a00000|100%| O|  |TAMS 0x0000000721a00000| PB 0x0000000721800000| Untracked 
| 269|0x0000000721a00000, 0x0000000721c00000, 0x0000000721c00000|100%| O|  |TAMS 0x0000000721c00000| PB 0x0000000721a00000| Untracked 
| 270|0x0000000721c00000, 0x0000000721e00000, 0x0000000721e00000|100%| O|  |TAMS 0x0000000721e00000| PB 0x0000000721c00000| Untracked 
| 271|0x0000000721e00000, 0x0000000722000000, 0x0000000722000000|100%| O|  |TAMS 0x0000000722000000| PB 0x0000000721e00000| Untracked 
| 272|0x0000000722000000, 0x0000000722200000, 0x0000000722200000|100%| O|  |TAMS 0x0000000722200000| PB 0x0000000722000000| Untracked 
| 273|0x0000000722200000, 0x0000000722400000, 0x0000000722400000|100%| O|  |TAMS 0x0000000722400000| PB 0x0000000722200000| Untracked 
| 274|0x0000000722400000, 0x0000000722600000, 0x0000000722600000|100%| O|  |TAMS 0x0000000722600000| PB 0x0000000722400000| Untracked 
| 275|0x0000000722600000, 0x0000000722800000, 0x0000000722800000|100%| O|  |TAMS 0x0000000722800000| PB 0x0000000722600000| Untracked 
| 276|0x0000000722800000, 0x0000000722a00000, 0x0000000722a00000|100%| O|  |TAMS 0x0000000722a00000| PB 0x0000000722800000| Untracked 
| 277|0x0000000722a00000, 0x0000000722c00000, 0x0000000722c00000|100%| O|  |TAMS 0x0000000722c00000| PB 0x0000000722a00000| Untracked 
| 278|0x0000000722c00000, 0x0000000722e00000, 0x0000000722e00000|100%| O|  |TAMS 0x0000000722e00000| PB 0x0000000722c00000| Untracked 
| 279|0x0000000722e00000, 0x0000000723000000, 0x0000000723000000|100%| O|  |TAMS 0x0000000723000000| PB 0x0000000722e00000| Untracked 
| 280|0x0000000723000000, 0x0000000723200000, 0x0000000723200000|100%| O|  |TAMS 0x0000000723200000| PB 0x0000000723000000| Untracked 
| 281|0x0000000723200000, 0x0000000723400000, 0x0000000723400000|100%| O|  |TAMS 0x0000000723400000| PB 0x0000000723200000| Untracked 
| 282|0x0000000723400000, 0x0000000723600000, 0x0000000723600000|100%| O|  |TAMS 0x0000000723600000| PB 0x0000000723400000| Untracked 
| 283|0x0000000723600000, 0x0000000723800000, 0x0000000723800000|100%| O|  |TAMS 0x0000000723800000| PB 0x0000000723600000| Untracked 
| 284|0x0000000723800000, 0x0000000723a00000, 0x0000000723a00000|100%| O|  |TAMS 0x0000000723a00000| PB 0x0000000723800000| Untracked 
| 285|0x0000000723a00000, 0x0000000723c00000, 0x0000000723c00000|100%| O|  |TAMS 0x0000000723c00000| PB 0x0000000723a00000| Untracked 
| 286|0x0000000723c00000, 0x0000000723e00000, 0x0000000723e00000|100%| O|  |TAMS 0x0000000723c00000| PB 0x0000000723c00000| Untracked 
| 287|0x0000000723e00000, 0x0000000724000000, 0x0000000724000000|100%| O|  |TAMS 0x0000000724000000| PB 0x0000000723e00000| Untracked 
| 288|0x0000000724000000, 0x0000000724200000, 0x0000000724200000|100%| O|  |TAMS 0x0000000724200000| PB 0x0000000724000000| Untracked 
| 289|0x0000000724200000, 0x0000000724400000, 0x0000000724400000|100%| O|  |TAMS 0x0000000724400000| PB 0x0000000724200000| Untracked 
| 290|0x0000000724400000, 0x0000000724600000, 0x0000000724600000|100%| O|  |TAMS 0x0000000724600000| PB 0x0000000724400000| Untracked 
| 291|0x0000000724600000, 0x0000000724800000, 0x0000000724800000|100%| O|  |TAMS 0x0000000724800000| PB 0x0000000724600000| Untracked 
| 292|0x0000000724800000, 0x0000000724a00000, 0x0000000724a00000|100%| O|  |TAMS 0x0000000724a00000| PB 0x0000000724800000| Untracked 
| 293|0x0000000724a00000, 0x0000000724c00000, 0x0000000724c00000|100%| O|  |TAMS 0x0000000724c00000| PB 0x0000000724a00000| Untracked 
| 294|0x0000000724c00000, 0x0000000724e00000, 0x0000000724e00000|100%| O|  |TAMS 0x0000000724e00000| PB 0x0000000724c00000| Untracked 
| 295|0x0000000724e00000, 0x0000000725000000, 0x0000000725000000|100%| O|  |TAMS 0x0000000725000000| PB 0x0000000724e00000| Untracked 
| 296|0x0000000725000000, 0x0000000725200000, 0x0000000725200000|100%| O|  |TAMS 0x0000000725200000| PB 0x0000000725000000| Untracked 
| 297|0x0000000725200000, 0x0000000725400000, 0x0000000725400000|100%| O|  |TAMS 0x0000000725400000| PB 0x0000000725200000| Untracked 
| 298|0x0000000725400000, 0x0000000725600000, 0x0000000725600000|100%| O|  |TAMS 0x0000000725600000| PB 0x0000000725400000| Untracked 
| 299|0x0000000725600000, 0x0000000725800000, 0x0000000725800000|100%| O|  |TAMS 0x0000000725800000| PB 0x0000000725600000| Untracked 
| 300|0x0000000725800000, 0x0000000725a00000, 0x0000000725a00000|100%| O|  |TAMS 0x0000000725a00000| PB 0x0000000725800000| Untracked 
| 301|0x0000000725a00000, 0x0000000725c00000, 0x0000000725c00000|100%| O|  |TAMS 0x0000000725c00000| PB 0x0000000725a00000| Untracked 
| 302|0x0000000725c00000, 0x0000000725e00000, 0x0000000725e00000|100%| O|  |TAMS 0x0000000725e00000| PB 0x0000000725c00000| Untracked 
| 303|0x0000000725e00000, 0x0000000726000000, 0x0000000726000000|100%| O|  |TAMS 0x0000000725e00000| PB 0x0000000725e00000| Untracked 
| 304|0x0000000726000000, 0x0000000726200000, 0x0000000726200000|100%| O|  |TAMS 0x0000000726200000| PB 0x0000000726000000| Untracked 
| 305|0x0000000726200000, 0x0000000726400000, 0x0000000726400000|100%| O|  |TAMS 0x0000000726400000| PB 0x0000000726200000| Untracked 
| 306|0x0000000726400000, 0x0000000726600000, 0x0000000726600000|100%| O|  |TAMS 0x0000000726600000| PB 0x0000000726400000| Untracked 
| 307|0x0000000726600000, 0x0000000726800000, 0x0000000726800000|100%| O|  |TAMS 0x0000000726800000| PB 0x0000000726600000| Untracked 
| 308|0x0000000726800000, 0x0000000726a00000, 0x0000000726a00000|100%| O|  |TAMS 0x0000000726a00000| PB 0x0000000726800000| Untracked 
| 309|0x0000000726a00000, 0x0000000726c00000, 0x0000000726c00000|100%| O|  |TAMS 0x0000000726c00000| PB 0x0000000726a00000| Untracked 
| 310|0x0000000726c00000, 0x0000000726e00000, 0x0000000726e00000|100%| O|  |TAMS 0x0000000726c00000| PB 0x0000000726c00000| Untracked 
| 311|0x0000000726e00000, 0x0000000727000000, 0x0000000727000000|100%| O|  |TAMS 0x0000000727000000| PB 0x0000000726e00000| Untracked 
| 312|0x0000000727000000, 0x0000000727200000, 0x0000000727200000|100%| O|  |TAMS 0x0000000727200000| PB 0x0000000727000000| Untracked 
| 313|0x0000000727200000, 0x0000000727400000, 0x0000000727400000|100%| O|  |TAMS 0x0000000727400000| PB 0x0000000727200000| Untracked 
| 314|0x0000000727400000, 0x0000000727600000, 0x0000000727600000|100%| O|  |TAMS 0x0000000727600000| PB 0x0000000727400000| Untracked 
| 315|0x0000000727600000, 0x0000000727800000, 0x0000000727800000|100%| O|  |TAMS 0x0000000727800000| PB 0x0000000727600000| Untracked 
| 316|0x0000000727800000, 0x0000000727a00000, 0x0000000727a00000|100%| O|  |TAMS 0x0000000727a00000| PB 0x0000000727800000| Untracked 
| 317|0x0000000727a00000, 0x0000000727c00000, 0x0000000727c00000|100%| O|  |TAMS 0x0000000727c00000| PB 0x0000000727a00000| Untracked 
| 318|0x0000000727c00000, 0x0000000727e00000, 0x0000000727e00000|100%| O|  |TAMS 0x0000000727e00000| PB 0x0000000727c00000| Untracked 
| 319|0x0000000727e00000, 0x0000000728000000, 0x0000000728000000|100%| O|  |TAMS 0x0000000727e00000| PB 0x0000000727e00000| Untracked 
| 320|0x0000000728000000, 0x0000000728200000, 0x0000000728200000|100%| O|  |TAMS 0x0000000728200000| PB 0x0000000728000000| Untracked 
| 321|0x0000000728200000, 0x0000000728400000, 0x0000000728400000|100%| O|  |TAMS 0x0000000728400000| PB 0x0000000728200000| Untracked 
| 322|0x0000000728400000, 0x0000000728600000, 0x0000000728600000|100%| O|  |TAMS 0x0000000728600000| PB 0x0000000728400000| Untracked 
| 323|0x0000000728600000, 0x0000000728800000, 0x0000000728800000|100%| O|  |TAMS 0x0000000728800000| PB 0x0000000728600000| Untracked 
| 324|0x0000000728800000, 0x0000000728a00000, 0x0000000728a00000|100%| O|  |TAMS 0x0000000728a00000| PB 0x0000000728800000| Untracked 
| 325|0x0000000728a00000, 0x0000000728c00000, 0x0000000728c00000|100%| O|  |TAMS 0x0000000728c00000| PB 0x0000000728a00000| Untracked 
| 326|0x0000000728c00000, 0x0000000728e00000, 0x0000000728e00000|100%| O|  |TAMS 0x0000000728e00000| PB 0x0000000728c00000| Untracked 
| 327|0x0000000728e00000, 0x0000000729000000, 0x0000000729000000|100%| O|  |TAMS 0x0000000729000000| PB 0x0000000728e00000| Untracked 
| 328|0x0000000729000000, 0x0000000729200000, 0x0000000729200000|100%| O|  |TAMS 0x0000000729200000| PB 0x0000000729000000| Untracked 
| 329|0x0000000729200000, 0x0000000729400000, 0x0000000729400000|100%| O|  |TAMS 0x0000000729200000| PB 0x0000000729200000| Untracked 
| 330|0x0000000729400000, 0x0000000729600000, 0x0000000729600000|100%| O|  |TAMS 0x0000000729600000| PB 0x0000000729400000| Untracked 
| 331|0x0000000729600000, 0x0000000729800000, 0x0000000729800000|100%| O|  |TAMS 0x0000000729800000| PB 0x0000000729600000| Untracked 
| 332|0x0000000729800000, 0x0000000729a00000, 0x0000000729a00000|100%| O|  |TAMS 0x0000000729a00000| PB 0x0000000729800000| Untracked 
| 333|0x0000000729a00000, 0x0000000729c00000, 0x0000000729c00000|100%| O|  |TAMS 0x0000000729a00000| PB 0x0000000729a00000| Untracked 
| 334|0x0000000729c00000, 0x0000000729e00000, 0x0000000729e00000|100%| O|  |TAMS 0x0000000729e00000| PB 0x0000000729c00000| Untracked 
| 335|0x0000000729e00000, 0x000000072a000000, 0x000000072a000000|100%| O|  |TAMS 0x000000072a000000| PB 0x0000000729e00000| Untracked 
| 336|0x000000072a000000, 0x000000072a200000, 0x000000072a200000|100%| O|  |TAMS 0x000000072a000000| PB 0x000000072a000000| Untracked 
| 337|0x000000072a200000, 0x000000072a400000, 0x000000072a400000|100%| O|  |TAMS 0x000000072a400000| PB 0x000000072a200000| Untracked 
| 338|0x000000072a400000, 0x000000072a600000, 0x000000072a600000|100%| O|  |TAMS 0x000000072a600000| PB 0x000000072a400000| Untracked 
| 339|0x000000072a600000, 0x000000072a800000, 0x000000072a800000|100%| O|  |TAMS 0x000000072a800000| PB 0x000000072a600000| Untracked 
| 340|0x000000072a800000, 0x000000072aa00000, 0x000000072aa00000|100%| O|  |TAMS 0x000000072aa00000| PB 0x000000072a800000| Untracked 
| 341|0x000000072aa00000, 0x000000072ac00000, 0x000000072ac00000|100%| O|  |TAMS 0x000000072ac00000| PB 0x000000072aa00000| Untracked 
| 342|0x000000072ac00000, 0x000000072ae00000, 0x000000072ae00000|100%| O|  |TAMS 0x000000072ae00000| PB 0x000000072ac00000| Untracked 
| 343|0x000000072ae00000, 0x000000072b000000, 0x000000072b000000|100%| O|  |TAMS 0x000000072ae00000| PB 0x000000072ae00000| Untracked 
| 344|0x000000072b000000, 0x000000072b200000, 0x000000072b200000|100%| O|  |TAMS 0x000000072b200000| PB 0x000000072b000000| Untracked 
| 345|0x000000072b200000, 0x000000072b400000, 0x000000072b400000|100%| O|  |TAMS 0x000000072b400000| PB 0x000000072b200000| Untracked 
| 346|0x000000072b400000, 0x000000072b600000, 0x000000072b600000|100%| O|  |TAMS 0x000000072b600000| PB 0x000000072b400000| Untracked 
| 347|0x000000072b600000, 0x000000072b800000, 0x000000072b800000|100%| S|CS|TAMS 0x000000072b600000| PB 0x000000072b600000| Complete 
| 348|0x000000072b800000, 0x000000072ba00000, 0x000000072ba00000|100%| O|  |TAMS 0x000000072ba00000| PB 0x000000072b800000| Untracked 
| 349|0x000000072ba00000, 0x000000072bc00000, 0x000000072bc00000|100%| O|  |TAMS 0x000000072bc00000| PB 0x000000072ba00000| Untracked 
| 350|0x000000072bc00000, 0x000000072be00000, 0x000000072be00000|100%| S|CS|TAMS 0x000000072bc00000| PB 0x000000072bc00000| Complete 
| 351|0x000000072be00000, 0x000000072c000000, 0x000000072c000000|100%| O|  |TAMS 0x000000072c000000| PB 0x000000072be00000| Untracked 
| 352|0x000000072c000000, 0x000000072c200000, 0x000000072c200000|100%| O|  |TAMS 0x000000072c200000| PB 0x000000072c000000| Untracked 
| 353|0x000000072c200000, 0x000000072c400000, 0x000000072c400000|100%| O|  |TAMS 0x000000072c400000| PB 0x000000072c200000| Untracked 
| 354|0x000000072c400000, 0x000000072c600000, 0x000000072c600000|100%| O|  |TAMS 0x000000072c600000| PB 0x000000072c400000| Untracked 
| 355|0x000000072c600000, 0x000000072c800000, 0x000000072c800000|100%| O|  |TAMS 0x000000072c800000| PB 0x000000072c600000| Untracked 
| 356|0x000000072c800000, 0x000000072ca00000, 0x000000072ca00000|100%| O|  |TAMS 0x000000072ca00000| PB 0x000000072c800000| Untracked 
| 357|0x000000072ca00000, 0x000000072cc00000, 0x000000072cc00000|100%| O|  |TAMS 0x000000072cc00000| PB 0x000000072ca00000| Untracked 
| 358|0x000000072cc00000, 0x000000072ce00000, 0x000000072ce00000|100%| O|  |TAMS 0x000000072ce00000| PB 0x000000072cc00000| Untracked 
| 359|0x000000072ce00000, 0x000000072d000000, 0x000000072d000000|100%| S|CS|TAMS 0x000000072ce00000| PB 0x000000072ce00000| Complete 
| 360|0x000000072d000000, 0x000000072d200000, 0x000000072d200000|100%| O|  |TAMS 0x000000072d200000| PB 0x000000072d000000| Untracked 
| 361|0x000000072d200000, 0x000000072d400000, 0x000000072d400000|100%| O|  |TAMS 0x000000072d400000| PB 0x000000072d200000| Untracked 
| 362|0x000000072d400000, 0x000000072d600000, 0x000000072d600000|100%| O|  |TAMS 0x000000072d600000| PB 0x000000072d400000| Untracked 
| 363|0x000000072d600000, 0x000000072d800000, 0x000000072d800000|100%| O|  |TAMS 0x000000072d800000| PB 0x000000072d600000| Untracked 
| 364|0x000000072d800000, 0x000000072da00000, 0x000000072da00000|100%| O|  |TAMS 0x000000072da00000| PB 0x000000072d800000| Untracked 
| 365|0x000000072da00000, 0x000000072dc00000, 0x000000072dc00000|100%| O|  |TAMS 0x000000072dc00000| PB 0x000000072da00000| Untracked 
| 366|0x000000072dc00000, 0x000000072de00000, 0x000000072de00000|100%| S|CS|TAMS 0x000000072dc00000| PB 0x000000072dc00000| Complete 
| 367|0x000000072de00000, 0x000000072e000000, 0x000000072e000000|100%| O|  |TAMS 0x000000072e000000| PB 0x000000072de00000| Untracked 
| 368|0x000000072e000000, 0x000000072e200000, 0x000000072e200000|100%| O|  |TAMS 0x000000072e200000| PB 0x000000072e000000| Untracked 
| 369|0x000000072e200000, 0x000000072e400000, 0x000000072e400000|100%| O|  |TAMS 0x000000072e400000| PB 0x000000072e200000| Untracked 
| 370|0x000000072e400000, 0x000000072e600000, 0x000000072e600000|100%| O|  |TAMS 0x000000072e600000| PB 0x000000072e400000| Untracked 
| 371|0x000000072e600000, 0x000000072e800000, 0x000000072e800000|100%| O|  |TAMS 0x000000072e800000| PB 0x000000072e600000| Untracked 
| 372|0x000000072e800000, 0x000000072ea00000, 0x000000072ea00000|100%| O|  |TAMS 0x000000072ea00000| PB 0x000000072e800000| Untracked 
| 373|0x000000072ea00000, 0x000000072ec00000, 0x000000072ec00000|100%| O|  |TAMS 0x000000072ec00000| PB 0x000000072ea00000| Untracked 
| 374|0x000000072ec00000, 0x000000072ee00000, 0x000000072ee00000|100%| O|  |TAMS 0x000000072ee00000| PB 0x000000072ec00000| Untracked 
| 375|0x000000072ee00000, 0x000000072f000000, 0x000000072f000000|100%| O|  |TAMS 0x000000072f000000| PB 0x000000072ee00000| Untracked 
| 376|0x000000072f000000, 0x000000072f200000, 0x000000072f200000|100%| O|  |TAMS 0x000000072f200000| PB 0x000000072f000000| Untracked 
| 377|0x000000072f200000, 0x000000072f400000, 0x000000072f400000|100%| O|  |TAMS 0x000000072f400000| PB 0x000000072f200000| Untracked 
| 378|0x000000072f400000, 0x000000072f600000, 0x000000072f600000|100%| O|  |TAMS 0x000000072f600000| PB 0x000000072f400000| Untracked 
| 379|0x000000072f600000, 0x000000072f800000, 0x000000072f800000|100%| O|  |TAMS 0x000000072f800000| PB 0x000000072f600000| Untracked 
| 380|0x000000072f800000, 0x000000072fa00000, 0x000000072fa00000|100%| O|  |TAMS 0x000000072fa00000| PB 0x000000072f800000| Untracked 
| 381|0x000000072fa00000, 0x000000072fc00000, 0x000000072fc00000|100%| O|  |TAMS 0x000000072fc00000| PB 0x000000072fa00000| Untracked 
| 382|0x000000072fc00000, 0x000000072fe00000, 0x000000072fe00000|100%| O|  |TAMS 0x000000072fe00000| PB 0x000000072fc00000| Untracked 
| 383|0x000000072fe00000, 0x0000000730000000, 0x0000000730000000|100%| O|  |TAMS 0x0000000730000000| PB 0x000000072fe00000| Untracked 
| 384|0x0000000730000000, 0x0000000730200000, 0x0000000730200000|100%| O|  |TAMS 0x0000000730200000| PB 0x0000000730000000| Untracked 
| 385|0x0000000730200000, 0x0000000730400000, 0x0000000730400000|100%| O|  |TAMS 0x0000000730400000| PB 0x0000000730200000| Untracked 
| 386|0x0000000730400000, 0x0000000730600000, 0x0000000730600000|100%| O|  |TAMS 0x0000000730600000| PB 0x0000000730400000| Untracked 
| 387|0x0000000730600000, 0x0000000730800000, 0x0000000730800000|100%| O|  |TAMS 0x0000000730800000| PB 0x0000000730600000| Untracked 
| 388|0x0000000730800000, 0x0000000730a00000, 0x0000000730a00000|100%| O|  |TAMS 0x0000000730a00000| PB 0x0000000730800000| Untracked 
| 389|0x0000000730a00000, 0x0000000730c00000, 0x0000000730c00000|100%| O|  |TAMS 0x0000000730c00000| PB 0x0000000730a00000| Untracked 
| 390|0x0000000730c00000, 0x0000000730e00000, 0x0000000730e00000|100%| O|  |TAMS 0x0000000730e00000| PB 0x0000000730c00000| Untracked 
| 391|0x0000000730e00000, 0x0000000731000000, 0x0000000731000000|100%| O|  |TAMS 0x0000000731000000| PB 0x0000000730e00000| Untracked 
| 392|0x0000000731000000, 0x0000000731200000, 0x0000000731200000|100%| O|  |TAMS 0x0000000731200000| PB 0x0000000731000000| Untracked 
| 393|0x0000000731200000, 0x0000000731400000, 0x0000000731400000|100%| O|  |TAMS 0x0000000731400000| PB 0x0000000731200000| Untracked 
| 394|0x0000000731400000, 0x0000000731600000, 0x0000000731600000|100%| O|  |TAMS 0x0000000731600000| PB 0x0000000731400000| Untracked 
| 395|0x0000000731600000, 0x0000000731800000, 0x0000000731800000|100%| O|  |TAMS 0x0000000731800000| PB 0x0000000731600000| Untracked 
| 396|0x0000000731800000, 0x0000000731a00000, 0x0000000731a00000|100%| O|  |TAMS 0x0000000731a00000| PB 0x0000000731800000| Untracked 
| 397|0x0000000731a00000, 0x0000000731c00000, 0x0000000731c00000|100%| O|  |TAMS 0x0000000731c00000| PB 0x0000000731a00000| Untracked 
| 398|0x0000000731c00000, 0x0000000731e00000, 0x0000000731e00000|100%| O|  |TAMS 0x0000000731e00000| PB 0x0000000731c00000| Untracked 
| 399|0x0000000731e00000, 0x0000000732000000, 0x0000000732000000|100%| O|  |TAMS 0x0000000732000000| PB 0x0000000731e00000| Untracked 
| 400|0x0000000732000000, 0x0000000732200000, 0x0000000732200000|100%| S|CS|TAMS 0x0000000732000000| PB 0x0000000732000000| Complete 
| 401|0x0000000732200000, 0x0000000732400000, 0x0000000732400000|100%| O|  |TAMS 0x0000000732400000| PB 0x0000000732200000| Untracked 
| 402|0x0000000732400000, 0x0000000732600000, 0x0000000732600000|100%| O|  |TAMS 0x0000000732600000| PB 0x0000000732400000| Untracked 
| 403|0x0000000732600000, 0x0000000732800000, 0x0000000732800000|100%| O|  |TAMS 0x0000000732800000| PB 0x0000000732600000| Untracked 
| 404|0x0000000732800000, 0x0000000732a00000, 0x0000000732a00000|100%| O|  |TAMS 0x0000000732a00000| PB 0x0000000732800000| Untracked 
| 405|0x0000000732a00000, 0x0000000732c00000, 0x0000000732c00000|100%| O|  |TAMS 0x0000000732c00000| PB 0x0000000732a00000| Untracked 
| 406|0x0000000732c00000, 0x0000000732e00000, 0x0000000732e00000|100%| O|  |TAMS 0x0000000732e00000| PB 0x0000000732c00000| Untracked 
| 407|0x0000000732e00000, 0x0000000733000000, 0x0000000733000000|100%| O|  |TAMS 0x0000000733000000| PB 0x0000000732e00000| Untracked 
| 408|0x0000000733000000, 0x0000000733200000, 0x0000000733200000|100%| O|  |TAMS 0x0000000733200000| PB 0x0000000733000000| Untracked 
| 409|0x0000000733200000, 0x0000000733400000, 0x0000000733400000|100%| O|  |TAMS 0x0000000733400000| PB 0x0000000733200000| Untracked 
| 410|0x0000000733400000, 0x0000000733600000, 0x0000000733600000|100%| O|  |TAMS 0x0000000733600000| PB 0x0000000733400000| Untracked 
| 411|0x0000000733600000, 0x0000000733800000, 0x0000000733800000|100%| O|  |TAMS 0x0000000733800000| PB 0x0000000733600000| Untracked 
| 412|0x0000000733800000, 0x0000000733a00000, 0x0000000733a00000|100%| O|  |TAMS 0x0000000733a00000| PB 0x0000000733800000| Untracked 
| 413|0x0000000733a00000, 0x0000000733c00000, 0x0000000733c00000|100%| O|  |TAMS 0x0000000733c00000| PB 0x0000000733a00000| Untracked 
| 414|0x0000000733c00000, 0x0000000733e00000, 0x0000000733e00000|100%| O|  |TAMS 0x0000000733e00000| PB 0x0000000733c00000| Untracked 
| 415|0x0000000733e00000, 0x0000000734000000, 0x0000000734000000|100%| O|  |TAMS 0x0000000734000000| PB 0x0000000733e00000| Untracked 
| 416|0x0000000734000000, 0x0000000734200000, 0x0000000734200000|100%| O|  |TAMS 0x0000000734200000| PB 0x0000000734000000| Untracked 
| 417|0x0000000734200000, 0x0000000734400000, 0x0000000734400000|100%| O|  |TAMS 0x0000000734400000| PB 0x0000000734200000| Untracked 
| 418|0x0000000734400000, 0x0000000734600000, 0x0000000734600000|100%| O|  |TAMS 0x0000000734600000| PB 0x0000000734400000| Untracked 
| 419|0x0000000734600000, 0x0000000734800000, 0x0000000734800000|100%| O|  |TAMS 0x0000000734800000| PB 0x0000000734600000| Untracked 
| 420|0x0000000734800000, 0x0000000734a00000, 0x0000000734a00000|100%| O|  |TAMS 0x0000000734a00000| PB 0x0000000734800000| Untracked 
| 421|0x0000000734a00000, 0x0000000734c00000, 0x0000000734c00000|100%| O|  |TAMS 0x0000000734c00000| PB 0x0000000734a00000| Untracked 
| 422|0x0000000734c00000, 0x0000000734e00000, 0x0000000734e00000|100%| O|  |TAMS 0x0000000734e00000| PB 0x0000000734c00000| Untracked 
| 423|0x0000000734e00000, 0x0000000735000000, 0x0000000735000000|100%| O|  |TAMS 0x0000000735000000| PB 0x0000000734e00000| Untracked 
| 424|0x0000000735000000, 0x0000000735200000, 0x0000000735200000|100%| O|  |TAMS 0x0000000735200000| PB 0x0000000735000000| Untracked 
| 425|0x0000000735200000, 0x0000000735400000, 0x0000000735400000|100%| O|  |TAMS 0x0000000735400000| PB 0x0000000735200000| Untracked 
| 426|0x0000000735400000, 0x0000000735600000, 0x0000000735600000|100%| O|  |TAMS 0x0000000735600000| PB 0x0000000735400000| Untracked 
| 427|0x0000000735600000, 0x0000000735800000, 0x0000000735800000|100%| O|  |TAMS 0x0000000735800000| PB 0x0000000735600000| Untracked 
| 428|0x0000000735800000, 0x0000000735a00000, 0x0000000735a00000|100%| O|  |TAMS 0x0000000735a00000| PB 0x0000000735800000| Untracked 
| 429|0x0000000735a00000, 0x0000000735c00000, 0x0000000735c00000|100%| O|  |TAMS 0x0000000735c00000| PB 0x0000000735a00000| Untracked 
| 430|0x0000000735c00000, 0x0000000735e00000, 0x0000000735e00000|100%| O|  |TAMS 0x0000000735e00000| PB 0x0000000735c00000| Untracked 
| 431|0x0000000735e00000, 0x0000000736000000, 0x0000000736000000|100%| O|  |TAMS 0x0000000736000000| PB 0x0000000735e00000| Untracked 
| 432|0x0000000736000000, 0x0000000736200000, 0x0000000736200000|100%| O|  |TAMS 0x0000000736200000| PB 0x0000000736000000| Untracked 
| 433|0x0000000736200000, 0x0000000736400000, 0x0000000736400000|100%| O|  |TAMS 0x0000000736400000| PB 0x0000000736200000| Untracked 
| 434|0x0000000736400000, 0x0000000736600000, 0x0000000736600000|100%| S|CS|TAMS 0x0000000736400000| PB 0x0000000736400000| Complete 
| 435|0x0000000736600000, 0x0000000736800000, 0x0000000736800000|100%| O|  |TAMS 0x0000000736800000| PB 0x0000000736600000| Untracked 
| 436|0x0000000736800000, 0x0000000736a00000, 0x0000000736a00000|100%| O|  |TAMS 0x0000000736a00000| PB 0x0000000736800000| Untracked 
| 437|0x0000000736a00000, 0x0000000736c00000, 0x0000000736c00000|100%| O|  |TAMS 0x0000000736c00000| PB 0x0000000736a00000| Untracked 
| 438|0x0000000736c00000, 0x0000000736e00000, 0x0000000736e00000|100%| O|  |TAMS 0x0000000736e00000| PB 0x0000000736c00000| Untracked 
| 439|0x0000000736e00000, 0x0000000737000000, 0x0000000737000000|100%| O|  |TAMS 0x0000000737000000| PB 0x0000000736e00000| Untracked 
| 440|0x0000000737000000, 0x0000000737200000, 0x0000000737200000|100%| O|  |TAMS 0x0000000737200000| PB 0x0000000737000000| Untracked 
| 441|0x0000000737200000, 0x0000000737400000, 0x0000000737400000|100%| O|  |TAMS 0x0000000737400000| PB 0x0000000737200000| Untracked 
| 442|0x0000000737400000, 0x0000000737600000, 0x0000000737600000|100%| O|  |TAMS 0x0000000737600000| PB 0x0000000737400000| Untracked 
| 443|0x0000000737600000, 0x0000000737800000, 0x0000000737800000|100%| O|  |TAMS 0x0000000737800000| PB 0x0000000737600000| Untracked 
| 444|0x0000000737800000, 0x0000000737a00000, 0x0000000737a00000|100%| O|  |TAMS 0x0000000737a00000| PB 0x0000000737800000| Untracked 
| 445|0x0000000737a00000, 0x0000000737c00000, 0x0000000737c00000|100%| O|  |TAMS 0x0000000737c00000| PB 0x0000000737a00000| Untracked 
| 446|0x0000000737c00000, 0x0000000737e00000, 0x0000000737e00000|100%| O|  |TAMS 0x0000000737e00000| PB 0x0000000737c00000| Untracked 
| 447|0x0000000737e00000, 0x0000000738000000, 0x0000000738000000|100%| O|  |TAMS 0x0000000738000000| PB 0x0000000737e00000| Untracked 
| 448|0x0000000738000000, 0x0000000738200000, 0x0000000738200000|100%| O|  |TAMS 0x0000000738200000| PB 0x0000000738000000| Untracked 
| 449|0x0000000738200000, 0x0000000738400000, 0x0000000738400000|100%| O|  |TAMS 0x0000000738400000| PB 0x0000000738200000| Untracked 
| 450|0x0000000738400000, 0x0000000738600000, 0x0000000738600000|100%| O|  |TAMS 0x0000000738600000| PB 0x0000000738400000| Untracked 
| 451|0x0000000738600000, 0x0000000738800000, 0x0000000738800000|100%| O|  |TAMS 0x0000000738800000| PB 0x0000000738600000| Untracked 
| 452|0x0000000738800000, 0x0000000738a00000, 0x0000000738a00000|100%| O|  |TAMS 0x0000000738a00000| PB 0x0000000738800000| Untracked 
| 453|0x0000000738a00000, 0x0000000738c00000, 0x0000000738c00000|100%| O|  |TAMS 0x0000000738c00000| PB 0x0000000738a00000| Untracked 
| 454|0x0000000738c00000, 0x0000000738e00000, 0x0000000738e00000|100%| O|  |TAMS 0x0000000738e00000| PB 0x0000000738c00000| Untracked 
| 455|0x0000000738e00000, 0x0000000739000000, 0x0000000739000000|100%| O|  |TAMS 0x0000000739000000| PB 0x0000000738e00000| Untracked 
| 456|0x0000000739000000, 0x0000000739200000, 0x0000000739200000|100%| O|  |TAMS 0x0000000739200000| PB 0x0000000739000000| Untracked 
| 457|0x0000000739200000, 0x0000000739400000, 0x0000000739400000|100%| O|  |TAMS 0x0000000739400000| PB 0x0000000739200000| Untracked 
| 458|0x0000000739400000, 0x0000000739600000, 0x0000000739600000|100%| O|  |TAMS 0x0000000739600000| PB 0x0000000739400000| Untracked 
| 459|0x0000000739600000, 0x0000000739800000, 0x0000000739800000|100%| O|  |TAMS 0x0000000739800000| PB 0x0000000739600000| Untracked 
| 460|0x0000000739800000, 0x0000000739a00000, 0x0000000739a00000|100%| O|  |TAMS 0x0000000739a00000| PB 0x0000000739800000| Untracked 
| 461|0x0000000739a00000, 0x0000000739c00000, 0x0000000739c00000|100%| O|  |TAMS 0x0000000739c00000| PB 0x0000000739a00000| Untracked 
| 462|0x0000000739c00000, 0x0000000739e00000, 0x0000000739e00000|100%| O|  |TAMS 0x0000000739e00000| PB 0x0000000739c00000| Untracked 
| 463|0x0000000739e00000, 0x000000073a000000, 0x000000073a000000|100%| O|  |TAMS 0x000000073a000000| PB 0x0000000739e00000| Untracked 
| 464|0x000000073a000000, 0x000000073a200000, 0x000000073a200000|100%| O|  |TAMS 0x000000073a200000| PB 0x000000073a000000| Untracked 
| 465|0x000000073a200000, 0x000000073a400000, 0x000000073a400000|100%| O|  |TAMS 0x000000073a400000| PB 0x000000073a200000| Untracked 
| 466|0x000000073a400000, 0x000000073a600000, 0x000000073a600000|100%| O|  |TAMS 0x000000073a600000| PB 0x000000073a400000| Untracked 
| 467|0x000000073a600000, 0x000000073a800000, 0x000000073a800000|100%| O|  |TAMS 0x000000073a800000| PB 0x000000073a600000| Untracked 
| 468|0x000000073a800000, 0x000000073aa00000, 0x000000073aa00000|100%| O|  |TAMS 0x000000073aa00000| PB 0x000000073a800000| Untracked 
| 469|0x000000073aa00000, 0x000000073ac00000, 0x000000073ac00000|100%| O|  |TAMS 0x000000073ac00000| PB 0x000000073aa00000| Untracked 
| 470|0x000000073ac00000, 0x000000073ae00000, 0x000000073ae00000|100%| O|  |TAMS 0x000000073ae00000| PB 0x000000073ac00000| Untracked 
| 471|0x000000073ae00000, 0x000000073b000000, 0x000000073b000000|100%| O|  |TAMS 0x000000073b000000| PB 0x000000073ae00000| Untracked 
| 472|0x000000073b000000, 0x000000073b200000, 0x000000073b200000|100%| O|  |TAMS 0x000000073b200000| PB 0x000000073b000000| Untracked 
| 473|0x000000073b200000, 0x000000073b400000, 0x000000073b400000|100%| O|  |TAMS 0x000000073b400000| PB 0x000000073b200000| Untracked 
| 474|0x000000073b400000, 0x000000073b600000, 0x000000073b600000|100%| O|  |TAMS 0x000000073b600000| PB 0x000000073b400000| Untracked 
| 475|0x000000073b600000, 0x000000073b800000, 0x000000073b800000|100%| O|  |TAMS 0x000000073b800000| PB 0x000000073b600000| Untracked 
| 476|0x000000073b800000, 0x000000073ba00000, 0x000000073ba00000|100%| O|  |TAMS 0x000000073ba00000| PB 0x000000073b800000| Untracked 
| 477|0x000000073ba00000, 0x000000073bc00000, 0x000000073bc00000|100%| O|  |TAMS 0x000000073bc00000| PB 0x000000073ba00000| Untracked 
| 478|0x000000073bc00000, 0x000000073be00000, 0x000000073be00000|100%| O|  |TAMS 0x000000073be00000| PB 0x000000073bc00000| Untracked 
| 479|0x000000073be00000, 0x000000073c000000, 0x000000073c000000|100%| S|CS|TAMS 0x000000073be00000| PB 0x000000073be00000| Complete 
| 480|0x000000073c000000, 0x000000073c200000, 0x000000073c200000|100%| O|  |TAMS 0x000000073c200000| PB 0x000000073c000000| Untracked 
| 481|0x000000073c200000, 0x000000073c400000, 0x000000073c400000|100%| O|  |TAMS 0x000000073c400000| PB 0x000000073c200000| Untracked 
| 482|0x000000073c400000, 0x000000073c600000, 0x000000073c600000|100%| O|  |TAMS 0x000000073c600000| PB 0x000000073c400000| Untracked 
| 483|0x000000073c600000, 0x000000073c800000, 0x000000073c800000|100%| O|  |TAMS 0x000000073c800000| PB 0x000000073c600000| Untracked 
| 484|0x000000073c800000, 0x000000073ca00000, 0x000000073ca00000|100%| O|  |TAMS 0x000000073ca00000| PB 0x000000073c800000| Untracked 
| 485|0x000000073ca00000, 0x000000073cc00000, 0x000000073cc00000|100%| O|  |TAMS 0x000000073cc00000| PB 0x000000073ca00000| Untracked 
| 486|0x000000073cc00000, 0x000000073ce00000, 0x000000073ce00000|100%| O|  |TAMS 0x000000073ce00000| PB 0x000000073cc00000| Untracked 
| 487|0x000000073ce00000, 0x000000073d000000, 0x000000073d000000|100%| O|  |TAMS 0x000000073d000000| PB 0x000000073ce00000| Untracked 
| 488|0x000000073d000000, 0x000000073d200000, 0x000000073d200000|100%| O|  |TAMS 0x000000073d200000| PB 0x000000073d000000| Untracked 
| 489|0x000000073d200000, 0x000000073d400000, 0x000000073d400000|100%| O|  |TAMS 0x000000073d400000| PB 0x000000073d200000| Untracked 
| 490|0x000000073d400000, 0x000000073d600000, 0x000000073d600000|100%| O|  |TAMS 0x000000073d600000| PB 0x000000073d400000| Untracked 
| 491|0x000000073d600000, 0x000000073d800000, 0x000000073d800000|100%| O|  |TAMS 0x000000073d800000| PB 0x000000073d600000| Untracked 
| 492|0x000000073d800000, 0x000000073da00000, 0x000000073da00000|100%| O|  |TAMS 0x000000073da00000| PB 0x000000073d800000| Untracked 
| 493|0x000000073da00000, 0x000000073dc00000, 0x000000073dc00000|100%| O|  |TAMS 0x000000073dc00000| PB 0x000000073da00000| Untracked 
| 494|0x000000073dc00000, 0x000000073de00000, 0x000000073de00000|100%| O|  |TAMS 0x000000073de00000| PB 0x000000073dc00000| Untracked 
| 495|0x000000073de00000, 0x000000073e000000, 0x000000073e000000|100%| O|  |TAMS 0x000000073e000000| PB 0x000000073de00000| Untracked 
| 496|0x000000073e000000, 0x000000073e200000, 0x000000073e200000|100%| O|  |TAMS 0x000000073e200000| PB 0x000000073e000000| Untracked 
| 497|0x000000073e200000, 0x000000073e400000, 0x000000073e400000|100%| O|  |TAMS 0x000000073e400000| PB 0x000000073e200000| Untracked 
| 498|0x000000073e400000, 0x000000073e600000, 0x000000073e600000|100%| O|  |TAMS 0x000000073e600000| PB 0x000000073e400000| Untracked 
| 499|0x000000073e600000, 0x000000073e800000, 0x000000073e800000|100%| O|  |TAMS 0x000000073e800000| PB 0x000000073e600000| Untracked 
| 500|0x000000073e800000, 0x000000073ea00000, 0x000000073ea00000|100%| O|  |TAMS 0x000000073ea00000| PB 0x000000073e800000| Untracked 
| 501|0x000000073ea00000, 0x000000073ec00000, 0x000000073ec00000|100%| O|  |TAMS 0x000000073ec00000| PB 0x000000073ea00000| Untracked 
| 502|0x000000073ec00000, 0x000000073ee00000, 0x000000073ee00000|100%| O|  |TAMS 0x000000073ee00000| PB 0x000000073ec00000| Untracked 
| 503|0x000000073ee00000, 0x000000073f000000, 0x000000073f000000|100%| O|  |TAMS 0x000000073f000000| PB 0x000000073ee00000| Untracked 
| 504|0x000000073f000000, 0x000000073f200000, 0x000000073f200000|100%| O|  |TAMS 0x000000073f200000| PB 0x000000073f000000| Untracked 
| 505|0x000000073f200000, 0x000000073f400000, 0x000000073f400000|100%| O|  |TAMS 0x000000073f400000| PB 0x000000073f200000| Untracked 
| 506|0x000000073f400000, 0x000000073f600000, 0x000000073f600000|100%| O|  |TAMS 0x000000073f600000| PB 0x000000073f400000| Untracked 
| 507|0x000000073f600000, 0x000000073f800000, 0x000000073f800000|100%| O|  |TAMS 0x000000073f800000| PB 0x000000073f600000| Untracked 
| 508|0x000000073f800000, 0x000000073fa00000, 0x000000073fa00000|100%| O|  |TAMS 0x000000073fa00000| PB 0x000000073f800000| Untracked 
| 509|0x000000073fa00000, 0x000000073fc00000, 0x000000073fc00000|100%| O|  |TAMS 0x000000073fc00000| PB 0x000000073fa00000| Untracked 
| 510|0x000000073fc00000, 0x000000073fe00000, 0x000000073fe00000|100%| O|  |TAMS 0x000000073fe00000| PB 0x000000073fc00000| Untracked 
| 511|0x000000073fe00000, 0x0000000740000000, 0x0000000740000000|100%| O|  |TAMS 0x0000000740000000| PB 0x000000073fe00000| Untracked 
| 512|0x0000000740000000, 0x0000000740200000, 0x0000000740200000|100%| O|  |TAMS 0x0000000740200000| PB 0x0000000740000000| Untracked 
| 513|0x0000000740200000, 0x0000000740400000, 0x0000000740400000|100%| O|  |TAMS 0x0000000740400000| PB 0x0000000740200000| Untracked 
| 514|0x0000000740400000, 0x0000000740600000, 0x0000000740600000|100%| O|  |TAMS 0x0000000740600000| PB 0x0000000740400000| Untracked 
| 515|0x0000000740600000, 0x0000000740800000, 0x0000000740800000|100%| O|  |TAMS 0x0000000740800000| PB 0x0000000740600000| Untracked 
| 516|0x0000000740800000, 0x0000000740a00000, 0x0000000740a00000|100%| O|  |TAMS 0x0000000740a00000| PB 0x0000000740800000| Untracked 
| 517|0x0000000740a00000, 0x0000000740c00000, 0x0000000740c00000|100%| O|  |TAMS 0x0000000740c00000| PB 0x0000000740a00000| Untracked 
| 518|0x0000000740c00000, 0x0000000740e00000, 0x0000000740e00000|100%| O|  |TAMS 0x0000000740e00000| PB 0x0000000740c00000| Untracked 
| 519|0x0000000740e00000, 0x0000000741000000, 0x0000000741000000|100%| O|  |TAMS 0x0000000741000000| PB 0x0000000740e00000| Untracked 
| 520|0x0000000741000000, 0x0000000741200000, 0x0000000741200000|100%| O|  |TAMS 0x0000000741200000| PB 0x0000000741000000| Untracked 
| 521|0x0000000741200000, 0x0000000741400000, 0x0000000741400000|100%| O|  |TAMS 0x0000000741400000| PB 0x0000000741200000| Untracked 
| 522|0x0000000741400000, 0x0000000741600000, 0x0000000741600000|100%| O|  |TAMS 0x0000000741600000| PB 0x0000000741400000| Untracked 
| 523|0x0000000741600000, 0x0000000741800000, 0x0000000741800000|100%| O|  |TAMS 0x0000000741800000| PB 0x0000000741600000| Untracked 
| 524|0x0000000741800000, 0x0000000741a00000, 0x0000000741a00000|100%| O|  |TAMS 0x0000000741a00000| PB 0x0000000741800000| Untracked 
| 525|0x0000000741a00000, 0x0000000741c00000, 0x0000000741c00000|100%| O|  |TAMS 0x0000000741c00000| PB 0x0000000741a00000| Untracked 
| 526|0x0000000741c00000, 0x0000000741e00000, 0x0000000741e00000|100%| O|  |TAMS 0x0000000741e00000| PB 0x0000000741c00000| Untracked 
| 527|0x0000000741e00000, 0x0000000742000000, 0x0000000742000000|100%| O|  |TAMS 0x0000000742000000| PB 0x0000000741e00000| Untracked 
| 528|0x0000000742000000, 0x0000000742200000, 0x0000000742200000|100%| O|  |TAMS 0x0000000742200000| PB 0x0000000742000000| Untracked 
| 529|0x0000000742200000, 0x0000000742400000, 0x0000000742400000|100%| O|  |TAMS 0x0000000742400000| PB 0x0000000742200000| Untracked 
| 530|0x0000000742400000, 0x0000000742600000, 0x0000000742600000|100%| O|  |TAMS 0x0000000742600000| PB 0x0000000742400000| Untracked 
| 531|0x0000000742600000, 0x0000000742800000, 0x0000000742800000|100%| O|  |TAMS 0x0000000742800000| PB 0x0000000742600000| Untracked 
| 532|0x0000000742800000, 0x0000000742a00000, 0x0000000742a00000|100%| O|  |TAMS 0x0000000742a00000| PB 0x0000000742800000| Untracked 
| 533|0x0000000742a00000, 0x0000000742c00000, 0x0000000742c00000|100%| O|  |TAMS 0x0000000742c00000| PB 0x0000000742a00000| Untracked 
| 534|0x0000000742c00000, 0x0000000742e00000, 0x0000000742e00000|100%| O|  |TAMS 0x0000000742e00000| PB 0x0000000742c00000| Untracked 
| 535|0x0000000742e00000, 0x0000000743000000, 0x0000000743000000|100%| O|  |TAMS 0x0000000743000000| PB 0x0000000742e00000| Untracked 
| 536|0x0000000743000000, 0x0000000743200000, 0x0000000743200000|100%| O|  |TAMS 0x0000000743200000| PB 0x0000000743000000| Untracked 
| 537|0x0000000743200000, 0x0000000743400000, 0x0000000743400000|100%| O|  |TAMS 0x0000000743400000| PB 0x0000000743200000| Untracked 
| 538|0x0000000743400000, 0x0000000743600000, 0x0000000743600000|100%| O|  |TAMS 0x0000000743600000| PB 0x0000000743400000| Untracked 
| 539|0x0000000743600000, 0x0000000743800000, 0x0000000743800000|100%| O|  |TAMS 0x0000000743800000| PB 0x0000000743600000| Untracked 
| 540|0x0000000743800000, 0x0000000743a00000, 0x0000000743a00000|100%| O|  |TAMS 0x0000000743a00000| PB 0x0000000743800000| Untracked 
| 541|0x0000000743a00000, 0x0000000743c00000, 0x0000000743c00000|100%| S|CS|TAMS 0x0000000743a00000| PB 0x0000000743a00000| Complete 
| 542|0x0000000743c00000, 0x0000000743e00000, 0x0000000743e00000|100%| O|  |TAMS 0x0000000743e00000| PB 0x0000000743c00000| Untracked 
| 543|0x0000000743e00000, 0x0000000744000000, 0x0000000744000000|100%| O|  |TAMS 0x0000000744000000| PB 0x0000000743e00000| Untracked 
| 544|0x0000000744000000, 0x0000000744200000, 0x0000000744200000|100%| O|  |TAMS 0x0000000744200000| PB 0x0000000744000000| Untracked 
| 545|0x0000000744200000, 0x0000000744400000, 0x0000000744400000|100%| O|  |TAMS 0x0000000744400000| PB 0x0000000744200000| Untracked 
| 546|0x0000000744400000, 0x0000000744600000, 0x0000000744600000|100%| O|  |TAMS 0x0000000744600000| PB 0x0000000744400000| Untracked 
| 547|0x0000000744600000, 0x0000000744800000, 0x0000000744800000|100%| O|  |TAMS 0x0000000744800000| PB 0x0000000744600000| Untracked 
| 548|0x0000000744800000, 0x0000000744a00000, 0x0000000744a00000|100%| O|  |TAMS 0x0000000744a00000| PB 0x0000000744800000| Untracked 
| 549|0x0000000744a00000, 0x0000000744c00000, 0x0000000744c00000|100%| O|  |TAMS 0x0000000744c00000| PB 0x0000000744a00000| Untracked 
| 550|0x0000000744c00000, 0x0000000744e00000, 0x0000000744e00000|100%| O|  |TAMS 0x0000000744e00000| PB 0x0000000744c00000| Untracked 
| 551|0x0000000744e00000, 0x0000000745000000, 0x0000000745000000|100%| O|  |TAMS 0x0000000745000000| PB 0x0000000744e00000| Untracked 
| 552|0x0000000745000000, 0x0000000745200000, 0x0000000745200000|100%| O|  |TAMS 0x0000000745200000| PB 0x0000000745000000| Untracked 
| 553|0x0000000745200000, 0x0000000745400000, 0x0000000745400000|100%| O|  |TAMS 0x0000000745400000| PB 0x0000000745200000| Untracked 
| 554|0x0000000745400000, 0x0000000745600000, 0x0000000745600000|100%| O|  |TAMS 0x0000000745600000| PB 0x0000000745400000| Untracked 
| 555|0x0000000745600000, 0x0000000745800000, 0x0000000745800000|100%| O|  |TAMS 0x0000000745800000| PB 0x0000000745600000| Untracked 
| 556|0x0000000745800000, 0x0000000745a00000, 0x0000000745a00000|100%| O|  |TAMS 0x0000000745a00000| PB 0x0000000745800000| Untracked 
| 557|0x0000000745a00000, 0x0000000745c00000, 0x0000000745c00000|100%| O|  |TAMS 0x0000000745c00000| PB 0x0000000745a00000| Untracked 
| 558|0x0000000745c00000, 0x0000000745e00000, 0x0000000745e00000|100%| O|  |TAMS 0x0000000745e00000| PB 0x0000000745c00000| Untracked 
| 559|0x0000000745e00000, 0x0000000746000000, 0x0000000746000000|100%| O|  |TAMS 0x0000000746000000| PB 0x0000000745e00000| Untracked 
| 560|0x0000000746000000, 0x0000000746200000, 0x0000000746200000|100%| O|  |TAMS 0x0000000746200000| PB 0x0000000746000000| Untracked 
| 561|0x0000000746200000, 0x0000000746400000, 0x0000000746400000|100%| O|  |TAMS 0x0000000746400000| PB 0x0000000746200000| Untracked 
| 562|0x0000000746400000, 0x0000000746600000, 0x0000000746600000|100%| O|  |TAMS 0x0000000746600000| PB 0x0000000746400000| Untracked 
| 563|0x0000000746600000, 0x0000000746800000, 0x0000000746800000|100%| O|  |TAMS 0x0000000746800000| PB 0x0000000746600000| Untracked 
| 564|0x0000000746800000, 0x0000000746a00000, 0x0000000746a00000|100%| O|  |TAMS 0x0000000746a00000| PB 0x0000000746800000| Untracked 
| 565|0x0000000746a00000, 0x0000000746c00000, 0x0000000746c00000|100%| O|  |TAMS 0x0000000746c00000| PB 0x0000000746a00000| Untracked 
| 566|0x0000000746c00000, 0x0000000746e00000, 0x0000000746e00000|100%| O|  |TAMS 0x0000000746e00000| PB 0x0000000746c00000| Untracked 
| 567|0x0000000746e00000, 0x0000000747000000, 0x0000000747000000|100%| O|  |TAMS 0x0000000747000000| PB 0x0000000746e00000| Untracked 
| 568|0x0000000747000000, 0x0000000747200000, 0x0000000747200000|100%| O|  |TAMS 0x0000000747200000| PB 0x0000000747000000| Untracked 
| 569|0x0000000747200000, 0x0000000747400000, 0x0000000747400000|100%| O|  |TAMS 0x0000000747400000| PB 0x0000000747200000| Untracked 
| 570|0x0000000747400000, 0x0000000747600000, 0x0000000747600000|100%| O|  |TAMS 0x0000000747600000| PB 0x0000000747400000| Untracked 
| 571|0x0000000747600000, 0x0000000747800000, 0x0000000747800000|100%| O|  |TAMS 0x0000000747800000| PB 0x0000000747600000| Untracked 
| 572|0x0000000747800000, 0x0000000747a00000, 0x0000000747a00000|100%| O|  |TAMS 0x0000000747a00000| PB 0x0000000747800000| Untracked 
| 573|0x0000000747a00000, 0x0000000747c00000, 0x0000000747c00000|100%| O|  |TAMS 0x0000000747c00000| PB 0x0000000747a00000| Untracked 
| 574|0x0000000747c00000, 0x0000000747e00000, 0x0000000747e00000|100%| O|  |TAMS 0x0000000747e00000| PB 0x0000000747c00000| Untracked 
| 575|0x0000000747e00000, 0x0000000748000000, 0x0000000748000000|100%| O|  |TAMS 0x0000000748000000| PB 0x0000000747e00000| Untracked 
| 576|0x0000000748000000, 0x0000000748200000, 0x0000000748200000|100%| O|  |TAMS 0x0000000748200000| PB 0x0000000748000000| Untracked 
| 577|0x0000000748200000, 0x0000000748400000, 0x0000000748400000|100%| O|  |TAMS 0x0000000748400000| PB 0x0000000748200000| Untracked 
| 578|0x0000000748400000, 0x0000000748600000, 0x0000000748600000|100%| O|  |TAMS 0x0000000748600000| PB 0x0000000748400000| Untracked 
| 579|0x0000000748600000, 0x0000000748800000, 0x0000000748800000|100%| O|  |TAMS 0x0000000748800000| PB 0x0000000748600000| Untracked 
| 580|0x0000000748800000, 0x0000000748a00000, 0x0000000748a00000|100%| O|  |TAMS 0x0000000748a00000| PB 0x0000000748800000| Untracked 
| 581|0x0000000748a00000, 0x0000000748c00000, 0x0000000748c00000|100%| O|  |TAMS 0x0000000748c00000| PB 0x0000000748a00000| Untracked 
| 582|0x0000000748c00000, 0x0000000748e00000, 0x0000000748e00000|100%| O|  |TAMS 0x0000000748e00000| PB 0x0000000748c00000| Untracked 
| 583|0x0000000748e00000, 0x0000000749000000, 0x0000000749000000|100%| O|  |TAMS 0x0000000749000000| PB 0x0000000748e00000| Untracked 
| 584|0x0000000749000000, 0x0000000749200000, 0x0000000749200000|100%| O|  |TAMS 0x0000000749200000| PB 0x0000000749000000| Untracked 
| 585|0x0000000749200000, 0x0000000749400000, 0x0000000749400000|100%| O|  |TAMS 0x0000000749400000| PB 0x0000000749200000| Untracked 
| 586|0x0000000749400000, 0x0000000749600000, 0x0000000749600000|100%| O|  |TAMS 0x0000000749600000| PB 0x0000000749400000| Untracked 
| 587|0x0000000749600000, 0x0000000749800000, 0x0000000749800000|100%| O|  |TAMS 0x0000000749800000| PB 0x0000000749600000| Untracked 
| 588|0x0000000749800000, 0x0000000749a00000, 0x0000000749a00000|100%| O|  |TAMS 0x0000000749a00000| PB 0x0000000749800000| Untracked 
| 589|0x0000000749a00000, 0x0000000749c00000, 0x0000000749c00000|100%| O|  |TAMS 0x0000000749c00000| PB 0x0000000749a00000| Untracked 
| 590|0x0000000749c00000, 0x0000000749e00000, 0x0000000749e00000|100%| O|  |TAMS 0x0000000749e00000| PB 0x0000000749c00000| Untracked 
| 591|0x0000000749e00000, 0x000000074a000000, 0x000000074a000000|100%| O|  |TAMS 0x000000074a000000| PB 0x0000000749e00000| Untracked 
| 592|0x000000074a000000, 0x000000074a200000, 0x000000074a200000|100%| O|  |TAMS 0x000000074a200000| PB 0x000000074a000000| Untracked 
| 593|0x000000074a200000, 0x000000074a400000, 0x000000074a400000|100%| O|  |TAMS 0x000000074a400000| PB 0x000000074a200000| Untracked 
| 594|0x000000074a400000, 0x000000074a600000, 0x000000074a600000|100%| O|  |TAMS 0x000000074a600000| PB 0x000000074a400000| Untracked 
| 595|0x000000074a600000, 0x000000074a800000, 0x000000074a800000|100%| O|  |TAMS 0x000000074a800000| PB 0x000000074a600000| Untracked 
| 596|0x000000074a800000, 0x000000074aa00000, 0x000000074aa00000|100%| O|  |TAMS 0x000000074aa00000| PB 0x000000074a800000| Untracked 
| 597|0x000000074aa00000, 0x000000074ac00000, 0x000000074ac00000|100%| O|  |TAMS 0x000000074ac00000| PB 0x000000074aa00000| Untracked 
| 598|0x000000074ac00000, 0x000000074ae00000, 0x000000074ae00000|100%| O|  |TAMS 0x000000074ae00000| PB 0x000000074ac00000| Untracked 
| 599|0x000000074ae00000, 0x000000074b000000, 0x000000074b000000|100%| O|  |TAMS 0x000000074b000000| PB 0x000000074ae00000| Untracked 
| 600|0x000000074b000000, 0x000000074b200000, 0x000000074b200000|100%| O|  |TAMS 0x000000074b200000| PB 0x000000074b000000| Untracked 
| 601|0x000000074b200000, 0x000000074b400000, 0x000000074b400000|100%| O|  |TAMS 0x000000074b400000| PB 0x000000074b200000| Untracked 
| 602|0x000000074b400000, 0x000000074b600000, 0x000000074b600000|100%| O|  |TAMS 0x000000074b600000| PB 0x000000074b400000| Untracked 
| 603|0x000000074b600000, 0x000000074b800000, 0x000000074b800000|100%| O|  |TAMS 0x000000074b800000| PB 0x000000074b600000| Untracked 
| 604|0x000000074b800000, 0x000000074ba00000, 0x000000074ba00000|100%| O|  |TAMS 0x000000074ba00000| PB 0x000000074b800000| Untracked 
| 605|0x000000074ba00000, 0x000000074bc00000, 0x000000074bc00000|100%| O|  |TAMS 0x000000074bc00000| PB 0x000000074ba00000| Untracked 
| 606|0x000000074bc00000, 0x000000074be00000, 0x000000074be00000|100%| O|  |TAMS 0x000000074be00000| PB 0x000000074bc00000| Untracked 
| 607|0x000000074be00000, 0x000000074c000000, 0x000000074c000000|100%| O|  |TAMS 0x000000074c000000| PB 0x000000074be00000| Untracked 
| 608|0x000000074c000000, 0x000000074c200000, 0x000000074c200000|100%| O|  |TAMS 0x000000074c200000| PB 0x000000074c000000| Untracked 
| 609|0x000000074c200000, 0x000000074c400000, 0x000000074c400000|100%| O|  |TAMS 0x000000074c400000| PB 0x000000074c200000| Untracked 
| 610|0x000000074c400000, 0x000000074c600000, 0x000000074c600000|100%| O|  |TAMS 0x000000074c600000| PB 0x000000074c400000| Untracked 
| 611|0x000000074c600000, 0x000000074c800000, 0x000000074c800000|100%| O|  |TAMS 0x000000074c800000| PB 0x000000074c600000| Untracked 
| 612|0x000000074c800000, 0x000000074ca00000, 0x000000074ca00000|100%| O|  |TAMS 0x000000074ca00000| PB 0x000000074c800000| Untracked 
| 613|0x000000074ca00000, 0x000000074cc00000, 0x000000074cc00000|100%| O|  |TAMS 0x000000074cc00000| PB 0x000000074ca00000| Untracked 
| 614|0x000000074cc00000, 0x000000074ce00000, 0x000000074ce00000|100%| O|  |TAMS 0x000000074ce00000| PB 0x000000074cc00000| Untracked 
| 615|0x000000074ce00000, 0x000000074d000000, 0x000000074d000000|100%| O|  |TAMS 0x000000074d000000| PB 0x000000074ce00000| Untracked 
| 616|0x000000074d000000, 0x000000074d200000, 0x000000074d200000|100%| O|  |TAMS 0x000000074d200000| PB 0x000000074d000000| Untracked 
| 617|0x000000074d200000, 0x000000074d400000, 0x000000074d400000|100%| S|CS|TAMS 0x000000074d200000| PB 0x000000074d200000| Complete 
| 618|0x000000074d400000, 0x000000074d400000, 0x000000074d600000|  0%| F|  |TAMS 0x000000074d400000| PB 0x000000074d400000| Untracked 
| 619|0x000000074d600000, 0x000000074d600000, 0x000000074d800000|  0%| F|  |TAMS 0x000000074d600000| PB 0x000000074d600000| Untracked 
| 620|0x000000074d800000, 0x000000074d800000, 0x000000074da00000|  0%| F|  |TAMS 0x000000074d800000| PB 0x000000074d800000| Untracked 
| 621|0x000000074da00000, 0x000000074da00000, 0x000000074dc00000|  0%| F|  |TAMS 0x000000074da00000| PB 0x000000074da00000| Untracked 
| 622|0x000000074dc00000, 0x000000074dc00000, 0x000000074de00000|  0%| F|  |TAMS 0x000000074dc00000| PB 0x000000074dc00000| Untracked 
| 623|0x000000074de00000, 0x000000074de00000, 0x000000074e000000|  0%| F|  |TAMS 0x000000074de00000| PB 0x000000074de00000| Untracked 
| 624|0x000000074e000000, 0x000000074e000000, 0x000000074e200000|  0%| F|  |TAMS 0x000000074e000000| PB 0x000000074e000000| Untracked 
| 625|0x000000074e200000, 0x000000074e200000, 0x000000074e400000|  0%| F|  |TAMS 0x000000074e200000| PB 0x000000074e200000| Untracked 
| 626|0x000000074e400000, 0x000000074e400000, 0x000000074e600000|  0%| F|  |TAMS 0x000000074e400000| PB 0x000000074e400000| Untracked 
| 627|0x000000074e600000, 0x000000074e600000, 0x000000074e800000|  0%| F|  |TAMS 0x000000074e600000| PB 0x000000074e600000| Untracked 
| 628|0x000000074e800000, 0x000000074ea00000, 0x000000074ea00000|100%| S|CS|TAMS 0x000000074e800000| PB 0x000000074e800000| Complete 
| 629|0x000000074ea00000, 0x000000074ec00000, 0x000000074ec00000|100%| S|CS|TAMS 0x000000074ea00000| PB 0x000000074ea00000| Complete 
| 630|0x000000074ec00000, 0x000000074ee00000, 0x000000074ee00000|100%| S|CS|TAMS 0x000000074ec00000| PB 0x000000074ec00000| Complete 
| 631|0x000000074ee00000, 0x000000074f000000, 0x000000074f000000|100%| S|CS|TAMS 0x000000074ee00000| PB 0x000000074ee00000| Complete 
| 632|0x000000074f000000, 0x000000074f200000, 0x000000074f200000|100%| S|CS|TAMS 0x000000074f000000| PB 0x000000074f000000| Complete 
| 633|0x000000074f200000, 0x000000074f400000, 0x000000074f400000|100%| S|CS|TAMS 0x000000074f200000| PB 0x000000074f200000| Complete 
| 634|0x000000074f400000, 0x000000074f600000, 0x000000074f600000|100%| S|CS|TAMS 0x000000074f400000| PB 0x000000074f400000| Complete 
| 635|0x000000074f600000, 0x000000074f800000, 0x000000074f800000|100%| S|CS|TAMS 0x000000074f600000| PB 0x000000074f600000| Complete 
| 636|0x000000074f800000, 0x000000074fa00000, 0x000000074fa00000|100%| S|CS|TAMS 0x000000074f800000| PB 0x000000074f800000| Complete 
| 637|0x000000074fa00000, 0x000000074fc00000, 0x000000074fc00000|100%| S|CS|TAMS 0x000000074fa00000| PB 0x000000074fa00000| Complete 
| 638|0x000000074fc00000, 0x000000074fe00000, 0x000000074fe00000|100%| S|CS|TAMS 0x000000074fc00000| PB 0x000000074fc00000| Complete 
| 639|0x000000074fe00000, 0x0000000750000000, 0x0000000750000000|100%| S|CS|TAMS 0x000000074fe00000| PB 0x000000074fe00000| Complete 
| 640|0x0000000750000000, 0x0000000750200000, 0x0000000750200000|100%| S|CS|TAMS 0x0000000750000000| PB 0x0000000750000000| Complete 
| 641|0x0000000750200000, 0x0000000750400000, 0x0000000750400000|100%| S|CS|TAMS 0x0000000750200000| PB 0x0000000750200000| Complete 
| 642|0x0000000750400000, 0x0000000750600000, 0x0000000750600000|100%| S|CS|TAMS 0x0000000750400000| PB 0x0000000750400000| Complete 
| 643|0x0000000750600000, 0x0000000750800000, 0x0000000750800000|100%| S|CS|TAMS 0x0000000750600000| PB 0x0000000750600000| Complete 
| 644|0x0000000750800000, 0x0000000750a00000, 0x0000000750a00000|100%| S|CS|TAMS 0x0000000750800000| PB 0x0000000750800000| Complete 
| 645|0x0000000750a00000, 0x0000000750c00000, 0x0000000750c00000|100%| S|CS|TAMS 0x0000000750a00000| PB 0x0000000750a00000| Complete 
| 646|0x0000000750c00000, 0x0000000750e00000, 0x0000000750e00000|100%| S|CS|TAMS 0x0000000750c00000| PB 0x0000000750c00000| Complete 
| 647|0x0000000750e00000, 0x0000000751000000, 0x0000000751000000|100%| S|CS|TAMS 0x0000000750e00000| PB 0x0000000750e00000| Complete 
| 648|0x0000000751000000, 0x0000000751200000, 0x0000000751200000|100%| S|CS|TAMS 0x0000000751000000| PB 0x0000000751000000| Complete 
| 649|0x0000000751200000, 0x0000000751400000, 0x0000000751400000|100%| S|CS|TAMS 0x0000000751200000| PB 0x0000000751200000| Complete 
| 650|0x0000000751400000, 0x0000000751600000, 0x0000000751600000|100%| O|  |TAMS 0x0000000751600000| PB 0x0000000751400000| Untracked 
| 651|0x0000000751600000, 0x0000000751800000, 0x0000000751800000|100%| O|  |TAMS 0x0000000751800000| PB 0x0000000751600000| Untracked 
| 652|0x0000000751800000, 0x0000000751a00000, 0x0000000751a00000|100%| O|  |TAMS 0x0000000751a00000| PB 0x0000000751800000| Untracked 
| 653|0x0000000751a00000, 0x0000000751c00000, 0x0000000751c00000|100%| O|  |TAMS 0x0000000751c00000| PB 0x0000000751a00000| Untracked 
| 654|0x0000000751c00000, 0x0000000751e00000, 0x0000000751e00000|100%| O|  |TAMS 0x0000000751e00000| PB 0x0000000751c00000| Untracked 
| 655|0x0000000751e00000, 0x0000000752000000, 0x0000000752000000|100%| O|  |TAMS 0x0000000752000000| PB 0x0000000751e00000| Untracked 
| 656|0x0000000752000000, 0x0000000752200000, 0x0000000752200000|100%| O|  |TAMS 0x0000000752200000| PB 0x0000000752000000| Untracked 
| 657|0x0000000752200000, 0x0000000752400000, 0x0000000752400000|100%| O|  |TAMS 0x0000000752400000| PB 0x0000000752200000| Untracked 
| 658|0x0000000752400000, 0x0000000752600000, 0x0000000752600000|100%| O|  |TAMS 0x0000000752600000| PB 0x0000000752400000| Untracked 
| 659|0x0000000752600000, 0x0000000752600000, 0x0000000752800000|  0%| F|  |TAMS 0x0000000752600000| PB 0x0000000752600000| Untracked 
| 660|0x0000000752800000, 0x0000000752800000, 0x0000000752a00000|  0%| F|  |TAMS 0x0000000752800000| PB 0x0000000752800000| Untracked 
| 661|0x0000000752a00000, 0x0000000752a00000, 0x0000000752c00000|  0%| F|  |TAMS 0x0000000752a00000| PB 0x0000000752a00000| Untracked 
| 662|0x0000000752c00000, 0x0000000752c00000, 0x0000000752e00000|  0%| F|  |TAMS 0x0000000752c00000| PB 0x0000000752c00000| Untracked 
| 663|0x0000000752e00000, 0x0000000752e00000, 0x0000000753000000|  0%| F|  |TAMS 0x0000000752e00000| PB 0x0000000752e00000| Untracked 
| 664|0x0000000753000000, 0x0000000753000000, 0x0000000753200000|  0%| F|  |TAMS 0x0000000753000000| PB 0x0000000753000000| Untracked 
| 665|0x0000000753200000, 0x0000000753200000, 0x0000000753400000|  0%| F|  |TAMS 0x0000000753200000| PB 0x0000000753200000| Untracked 
| 666|0x0000000753400000, 0x0000000753400000, 0x0000000753600000|  0%| F|  |TAMS 0x0000000753400000| PB 0x0000000753400000| Untracked 
| 667|0x0000000753600000, 0x0000000753600000, 0x0000000753800000|  0%| F|  |TAMS 0x0000000753600000| PB 0x0000000753600000| Untracked 
| 668|0x0000000753800000, 0x0000000753800000, 0x0000000753a00000|  0%| F|  |TAMS 0x0000000753800000| PB 0x0000000753800000| Untracked 
| 669|0x0000000753a00000, 0x0000000753a00000, 0x0000000753c00000|  0%| F|  |TAMS 0x0000000753a00000| PB 0x0000000753a00000| Untracked 
| 670|0x0000000753c00000, 0x0000000753c00000, 0x0000000753e00000|  0%| F|  |TAMS 0x0000000753c00000| PB 0x0000000753c00000| Untracked 
| 671|0x0000000753e00000, 0x0000000753e00000, 0x0000000754000000|  0%| F|  |TAMS 0x0000000753e00000| PB 0x0000000753e00000| Untracked 
| 672|0x0000000754000000, 0x0000000754000000, 0x0000000754200000|  0%| F|  |TAMS 0x0000000754000000| PB 0x0000000754000000| Untracked 
| 673|0x0000000754200000, 0x0000000754200000, 0x0000000754400000|  0%| F|  |TAMS 0x0000000754200000| PB 0x0000000754200000| Untracked 
| 674|0x0000000754400000, 0x0000000754400000, 0x0000000754600000|  0%| F|  |TAMS 0x0000000754400000| PB 0x0000000754400000| Untracked 
| 675|0x0000000754600000, 0x0000000754600000, 0x0000000754800000|  0%| F|  |TAMS 0x0000000754600000| PB 0x0000000754600000| Untracked 
| 676|0x0000000754800000, 0x0000000754800000, 0x0000000754a00000|  0%| F|  |TAMS 0x0000000754800000| PB 0x0000000754800000| Untracked 
| 677|0x0000000754a00000, 0x0000000754c00000, 0x0000000754c00000|100%| S|CS|TAMS 0x0000000754a00000| PB 0x0000000754a00000| Complete 
| 678|0x0000000754c00000, 0x0000000754e00000, 0x0000000754e00000|100%| S|CS|TAMS 0x0000000754c00000| PB 0x0000000754c00000| Complete 
| 679|0x0000000754e00000, 0x0000000755000000, 0x0000000755000000|100%| S|CS|TAMS 0x0000000754e00000| PB 0x0000000754e00000| Complete 
| 680|0x0000000755000000, 0x0000000755200000, 0x0000000755200000|100%| S|CS|TAMS 0x0000000755000000| PB 0x0000000755000000| Complete 
| 681|0x0000000755200000, 0x0000000755400000, 0x0000000755400000|100%| S|CS|TAMS 0x0000000755200000| PB 0x0000000755200000| Complete 
| 682|0x0000000755400000, 0x0000000755600000, 0x0000000755600000|100%| S|CS|TAMS 0x0000000755400000| PB 0x0000000755400000| Complete 
| 683|0x0000000755600000, 0x0000000755800000, 0x0000000755800000|100%| S|CS|TAMS 0x0000000755600000| PB 0x0000000755600000| Complete 
| 684|0x0000000755800000, 0x0000000755a00000, 0x0000000755a00000|100%| S|CS|TAMS 0x0000000755800000| PB 0x0000000755800000| Complete 
| 685|0x0000000755a00000, 0x0000000755c00000, 0x0000000755c00000|100%| S|CS|TAMS 0x0000000755a00000| PB 0x0000000755a00000| Complete 
| 686|0x0000000755c00000, 0x0000000755e00000, 0x0000000755e00000|100%| S|CS|TAMS 0x0000000755c00000| PB 0x0000000755c00000| Complete 
| 687|0x0000000755e00000, 0x0000000756000000, 0x0000000756000000|100%| S|CS|TAMS 0x0000000755e00000| PB 0x0000000755e00000| Complete 
| 688|0x0000000756000000, 0x0000000756200000, 0x0000000756200000|100%| S|CS|TAMS 0x0000000756000000| PB 0x0000000756000000| Complete 
| 689|0x0000000756200000, 0x0000000756200000, 0x0000000756400000|  0%| F|  |TAMS 0x0000000756200000| PB 0x0000000756200000| Untracked 
| 690|0x0000000756400000, 0x0000000756400000, 0x0000000756600000|  0%| F|  |TAMS 0x0000000756400000| PB 0x0000000756400000| Untracked 
| 691|0x0000000756600000, 0x0000000756600000, 0x0000000756800000|  0%| F|  |TAMS 0x0000000756600000| PB 0x0000000756600000| Untracked 
| 692|0x0000000756800000, 0x0000000756800000, 0x0000000756a00000|  0%| F|  |TAMS 0x0000000756800000| PB 0x0000000756800000| Untracked 
| 693|0x0000000756a00000, 0x0000000756a00000, 0x0000000756c00000|  0%| F|  |TAMS 0x0000000756a00000| PB 0x0000000756a00000| Untracked 
| 694|0x0000000756c00000, 0x0000000756c00000, 0x0000000756e00000|  0%| F|  |TAMS 0x0000000756c00000| PB 0x0000000756c00000| Untracked 
| 695|0x0000000756e00000, 0x0000000756e00000, 0x0000000757000000|  0%| F|  |TAMS 0x0000000756e00000| PB 0x0000000756e00000| Untracked 
| 696|0x0000000757000000, 0x0000000757000000, 0x0000000757200000|  0%| F|  |TAMS 0x0000000757000000| PB 0x0000000757000000| Untracked 
| 697|0x0000000757200000, 0x0000000757200000, 0x0000000757400000|  0%| F|  |TAMS 0x0000000757200000| PB 0x0000000757200000| Untracked 
| 698|0x0000000757400000, 0x0000000757400000, 0x0000000757600000|  0%| F|  |TAMS 0x0000000757400000| PB 0x0000000757400000| Untracked 
| 699|0x0000000757600000, 0x0000000757600000, 0x0000000757800000|  0%| F|  |TAMS 0x0000000757600000| PB 0x0000000757600000| Untracked 
| 700|0x0000000757800000, 0x0000000757800000, 0x0000000757a00000|  0%| F|  |TAMS 0x0000000757800000| PB 0x0000000757800000| Untracked 
| 701|0x0000000757a00000, 0x0000000757a00000, 0x0000000757c00000|  0%| F|  |TAMS 0x0000000757a00000| PB 0x0000000757a00000| Untracked 
| 702|0x0000000757c00000, 0x0000000757c00000, 0x0000000757e00000|  0%| F|  |TAMS 0x0000000757c00000| PB 0x0000000757c00000| Untracked 
| 703|0x0000000757e00000, 0x0000000757e00000, 0x0000000758000000|  0%| F|  |TAMS 0x0000000757e00000| PB 0x0000000757e00000| Untracked 
| 704|0x0000000758000000, 0x0000000758000000, 0x0000000758200000|  0%| F|  |TAMS 0x0000000758000000| PB 0x0000000758000000| Untracked 
| 705|0x0000000758200000, 0x0000000758200000, 0x0000000758400000|  0%| F|  |TAMS 0x0000000758200000| PB 0x0000000758200000| Untracked 
| 706|0x0000000758400000, 0x0000000758400000, 0x0000000758600000|  0%| F|  |TAMS 0x0000000758400000| PB 0x0000000758400000| Untracked 
| 707|0x0000000758600000, 0x0000000758600000, 0x0000000758800000|  0%| F|  |TAMS 0x0000000758600000| PB 0x0000000758600000| Untracked 
| 708|0x0000000758800000, 0x0000000758800000, 0x0000000758a00000|  0%| F|  |TAMS 0x0000000758800000| PB 0x0000000758800000| Untracked 
| 709|0x0000000758a00000, 0x0000000758a00000, 0x0000000758c00000|  0%| F|  |TAMS 0x0000000758a00000| PB 0x0000000758a00000| Untracked 
| 710|0x0000000758c00000, 0x0000000758c00000, 0x0000000758e00000|  0%| F|  |TAMS 0x0000000758c00000| PB 0x0000000758c00000| Untracked 
| 711|0x0000000758e00000, 0x0000000758e00000, 0x0000000759000000|  0%| F|  |TAMS 0x0000000758e00000| PB 0x0000000758e00000| Untracked 
| 712|0x0000000759000000, 0x0000000759000000, 0x0000000759200000|  0%| F|  |TAMS 0x0000000759000000| PB 0x0000000759000000| Untracked 
| 713|0x0000000759200000, 0x0000000759200000, 0x0000000759400000|  0%| F|  |TAMS 0x0000000759200000| PB 0x0000000759200000| Untracked 
| 714|0x0000000759400000, 0x0000000759400000, 0x0000000759600000|  0%| F|  |TAMS 0x0000000759400000| PB 0x0000000759400000| Untracked 
| 715|0x0000000759600000, 0x0000000759600000, 0x0000000759800000|  0%| F|  |TAMS 0x0000000759600000| PB 0x0000000759600000| Untracked 
| 716|0x0000000759800000, 0x0000000759a00000, 0x0000000759a00000|100%| S|CS|TAMS 0x0000000759800000| PB 0x0000000759800000| Complete 
| 717|0x0000000759a00000, 0x0000000759c00000, 0x0000000759c00000|100%| S|CS|TAMS 0x0000000759a00000| PB 0x0000000759a00000| Complete 
| 718|0x0000000759c00000, 0x0000000759e00000, 0x0000000759e00000|100%| S|CS|TAMS 0x0000000759c00000| PB 0x0000000759c00000| Complete 
| 719|0x0000000759e00000, 0x000000075a000000, 0x000000075a000000|100%| S|CS|TAMS 0x0000000759e00000| PB 0x0000000759e00000| Complete 
| 720|0x000000075a000000, 0x000000075a200000, 0x000000075a200000|100%| S|CS|TAMS 0x000000075a000000| PB 0x000000075a000000| Complete 
| 721|0x000000075a200000, 0x000000075a400000, 0x000000075a400000|100%| S|CS|TAMS 0x000000075a200000| PB 0x000000075a200000| Complete 
| 722|0x000000075a400000, 0x000000075a400000, 0x000000075a600000|  0%| F|  |TAMS 0x000000075a400000| PB 0x000000075a400000| Untracked 
| 723|0x000000075a600000, 0x000000075a600000, 0x000000075a800000|  0%| F|  |TAMS 0x000000075a600000| PB 0x000000075a600000| Untracked 
| 724|0x000000075a800000, 0x000000075a800000, 0x000000075aa00000|  0%| F|  |TAMS 0x000000075a800000| PB 0x000000075a800000| Untracked 
| 725|0x000000075aa00000, 0x000000075aa00000, 0x000000075ac00000|  0%| F|  |TAMS 0x000000075aa00000| PB 0x000000075aa00000| Untracked 
| 726|0x000000075ac00000, 0x000000075ac00000, 0x000000075ae00000|  0%| F|  |TAMS 0x000000075ac00000| PB 0x000000075ac00000| Untracked 
| 727|0x000000075ae00000, 0x000000075ae00000, 0x000000075b000000|  0%| F|  |TAMS 0x000000075ae00000| PB 0x000000075ae00000| Untracked 
| 728|0x000000075b000000, 0x000000075b000000, 0x000000075b200000|  0%| F|  |TAMS 0x000000075b000000| PB 0x000000075b000000| Untracked 
| 729|0x000000075b200000, 0x000000075b200000, 0x000000075b400000|  0%| F|  |TAMS 0x000000075b200000| PB 0x000000075b200000| Untracked 
| 730|0x000000075b400000, 0x000000075b400000, 0x000000075b600000|  0%| F|  |TAMS 0x000000075b400000| PB 0x000000075b400000| Untracked 
| 731|0x000000075b600000, 0x000000075b600000, 0x000000075b800000|  0%| F|  |TAMS 0x000000075b600000| PB 0x000000075b600000| Untracked 
| 732|0x000000075b800000, 0x000000075b800000, 0x000000075ba00000|  0%| F|  |TAMS 0x000000075b800000| PB 0x000000075b800000| Untracked 
| 733|0x000000075ba00000, 0x000000075ba00000, 0x000000075bc00000|  0%| F|  |TAMS 0x000000075ba00000| PB 0x000000075ba00000| Untracked 
| 734|0x000000075bc00000, 0x000000075bc00000, 0x000000075be00000|  0%| F|  |TAMS 0x000000075bc00000| PB 0x000000075bc00000| Untracked 
| 735|0x000000075be00000, 0x000000075be00000, 0x000000075c000000|  0%| F|  |TAMS 0x000000075be00000| PB 0x000000075be00000| Untracked 
| 736|0x000000075c000000, 0x000000075c000000, 0x000000075c200000|  0%| F|  |TAMS 0x000000075c000000| PB 0x000000075c000000| Untracked 
| 737|0x000000075c200000, 0x000000075c200000, 0x000000075c400000|  0%| F|  |TAMS 0x000000075c200000| PB 0x000000075c200000| Untracked 
| 738|0x000000075c400000, 0x000000075c400000, 0x000000075c600000|  0%| F|  |TAMS 0x000000075c400000| PB 0x000000075c400000| Untracked 
| 739|0x000000075c600000, 0x000000075c600000, 0x000000075c800000|  0%| F|  |TAMS 0x000000075c600000| PB 0x000000075c600000| Untracked 
| 740|0x000000075c800000, 0x000000075c800000, 0x000000075ca00000|  0%| F|  |TAMS 0x000000075c800000| PB 0x000000075c800000| Untracked 
| 741|0x000000075ca00000, 0x000000075ca00000, 0x000000075cc00000|  0%| F|  |TAMS 0x000000075ca00000| PB 0x000000075ca00000| Untracked 
| 742|0x000000075cc00000, 0x000000075cc00000, 0x000000075ce00000|  0%| F|  |TAMS 0x000000075cc00000| PB 0x000000075cc00000| Untracked 
| 743|0x000000075ce00000, 0x000000075ce00000, 0x000000075d000000|  0%| F|  |TAMS 0x000000075ce00000| PB 0x000000075ce00000| Untracked 
| 744|0x000000075d000000, 0x000000075d000000, 0x000000075d200000|  0%| F|  |TAMS 0x000000075d000000| PB 0x000000075d000000| Untracked 
| 745|0x000000075d200000, 0x000000075d200000, 0x000000075d400000|  0%| F|  |TAMS 0x000000075d200000| PB 0x000000075d200000| Untracked 
| 746|0x000000075d400000, 0x000000075d400000, 0x000000075d600000|  0%| F|  |TAMS 0x000000075d400000| PB 0x000000075d400000| Untracked 
| 747|0x000000075d600000, 0x000000075d600000, 0x000000075d800000|  0%| F|  |TAMS 0x000000075d600000| PB 0x000000075d600000| Untracked 
| 748|0x000000075d800000, 0x000000075d800000, 0x000000075da00000|  0%| F|  |TAMS 0x000000075d800000| PB 0x000000075d800000| Untracked 
| 749|0x000000075da00000, 0x000000075da00000, 0x000000075dc00000|  0%| F|  |TAMS 0x000000075da00000| PB 0x000000075da00000| Untracked 
| 750|0x000000075dc00000, 0x000000075dc00000, 0x000000075de00000|  0%| F|  |TAMS 0x000000075dc00000| PB 0x000000075dc00000| Untracked 
| 751|0x000000075de00000, 0x000000075de00000, 0x000000075e000000|  0%| F|  |TAMS 0x000000075de00000| PB 0x000000075de00000| Untracked 
| 752|0x000000075e000000, 0x000000075e000000, 0x000000075e200000|  0%| F|  |TAMS 0x000000075e000000| PB 0x000000075e000000| Untracked 
| 753|0x000000075e200000, 0x000000075e200000, 0x000000075e400000|  0%| F|  |TAMS 0x000000075e200000| PB 0x000000075e200000| Untracked 
| 754|0x000000075e400000, 0x000000075e400000, 0x000000075e600000|  0%| F|  |TAMS 0x000000075e400000| PB 0x000000075e400000| Untracked 
| 755|0x000000075e600000, 0x000000075e600000, 0x000000075e800000|  0%| F|  |TAMS 0x000000075e600000| PB 0x000000075e600000| Untracked 
| 756|0x000000075e800000, 0x000000075e800000, 0x000000075ea00000|  0%| F|  |TAMS 0x000000075e800000| PB 0x000000075e800000| Untracked 
| 757|0x000000075ea00000, 0x000000075ea00000, 0x000000075ec00000|  0%| F|  |TAMS 0x000000075ea00000| PB 0x000000075ea00000| Untracked 
| 758|0x000000075ec00000, 0x000000075ec00000, 0x000000075ee00000|  0%| F|  |TAMS 0x000000075ec00000| PB 0x000000075ec00000| Untracked 
| 759|0x000000075ee00000, 0x000000075ee00000, 0x000000075f000000|  0%| F|  |TAMS 0x000000075ee00000| PB 0x000000075ee00000| Untracked 
| 760|0x000000075f000000, 0x000000075f000000, 0x000000075f200000|  0%| F|  |TAMS 0x000000075f000000| PB 0x000000075f000000| Untracked 
| 761|0x000000075f200000, 0x000000075f200000, 0x000000075f400000|  0%| F|  |TAMS 0x000000075f200000| PB 0x000000075f200000| Untracked 
| 762|0x000000075f400000, 0x000000075f400000, 0x000000075f600000|  0%| F|  |TAMS 0x000000075f400000| PB 0x000000075f400000| Untracked 
| 763|0x000000075f600000, 0x000000075f600000, 0x000000075f800000|  0%| F|  |TAMS 0x000000075f600000| PB 0x000000075f600000| Untracked 
| 764|0x000000075f800000, 0x000000075f800000, 0x000000075fa00000|  0%| F|  |TAMS 0x000000075f800000| PB 0x000000075f800000| Untracked 
| 765|0x000000075fa00000, 0x000000075fa00000, 0x000000075fc00000|  0%| F|  |TAMS 0x000000075fa00000| PB 0x000000075fa00000| Untracked 
| 766|0x000000075fc00000, 0x000000075fc00000, 0x000000075fe00000|  0%| F|  |TAMS 0x000000075fc00000| PB 0x000000075fc00000| Untracked 
| 767|0x000000075fe00000, 0x000000075fe00000, 0x0000000760000000|  0%| F|  |TAMS 0x000000075fe00000| PB 0x000000075fe00000| Untracked 
| 768|0x0000000760000000, 0x0000000760000000, 0x0000000760200000|  0%| F|  |TAMS 0x0000000760000000| PB 0x0000000760000000| Untracked 
| 769|0x0000000760200000, 0x0000000760200000, 0x0000000760400000|  0%| F|  |TAMS 0x0000000760200000| PB 0x0000000760200000| Untracked 
| 770|0x0000000760400000, 0x0000000760400000, 0x0000000760600000|  0%| F|  |TAMS 0x0000000760400000| PB 0x0000000760400000| Untracked 
| 771|0x0000000760600000, 0x0000000760600000, 0x0000000760800000|  0%| F|  |TAMS 0x0000000760600000| PB 0x0000000760600000| Untracked 
| 772|0x0000000760800000, 0x0000000760800000, 0x0000000760a00000|  0%| F|  |TAMS 0x0000000760800000| PB 0x0000000760800000| Untracked 
| 773|0x0000000760a00000, 0x0000000760a00000, 0x0000000760c00000|  0%| F|  |TAMS 0x0000000760a00000| PB 0x0000000760a00000| Untracked 
| 774|0x0000000760c00000, 0x0000000760c00000, 0x0000000760e00000|  0%| F|  |TAMS 0x0000000760c00000| PB 0x0000000760c00000| Untracked 
| 775|0x0000000760e00000, 0x0000000760e00000, 0x0000000761000000|  0%| F|  |TAMS 0x0000000760e00000| PB 0x0000000760e00000| Untracked 
| 776|0x0000000761000000, 0x0000000761000000, 0x0000000761200000|  0%| F|  |TAMS 0x0000000761000000| PB 0x0000000761000000| Untracked 
| 777|0x0000000761200000, 0x0000000761200000, 0x0000000761400000|  0%| F|  |TAMS 0x0000000761200000| PB 0x0000000761200000| Untracked 
| 778|0x0000000761400000, 0x0000000761400000, 0x0000000761600000|  0%| F|  |TAMS 0x0000000761400000| PB 0x0000000761400000| Untracked 
| 779|0x0000000761600000, 0x0000000761600000, 0x0000000761800000|  0%| F|  |TAMS 0x0000000761600000| PB 0x0000000761600000| Untracked 
| 780|0x0000000761800000, 0x0000000761800000, 0x0000000761a00000|  0%| F|  |TAMS 0x0000000761800000| PB 0x0000000761800000| Untracked 
| 781|0x0000000761a00000, 0x0000000761a00000, 0x0000000761c00000|  0%| F|  |TAMS 0x0000000761a00000| PB 0x0000000761a00000| Untracked 
| 782|0x0000000761c00000, 0x0000000761c00000, 0x0000000761e00000|  0%| F|  |TAMS 0x0000000761c00000| PB 0x0000000761c00000| Untracked 
| 783|0x0000000761e00000, 0x0000000761e00000, 0x0000000762000000|  0%| F|  |TAMS 0x0000000761e00000| PB 0x0000000761e00000| Untracked 
| 784|0x0000000762000000, 0x0000000762000000, 0x0000000762200000|  0%| F|  |TAMS 0x0000000762000000| PB 0x0000000762000000| Untracked 
| 785|0x0000000762200000, 0x0000000762200000, 0x0000000762400000|  0%| F|  |TAMS 0x0000000762200000| PB 0x0000000762200000| Untracked 
| 786|0x0000000762400000, 0x0000000762400000, 0x0000000762600000|  0%| F|  |TAMS 0x0000000762400000| PB 0x0000000762400000| Untracked 
| 787|0x0000000762600000, 0x0000000762600000, 0x0000000762800000|  0%| F|  |TAMS 0x0000000762600000| PB 0x0000000762600000| Untracked 
| 788|0x0000000762800000, 0x0000000762800000, 0x0000000762a00000|  0%| F|  |TAMS 0x0000000762800000| PB 0x0000000762800000| Untracked 
| 789|0x0000000762a00000, 0x0000000762a00000, 0x0000000762c00000|  0%| F|  |TAMS 0x0000000762a00000| PB 0x0000000762a00000| Untracked 
| 790|0x0000000762c00000, 0x0000000762c00000, 0x0000000762e00000|  0%| F|  |TAMS 0x0000000762c00000| PB 0x0000000762c00000| Untracked 
| 791|0x0000000762e00000, 0x0000000762e00000, 0x0000000763000000|  0%| F|  |TAMS 0x0000000762e00000| PB 0x0000000762e00000| Untracked 
| 792|0x0000000763000000, 0x0000000763000000, 0x0000000763200000|  0%| F|  |TAMS 0x0000000763000000| PB 0x0000000763000000| Untracked 
| 793|0x0000000763200000, 0x0000000763200000, 0x0000000763400000|  0%| F|  |TAMS 0x0000000763200000| PB 0x0000000763200000| Untracked 
| 794|0x0000000763400000, 0x0000000763400000, 0x0000000763600000|  0%| F|  |TAMS 0x0000000763400000| PB 0x0000000763400000| Untracked 
| 795|0x0000000763600000, 0x0000000763600000, 0x0000000763800000|  0%| F|  |TAMS 0x0000000763600000| PB 0x0000000763600000| Untracked 
| 796|0x0000000763800000, 0x0000000763800000, 0x0000000763a00000|  0%| F|  |TAMS 0x0000000763800000| PB 0x0000000763800000| Untracked 
| 797|0x0000000763a00000, 0x0000000763a00000, 0x0000000763c00000|  0%| F|  |TAMS 0x0000000763a00000| PB 0x0000000763a00000| Untracked 
| 798|0x0000000763c00000, 0x0000000763c00000, 0x0000000763e00000|  0%| F|  |TAMS 0x0000000763c00000| PB 0x0000000763c00000| Untracked 
| 799|0x0000000763e00000, 0x0000000763e00000, 0x0000000764000000|  0%| F|  |TAMS 0x0000000763e00000| PB 0x0000000763e00000| Untracked 
| 800|0x0000000764000000, 0x0000000764000000, 0x0000000764200000|  0%| F|  |TAMS 0x0000000764000000| PB 0x0000000764000000| Untracked 
| 801|0x0000000764200000, 0x0000000764200000, 0x0000000764400000|  0%| F|  |TAMS 0x0000000764200000| PB 0x0000000764200000| Untracked 
| 802|0x0000000764400000, 0x0000000764400000, 0x0000000764600000|  0%| F|  |TAMS 0x0000000764400000| PB 0x0000000764400000| Untracked 
| 803|0x0000000764600000, 0x0000000764600000, 0x0000000764800000|  0%| F|  |TAMS 0x0000000764600000| PB 0x0000000764600000| Untracked 
| 804|0x0000000764800000, 0x0000000764800000, 0x0000000764a00000|  0%| F|  |TAMS 0x0000000764800000| PB 0x0000000764800000| Untracked 
| 805|0x0000000764a00000, 0x0000000764a00000, 0x0000000764c00000|  0%| F|  |TAMS 0x0000000764a00000| PB 0x0000000764a00000| Untracked 
| 806|0x0000000764c00000, 0x0000000764c00000, 0x0000000764e00000|  0%| F|  |TAMS 0x0000000764c00000| PB 0x0000000764c00000| Untracked 
| 807|0x0000000764e00000, 0x0000000764e00000, 0x0000000765000000|  0%| F|  |TAMS 0x0000000764e00000| PB 0x0000000764e00000| Untracked 
| 808|0x0000000765000000, 0x0000000765000000, 0x0000000765200000|  0%| F|  |TAMS 0x0000000765000000| PB 0x0000000765000000| Untracked 
| 809|0x0000000765200000, 0x0000000765200000, 0x0000000765400000|  0%| F|  |TAMS 0x0000000765200000| PB 0x0000000765200000| Untracked 
| 810|0x0000000765400000, 0x0000000765400000, 0x0000000765600000|  0%| F|  |TAMS 0x0000000765400000| PB 0x0000000765400000| Untracked 
| 811|0x0000000765600000, 0x0000000765600000, 0x0000000765800000|  0%| F|  |TAMS 0x0000000765600000| PB 0x0000000765600000| Untracked 
| 812|0x0000000765800000, 0x0000000765800000, 0x0000000765a00000|  0%| F|  |TAMS 0x0000000765800000| PB 0x0000000765800000| Untracked 
| 813|0x0000000765a00000, 0x0000000765a00000, 0x0000000765c00000|  0%| F|  |TAMS 0x0000000765a00000| PB 0x0000000765a00000| Untracked 
| 814|0x0000000765c00000, 0x0000000765c00000, 0x0000000765e00000|  0%| F|  |TAMS 0x0000000765c00000| PB 0x0000000765c00000| Untracked 
| 815|0x0000000765e00000, 0x0000000765e00000, 0x0000000766000000|  0%| F|  |TAMS 0x0000000765e00000| PB 0x0000000765e00000| Untracked 
| 816|0x0000000766000000, 0x0000000766000000, 0x0000000766200000|  0%| F|  |TAMS 0x0000000766000000| PB 0x0000000766000000| Untracked 
| 817|0x0000000766200000, 0x0000000766200000, 0x0000000766400000|  0%| F|  |TAMS 0x0000000766200000| PB 0x0000000766200000| Untracked 
| 818|0x0000000766400000, 0x0000000766400000, 0x0000000766600000|  0%| F|  |TAMS 0x0000000766400000| PB 0x0000000766400000| Untracked 
| 819|0x0000000766600000, 0x0000000766600000, 0x0000000766800000|  0%| F|  |TAMS 0x0000000766600000| PB 0x0000000766600000| Untracked 
| 820|0x0000000766800000, 0x0000000766800000, 0x0000000766a00000|  0%| F|  |TAMS 0x0000000766800000| PB 0x0000000766800000| Untracked 
| 821|0x0000000766a00000, 0x0000000766a00000, 0x0000000766c00000|  0%| F|  |TAMS 0x0000000766a00000| PB 0x0000000766a00000| Untracked 
| 822|0x0000000766c00000, 0x0000000766c00000, 0x0000000766e00000|  0%| F|  |TAMS 0x0000000766c00000| PB 0x0000000766c00000| Untracked 
| 823|0x0000000766e00000, 0x0000000766e00000, 0x0000000767000000|  0%| F|  |TAMS 0x0000000766e00000| PB 0x0000000766e00000| Untracked 
| 824|0x0000000767000000, 0x0000000767000000, 0x0000000767200000|  0%| F|  |TAMS 0x0000000767000000| PB 0x0000000767000000| Untracked 
| 825|0x0000000767200000, 0x0000000767200000, 0x0000000767400000|  0%| F|  |TAMS 0x0000000767200000| PB 0x0000000767200000| Untracked 
| 826|0x0000000767400000, 0x0000000767400000, 0x0000000767600000|  0%| F|  |TAMS 0x0000000767400000| PB 0x0000000767400000| Untracked 
| 827|0x0000000767600000, 0x0000000767600000, 0x0000000767800000|  0%| F|  |TAMS 0x0000000767600000| PB 0x0000000767600000| Untracked 
| 828|0x0000000767800000, 0x0000000767800000, 0x0000000767a00000|  0%| F|  |TAMS 0x0000000767800000| PB 0x0000000767800000| Untracked 
| 829|0x0000000767a00000, 0x0000000767a00000, 0x0000000767c00000|  0%| F|  |TAMS 0x0000000767a00000| PB 0x0000000767a00000| Untracked 
| 830|0x0000000767c00000, 0x0000000767c00000, 0x0000000767e00000|  0%| F|  |TAMS 0x0000000767c00000| PB 0x0000000767c00000| Untracked 
| 831|0x0000000767e00000, 0x0000000767e00000, 0x0000000768000000|  0%| F|  |TAMS 0x0000000767e00000| PB 0x0000000767e00000| Untracked 
| 832|0x0000000768000000, 0x0000000768000000, 0x0000000768200000|  0%| F|  |TAMS 0x0000000768000000| PB 0x0000000768000000| Untracked 
| 833|0x0000000768200000, 0x0000000768200000, 0x0000000768400000|  0%| F|  |TAMS 0x0000000768200000| PB 0x0000000768200000| Untracked 
| 834|0x0000000768400000, 0x0000000768400000, 0x0000000768600000|  0%| F|  |TAMS 0x0000000768400000| PB 0x0000000768400000| Untracked 
| 835|0x0000000768600000, 0x0000000768600000, 0x0000000768800000|  0%| F|  |TAMS 0x0000000768600000| PB 0x0000000768600000| Untracked 
| 836|0x0000000768800000, 0x0000000768800000, 0x0000000768a00000|  0%| F|  |TAMS 0x0000000768800000| PB 0x0000000768800000| Untracked 
| 837|0x0000000768a00000, 0x0000000768a00000, 0x0000000768c00000|  0%| F|  |TAMS 0x0000000768a00000| PB 0x0000000768a00000| Untracked 
| 838|0x0000000768c00000, 0x0000000768c00000, 0x0000000768e00000|  0%| F|  |TAMS 0x0000000768c00000| PB 0x0000000768c00000| Untracked 
| 839|0x0000000768e00000, 0x0000000768e00000, 0x0000000769000000|  0%| F|  |TAMS 0x0000000768e00000| PB 0x0000000768e00000| Untracked 
| 840|0x0000000769000000, 0x0000000769000000, 0x0000000769200000|  0%| F|  |TAMS 0x0000000769000000| PB 0x0000000769000000| Untracked 
| 841|0x0000000769200000, 0x0000000769200000, 0x0000000769400000|  0%| F|  |TAMS 0x0000000769200000| PB 0x0000000769200000| Untracked 
| 842|0x0000000769400000, 0x0000000769400000, 0x0000000769600000|  0%| F|  |TAMS 0x0000000769400000| PB 0x0000000769400000| Untracked 
| 843|0x0000000769600000, 0x0000000769600000, 0x0000000769800000|  0%| F|  |TAMS 0x0000000769600000| PB 0x0000000769600000| Untracked 
| 844|0x0000000769800000, 0x0000000769800000, 0x0000000769a00000|  0%| F|  |TAMS 0x0000000769800000| PB 0x0000000769800000| Untracked 
| 845|0x0000000769a00000, 0x0000000769a00000, 0x0000000769c00000|  0%| F|  |TAMS 0x0000000769a00000| PB 0x0000000769a00000| Untracked 
| 846|0x0000000769c00000, 0x0000000769c00000, 0x0000000769e00000|  0%| F|  |TAMS 0x0000000769c00000| PB 0x0000000769c00000| Untracked 
| 847|0x0000000769e00000, 0x0000000769e00000, 0x000000076a000000|  0%| F|  |TAMS 0x0000000769e00000| PB 0x0000000769e00000| Untracked 
| 848|0x000000076a000000, 0x000000076a000000, 0x000000076a200000|  0%| F|  |TAMS 0x000000076a000000| PB 0x000000076a000000| Untracked 
| 849|0x000000076a200000, 0x000000076a200000, 0x000000076a400000|  0%| F|  |TAMS 0x000000076a200000| PB 0x000000076a200000| Untracked 
| 850|0x000000076a400000, 0x000000076a400000, 0x000000076a600000|  0%| F|  |TAMS 0x000000076a400000| PB 0x000000076a400000| Untracked 
| 851|0x000000076a600000, 0x000000076a600000, 0x000000076a800000|  0%| F|  |TAMS 0x000000076a600000| PB 0x000000076a600000| Untracked 
| 852|0x000000076a800000, 0x000000076a800000, 0x000000076aa00000|  0%| F|  |TAMS 0x000000076a800000| PB 0x000000076a800000| Untracked 
| 853|0x000000076aa00000, 0x000000076aa00000, 0x000000076ac00000|  0%| F|  |TAMS 0x000000076aa00000| PB 0x000000076aa00000| Untracked 
| 854|0x000000076ac00000, 0x000000076ac00000, 0x000000076ae00000|  0%| F|  |TAMS 0x000000076ac00000| PB 0x000000076ac00000| Untracked 
| 855|0x000000076ae00000, 0x000000076ae00000, 0x000000076b000000|  0%| F|  |TAMS 0x000000076ae00000| PB 0x000000076ae00000| Untracked 
| 856|0x000000076b000000, 0x000000076b000000, 0x000000076b200000|  0%| F|  |TAMS 0x000000076b000000| PB 0x000000076b000000| Untracked 
| 857|0x000000076b200000, 0x000000076b200000, 0x000000076b400000|  0%| F|  |TAMS 0x000000076b200000| PB 0x000000076b200000| Untracked 
| 858|0x000000076b400000, 0x000000076b400000, 0x000000076b600000|  0%| F|  |TAMS 0x000000076b400000| PB 0x000000076b400000| Untracked 
| 859|0x000000076b600000, 0x000000076b600000, 0x000000076b800000|  0%| F|  |TAMS 0x000000076b600000| PB 0x000000076b600000| Untracked 
| 860|0x000000076b800000, 0x000000076b800000, 0x000000076ba00000|  0%| F|  |TAMS 0x000000076b800000| PB 0x000000076b800000| Untracked 
| 861|0x000000076ba00000, 0x000000076ba00000, 0x000000076bc00000|  0%| F|  |TAMS 0x000000076ba00000| PB 0x000000076ba00000| Untracked 
| 862|0x000000076bc00000, 0x000000076bc00000, 0x000000076be00000|  0%| F|  |TAMS 0x000000076bc00000| PB 0x000000076bc00000| Untracked 
| 863|0x000000076be00000, 0x000000076be00000, 0x000000076c000000|  0%| F|  |TAMS 0x000000076be00000| PB 0x000000076be00000| Untracked 
| 864|0x000000076c000000, 0x000000076c000000, 0x000000076c200000|  0%| F|  |TAMS 0x000000076c000000| PB 0x000000076c000000| Untracked 
| 865|0x000000076c200000, 0x000000076c200000, 0x000000076c400000|  0%| F|  |TAMS 0x000000076c200000| PB 0x000000076c200000| Untracked 
| 866|0x000000076c400000, 0x000000076c400000, 0x000000076c600000|  0%| F|  |TAMS 0x000000076c400000| PB 0x000000076c400000| Untracked 
| 867|0x000000076c600000, 0x000000076c600000, 0x000000076c800000|  0%| F|  |TAMS 0x000000076c600000| PB 0x000000076c600000| Untracked 
| 868|0x000000076c800000, 0x000000076c800000, 0x000000076ca00000|  0%| F|  |TAMS 0x000000076c800000| PB 0x000000076c800000| Untracked 
| 869|0x000000076ca00000, 0x000000076ca00000, 0x000000076cc00000|  0%| F|  |TAMS 0x000000076ca00000| PB 0x000000076ca00000| Untracked 
| 870|0x000000076cc00000, 0x000000076cc00000, 0x000000076ce00000|  0%| F|  |TAMS 0x000000076cc00000| PB 0x000000076cc00000| Untracked 
| 871|0x000000076ce00000, 0x000000076ce00000, 0x000000076d000000|  0%| F|  |TAMS 0x000000076ce00000| PB 0x000000076ce00000| Untracked 
| 872|0x000000076d000000, 0x000000076d000000, 0x000000076d200000|  0%| F|  |TAMS 0x000000076d000000| PB 0x000000076d000000| Untracked 
| 873|0x000000076d200000, 0x000000076d200000, 0x000000076d400000|  0%| F|  |TAMS 0x000000076d200000| PB 0x000000076d200000| Untracked 
| 874|0x000000076d400000, 0x000000076d400000, 0x000000076d600000|  0%| F|  |TAMS 0x000000076d400000| PB 0x000000076d400000| Untracked 
| 875|0x000000076d600000, 0x000000076d600000, 0x000000076d800000|  0%| F|  |TAMS 0x000000076d600000| PB 0x000000076d600000| Untracked 
| 876|0x000000076d800000, 0x000000076d800000, 0x000000076da00000|  0%| F|  |TAMS 0x000000076d800000| PB 0x000000076d800000| Untracked 
| 877|0x000000076da00000, 0x000000076da00000, 0x000000076dc00000|  0%| F|  |TAMS 0x000000076da00000| PB 0x000000076da00000| Untracked 
| 878|0x000000076dc00000, 0x000000076dc00000, 0x000000076de00000|  0%| F|  |TAMS 0x000000076dc00000| PB 0x000000076dc00000| Untracked 
| 879|0x000000076de00000, 0x000000076de00000, 0x000000076e000000|  0%| F|  |TAMS 0x000000076de00000| PB 0x000000076de00000| Untracked 
| 880|0x000000076e000000, 0x000000076e000000, 0x000000076e200000|  0%| F|  |TAMS 0x000000076e000000| PB 0x000000076e000000| Untracked 
| 881|0x000000076e200000, 0x000000076e200000, 0x000000076e400000|  0%| F|  |TAMS 0x000000076e200000| PB 0x000000076e200000| Untracked 
| 882|0x000000076e400000, 0x000000076e400000, 0x000000076e600000|  0%| F|  |TAMS 0x000000076e400000| PB 0x000000076e400000| Untracked 
| 883|0x000000076e600000, 0x000000076e600000, 0x000000076e800000|  0%| F|  |TAMS 0x000000076e600000| PB 0x000000076e600000| Untracked 
| 884|0x000000076e800000, 0x000000076e800000, 0x000000076ea00000|  0%| F|  |TAMS 0x000000076e800000| PB 0x000000076e800000| Untracked 
| 885|0x000000076ea00000, 0x000000076ea00000, 0x000000076ec00000|  0%| F|  |TAMS 0x000000076ea00000| PB 0x000000076ea00000| Untracked 
| 886|0x000000076ec00000, 0x000000076ec00000, 0x000000076ee00000|  0%| F|  |TAMS 0x000000076ec00000| PB 0x000000076ec00000| Untracked 
| 887|0x000000076ee00000, 0x000000076ee00000, 0x000000076f000000|  0%| F|  |TAMS 0x000000076ee00000| PB 0x000000076ee00000| Untracked 
| 888|0x000000076f000000, 0x000000076f000000, 0x000000076f200000|  0%| F|  |TAMS 0x000000076f000000| PB 0x000000076f000000| Untracked 
| 889|0x000000076f200000, 0x000000076f200000, 0x000000076f400000|  0%| F|  |TAMS 0x000000076f200000| PB 0x000000076f200000| Untracked 
| 890|0x000000076f400000, 0x000000076f400000, 0x000000076f600000|  0%| F|  |TAMS 0x000000076f400000| PB 0x000000076f400000| Untracked 
| 891|0x000000076f600000, 0x000000076f600000, 0x000000076f800000|  0%| F|  |TAMS 0x000000076f600000| PB 0x000000076f600000| Untracked 
| 892|0x000000076f800000, 0x000000076f800000, 0x000000076fa00000|  0%| F|  |TAMS 0x000000076f800000| PB 0x000000076f800000| Untracked 
| 893|0x000000076fa00000, 0x000000076fa00000, 0x000000076fc00000|  0%| F|  |TAMS 0x000000076fa00000| PB 0x000000076fa00000| Untracked 
| 894|0x000000076fc00000, 0x000000076fc00000, 0x000000076fe00000|  0%| F|  |TAMS 0x000000076fc00000| PB 0x000000076fc00000| Untracked 
| 895|0x000000076fe00000, 0x000000076fe00000, 0x0000000770000000|  0%| F|  |TAMS 0x000000076fe00000| PB 0x000000076fe00000| Untracked 
| 896|0x0000000770000000, 0x0000000770000000, 0x0000000770200000|  0%| F|  |TAMS 0x0000000770000000| PB 0x0000000770000000| Untracked 
| 897|0x0000000770200000, 0x0000000770200000, 0x0000000770400000|  0%| F|  |TAMS 0x0000000770200000| PB 0x0000000770200000| Untracked 
| 898|0x0000000770400000, 0x0000000770400000, 0x0000000770600000|  0%| F|  |TAMS 0x0000000770400000| PB 0x0000000770400000| Untracked 
| 899|0x0000000770600000, 0x0000000770600000, 0x0000000770800000|  0%| F|  |TAMS 0x0000000770600000| PB 0x0000000770600000| Untracked 
| 900|0x0000000770800000, 0x0000000770800000, 0x0000000770a00000|  0%| F|  |TAMS 0x0000000770800000| PB 0x0000000770800000| Untracked 
| 901|0x0000000770a00000, 0x0000000770a00000, 0x0000000770c00000|  0%| F|  |TAMS 0x0000000770a00000| PB 0x0000000770a00000| Untracked 
| 902|0x0000000770c00000, 0x0000000770c00000, 0x0000000770e00000|  0%| F|  |TAMS 0x0000000770c00000| PB 0x0000000770c00000| Untracked 
| 903|0x0000000770e00000, 0x0000000770e00000, 0x0000000771000000|  0%| F|  |TAMS 0x0000000770e00000| PB 0x0000000770e00000| Untracked 
| 904|0x0000000771000000, 0x0000000771000000, 0x0000000771200000|  0%| F|  |TAMS 0x0000000771000000| PB 0x0000000771000000| Untracked 
| 905|0x0000000771200000, 0x0000000771200000, 0x0000000771400000|  0%| F|  |TAMS 0x0000000771200000| PB 0x0000000771200000| Untracked 
| 906|0x0000000771400000, 0x0000000771400000, 0x0000000771600000|  0%| F|  |TAMS 0x0000000771400000| PB 0x0000000771400000| Untracked 
| 907|0x0000000771600000, 0x0000000771600000, 0x0000000771800000|  0%| F|  |TAMS 0x0000000771600000| PB 0x0000000771600000| Untracked 
| 908|0x0000000771800000, 0x0000000771800000, 0x0000000771a00000|  0%| F|  |TAMS 0x0000000771800000| PB 0x0000000771800000| Untracked 
| 909|0x0000000771a00000, 0x0000000771a00000, 0x0000000771c00000|  0%| F|  |TAMS 0x0000000771a00000| PB 0x0000000771a00000| Untracked 
| 910|0x0000000771c00000, 0x0000000771c00000, 0x0000000771e00000|  0%| F|  |TAMS 0x0000000771c00000| PB 0x0000000771c00000| Untracked 
| 911|0x0000000771e00000, 0x0000000771e00000, 0x0000000772000000|  0%| F|  |TAMS 0x0000000771e00000| PB 0x0000000771e00000| Untracked 
| 912|0x0000000772000000, 0x0000000772000000, 0x0000000772200000|  0%| F|  |TAMS 0x0000000772000000| PB 0x0000000772000000| Untracked 
| 913|0x0000000772200000, 0x0000000772200000, 0x0000000772400000|  0%| F|  |TAMS 0x0000000772200000| PB 0x0000000772200000| Untracked 
| 914|0x0000000772400000, 0x0000000772400000, 0x0000000772600000|  0%| F|  |TAMS 0x0000000772400000| PB 0x0000000772400000| Untracked 
| 915|0x0000000772600000, 0x0000000772600000, 0x0000000772800000|  0%| F|  |TAMS 0x0000000772600000| PB 0x0000000772600000| Untracked 
| 916|0x0000000772800000, 0x0000000772800000, 0x0000000772a00000|  0%| F|  |TAMS 0x0000000772800000| PB 0x0000000772800000| Untracked 
| 917|0x0000000772a00000, 0x0000000772a00000, 0x0000000772c00000|  0%| F|  |TAMS 0x0000000772a00000| PB 0x0000000772a00000| Untracked 
| 918|0x0000000772c00000, 0x0000000772c00000, 0x0000000772e00000|  0%| F|  |TAMS 0x0000000772c00000| PB 0x0000000772c00000| Untracked 
| 919|0x0000000772e00000, 0x0000000772e00000, 0x0000000773000000|  0%| F|  |TAMS 0x0000000772e00000| PB 0x0000000772e00000| Untracked 
| 920|0x0000000773000000, 0x0000000773000000, 0x0000000773200000|  0%| F|  |TAMS 0x0000000773000000| PB 0x0000000773000000| Untracked 
| 921|0x0000000773200000, 0x0000000773200000, 0x0000000773400000|  0%| F|  |TAMS 0x0000000773200000| PB 0x0000000773200000| Untracked 
| 922|0x0000000773400000, 0x0000000773400000, 0x0000000773600000|  0%| F|  |TAMS 0x0000000773400000| PB 0x0000000773400000| Untracked 
| 923|0x0000000773600000, 0x0000000773600000, 0x0000000773800000|  0%| F|  |TAMS 0x0000000773600000| PB 0x0000000773600000| Untracked 
| 924|0x0000000773800000, 0x0000000773800000, 0x0000000773a00000|  0%| F|  |TAMS 0x0000000773800000| PB 0x0000000773800000| Untracked 
| 925|0x0000000773a00000, 0x0000000773a00000, 0x0000000773c00000|  0%| F|  |TAMS 0x0000000773a00000| PB 0x0000000773a00000| Untracked 
| 926|0x0000000773c00000, 0x0000000773c00000, 0x0000000773e00000|  0%| F|  |TAMS 0x0000000773c00000| PB 0x0000000773c00000| Untracked 
| 927|0x0000000773e00000, 0x0000000773e00000, 0x0000000774000000|  0%| F|  |TAMS 0x0000000773e00000| PB 0x0000000773e00000| Untracked 
| 928|0x0000000774000000, 0x0000000774000000, 0x0000000774200000|  0%| F|  |TAMS 0x0000000774000000| PB 0x0000000774000000| Untracked 
| 929|0x0000000774200000, 0x0000000774200000, 0x0000000774400000|  0%| F|  |TAMS 0x0000000774200000| PB 0x0000000774200000| Untracked 
| 930|0x0000000774400000, 0x0000000774400000, 0x0000000774600000|  0%| F|  |TAMS 0x0000000774400000| PB 0x0000000774400000| Untracked 
| 931|0x0000000774600000, 0x0000000774600000, 0x0000000774800000|  0%| F|  |TAMS 0x0000000774600000| PB 0x0000000774600000| Untracked 
| 932|0x0000000774800000, 0x0000000774800000, 0x0000000774a00000|  0%| F|  |TAMS 0x0000000774800000| PB 0x0000000774800000| Untracked 
| 933|0x0000000774a00000, 0x0000000774a00000, 0x0000000774c00000|  0%| F|  |TAMS 0x0000000774a00000| PB 0x0000000774a00000| Untracked 
| 934|0x0000000774c00000, 0x0000000774c00000, 0x0000000774e00000|  0%| F|  |TAMS 0x0000000774c00000| PB 0x0000000774c00000| Untracked 
| 935|0x0000000774e00000, 0x0000000774e00000, 0x0000000775000000|  0%| F|  |TAMS 0x0000000774e00000| PB 0x0000000774e00000| Untracked 
| 936|0x0000000775000000, 0x0000000775000000, 0x0000000775200000|  0%| F|  |TAMS 0x0000000775000000| PB 0x0000000775000000| Untracked 
| 937|0x0000000775200000, 0x0000000775200000, 0x0000000775400000|  0%| F|  |TAMS 0x0000000775200000| PB 0x0000000775200000| Untracked 
| 938|0x0000000775400000, 0x0000000775400000, 0x0000000775600000|  0%| F|  |TAMS 0x0000000775400000| PB 0x0000000775400000| Untracked 
| 939|0x0000000775600000, 0x0000000775600000, 0x0000000775800000|  0%| F|  |TAMS 0x0000000775600000| PB 0x0000000775600000| Untracked 
| 940|0x0000000775800000, 0x0000000775800000, 0x0000000775a00000|  0%| F|  |TAMS 0x0000000775800000| PB 0x0000000775800000| Untracked 
| 941|0x0000000775a00000, 0x0000000775a00000, 0x0000000775c00000|  0%| F|  |TAMS 0x0000000775a00000| PB 0x0000000775a00000| Untracked 
| 942|0x0000000775c00000, 0x0000000775c00000, 0x0000000775e00000|  0%| F|  |TAMS 0x0000000775c00000| PB 0x0000000775c00000| Untracked 
| 943|0x0000000775e00000, 0x0000000775e00000, 0x0000000776000000|  0%| F|  |TAMS 0x0000000775e00000| PB 0x0000000775e00000| Untracked 
| 944|0x0000000776000000, 0x0000000776000000, 0x0000000776200000|  0%| F|  |TAMS 0x0000000776000000| PB 0x0000000776000000| Untracked 
| 945|0x0000000776200000, 0x0000000776200000, 0x0000000776400000|  0%| F|  |TAMS 0x0000000776200000| PB 0x0000000776200000| Untracked 
| 946|0x0000000776400000, 0x0000000776400000, 0x0000000776600000|  0%| F|  |TAMS 0x0000000776400000| PB 0x0000000776400000| Untracked 
| 947|0x0000000776600000, 0x0000000776600000, 0x0000000776800000|  0%| F|  |TAMS 0x0000000776600000| PB 0x0000000776600000| Untracked 
| 948|0x0000000776800000, 0x0000000776800000, 0x0000000776a00000|  0%| F|  |TAMS 0x0000000776800000| PB 0x0000000776800000| Untracked 
| 949|0x0000000776a00000, 0x0000000776a00000, 0x0000000776c00000|  0%| F|  |TAMS 0x0000000776a00000| PB 0x0000000776a00000| Untracked 
| 950|0x0000000776c00000, 0x0000000776c00000, 0x0000000776e00000|  0%| F|  |TAMS 0x0000000776c00000| PB 0x0000000776c00000| Untracked 
| 951|0x0000000776e00000, 0x0000000776e00000, 0x0000000777000000|  0%| F|  |TAMS 0x0000000776e00000| PB 0x0000000776e00000| Untracked 
| 952|0x0000000777000000, 0x0000000777000000, 0x0000000777200000|  0%| F|  |TAMS 0x0000000777000000| PB 0x0000000777000000| Untracked 
| 953|0x0000000777200000, 0x0000000777200000, 0x0000000777400000|  0%| F|  |TAMS 0x0000000777200000| PB 0x0000000777200000| Untracked 
| 954|0x0000000777400000, 0x0000000777400000, 0x0000000777600000|  0%| F|  |TAMS 0x0000000777400000| PB 0x0000000777400000| Untracked 
| 955|0x0000000777600000, 0x0000000777600000, 0x0000000777800000|  0%| F|  |TAMS 0x0000000777600000| PB 0x0000000777600000| Untracked 
| 956|0x0000000777800000, 0x0000000777800000, 0x0000000777a00000|  0%| F|  |TAMS 0x0000000777800000| PB 0x0000000777800000| Untracked 
| 957|0x0000000777a00000, 0x0000000777a00000, 0x0000000777c00000|  0%| F|  |TAMS 0x0000000777a00000| PB 0x0000000777a00000| Untracked 
| 958|0x0000000777c00000, 0x0000000777c00000, 0x0000000777e00000|  0%| F|  |TAMS 0x0000000777c00000| PB 0x0000000777c00000| Untracked 
| 959|0x0000000777e00000, 0x0000000777e00000, 0x0000000778000000|  0%| F|  |TAMS 0x0000000777e00000| PB 0x0000000777e00000| Untracked 
| 960|0x0000000778000000, 0x0000000778000000, 0x0000000778200000|  0%| F|  |TAMS 0x0000000778000000| PB 0x0000000778000000| Untracked 
| 961|0x0000000778200000, 0x0000000778200000, 0x0000000778400000|  0%| F|  |TAMS 0x0000000778200000| PB 0x0000000778200000| Untracked 
| 962|0x0000000778400000, 0x0000000778400000, 0x0000000778600000|  0%| F|  |TAMS 0x0000000778400000| PB 0x0000000778400000| Untracked 
| 963|0x0000000778600000, 0x0000000778600000, 0x0000000778800000|  0%| F|  |TAMS 0x0000000778600000| PB 0x0000000778600000| Untracked 
| 964|0x0000000778800000, 0x0000000778800000, 0x0000000778a00000|  0%| F|  |TAMS 0x0000000778800000| PB 0x0000000778800000| Untracked 
| 965|0x0000000778a00000, 0x0000000778a00000, 0x0000000778c00000|  0%| F|  |TAMS 0x0000000778a00000| PB 0x0000000778a00000| Untracked 
| 966|0x0000000778c00000, 0x0000000778c00000, 0x0000000778e00000|  0%| F|  |TAMS 0x0000000778c00000| PB 0x0000000778c00000| Untracked 
| 967|0x0000000778e00000, 0x0000000778e00000, 0x0000000779000000|  0%| F|  |TAMS 0x0000000778e00000| PB 0x0000000778e00000| Untracked 
| 968|0x0000000779000000, 0x0000000779000000, 0x0000000779200000|  0%| F|  |TAMS 0x0000000779000000| PB 0x0000000779000000| Untracked 
| 969|0x0000000779200000, 0x0000000779200000, 0x0000000779400000|  0%| F|  |TAMS 0x0000000779200000| PB 0x0000000779200000| Untracked 
| 970|0x0000000779400000, 0x0000000779400000, 0x0000000779600000|  0%| F|  |TAMS 0x0000000779400000| PB 0x0000000779400000| Untracked 
| 971|0x0000000779600000, 0x0000000779600000, 0x0000000779800000|  0%| F|  |TAMS 0x0000000779600000| PB 0x0000000779600000| Untracked 
| 972|0x0000000779800000, 0x0000000779800000, 0x0000000779a00000|  0%| F|  |TAMS 0x0000000779800000| PB 0x0000000779800000| Untracked 
| 973|0x0000000779a00000, 0x0000000779a00000, 0x0000000779c00000|  0%| F|  |TAMS 0x0000000779a00000| PB 0x0000000779a00000| Untracked 
| 974|0x0000000779c00000, 0x0000000779c00000, 0x0000000779e00000|  0%| F|  |TAMS 0x0000000779c00000| PB 0x0000000779c00000| Untracked 
| 975|0x0000000779e00000, 0x0000000779e00000, 0x000000077a000000|  0%| F|  |TAMS 0x0000000779e00000| PB 0x0000000779e00000| Untracked 
| 976|0x000000077a000000, 0x000000077a000000, 0x000000077a200000|  0%| F|  |TAMS 0x000000077a000000| PB 0x000000077a000000| Untracked 
| 977|0x000000077a200000, 0x000000077a200000, 0x000000077a400000|  0%| F|  |TAMS 0x000000077a200000| PB 0x000000077a200000| Untracked 
| 978|0x000000077a400000, 0x000000077a400000, 0x000000077a600000|  0%| F|  |TAMS 0x000000077a400000| PB 0x000000077a400000| Untracked 
| 979|0x000000077a600000, 0x000000077a600000, 0x000000077a800000|  0%| F|  |TAMS 0x000000077a600000| PB 0x000000077a600000| Untracked 
| 980|0x000000077a800000, 0x000000077a800000, 0x000000077aa00000|  0%| F|  |TAMS 0x000000077a800000| PB 0x000000077a800000| Untracked 
| 981|0x000000077aa00000, 0x000000077aa00000, 0x000000077ac00000|  0%| F|  |TAMS 0x000000077aa00000| PB 0x000000077aa00000| Untracked 
| 982|0x000000077ac00000, 0x000000077ac00000, 0x000000077ae00000|  0%| F|  |TAMS 0x000000077ac00000| PB 0x000000077ac00000| Untracked 
| 983|0x000000077ae00000, 0x000000077ae00000, 0x000000077b000000|  0%| F|  |TAMS 0x000000077ae00000| PB 0x000000077ae00000| Untracked 
| 984|0x000000077b000000, 0x000000077b000000, 0x000000077b200000|  0%| F|  |TAMS 0x000000077b000000| PB 0x000000077b000000| Untracked 
| 985|0x000000077b200000, 0x000000077b200000, 0x000000077b400000|  0%| F|  |TAMS 0x000000077b200000| PB 0x000000077b200000| Untracked 
| 986|0x000000077b400000, 0x000000077b400000, 0x000000077b600000|  0%| F|  |TAMS 0x000000077b400000| PB 0x000000077b400000| Untracked 
| 987|0x000000077b600000, 0x000000077b600000, 0x000000077b800000|  0%| F|  |TAMS 0x000000077b600000| PB 0x000000077b600000| Untracked 
| 988|0x000000077b800000, 0x000000077b800000, 0x000000077ba00000|  0%| F|  |TAMS 0x000000077b800000| PB 0x000000077b800000| Untracked 
| 989|0x000000077ba00000, 0x000000077ba00000, 0x000000077bc00000|  0%| F|  |TAMS 0x000000077ba00000| PB 0x000000077ba00000| Untracked 
| 990|0x000000077bc00000, 0x000000077bc00000, 0x000000077be00000|  0%| F|  |TAMS 0x000000077bc00000| PB 0x000000077bc00000| Untracked 
| 991|0x000000077be00000, 0x000000077be00000, 0x000000077c000000|  0%| F|  |TAMS 0x000000077be00000| PB 0x000000077be00000| Untracked 
| 992|0x000000077c000000, 0x000000077c000000, 0x000000077c200000|  0%| F|  |TAMS 0x000000077c000000| PB 0x000000077c000000| Untracked 
| 993|0x000000077c200000, 0x000000077c200000, 0x000000077c400000|  0%| F|  |TAMS 0x000000077c200000| PB 0x000000077c200000| Untracked 
| 994|0x000000077c400000, 0x000000077c400000, 0x000000077c600000|  0%| F|  |TAMS 0x000000077c400000| PB 0x000000077c400000| Untracked 
| 995|0x000000077c600000, 0x000000077c600000, 0x000000077c800000|  0%| F|  |TAMS 0x000000077c600000| PB 0x000000077c600000| Untracked 
| 996|0x000000077c800000, 0x000000077c800000, 0x000000077ca00000|  0%| F|  |TAMS 0x000000077c800000| PB 0x000000077c800000| Untracked 
| 997|0x000000077ca00000, 0x000000077ca00000, 0x000000077cc00000|  0%| F|  |TAMS 0x000000077ca00000| PB 0x000000077ca00000| Untracked 
| 998|0x000000077cc00000, 0x000000077cc00000, 0x000000077ce00000|  0%| F|  |TAMS 0x000000077cc00000| PB 0x000000077cc00000| Untracked 
| 999|0x000000077ce00000, 0x000000077ce00000, 0x000000077d000000|  0%| F|  |TAMS 0x000000077ce00000| PB 0x000000077ce00000| Untracked 
|1000|0x000000077d000000, 0x000000077d000000, 0x000000077d200000|  0%| F|  |TAMS 0x000000077d000000| PB 0x000000077d000000| Untracked 
|1001|0x000000077d200000, 0x000000077d200000, 0x000000077d400000|  0%| F|  |TAMS 0x000000077d200000| PB 0x000000077d200000| Untracked 
|1002|0x000000077d400000, 0x000000077d400000, 0x000000077d600000|  0%| F|  |TAMS 0x000000077d400000| PB 0x000000077d400000| Untracked 
|1003|0x000000077d600000, 0x000000077d600000, 0x000000077d800000|  0%| F|  |TAMS 0x000000077d600000| PB 0x000000077d600000| Untracked 
|1004|0x000000077d800000, 0x000000077d800000, 0x000000077da00000|  0%| F|  |TAMS 0x000000077d800000| PB 0x000000077d800000| Untracked 
|1005|0x000000077da00000, 0x000000077da00000, 0x000000077dc00000|  0%| F|  |TAMS 0x000000077da00000| PB 0x000000077da00000| Untracked 
|1006|0x000000077dc00000, 0x000000077dc00000, 0x000000077de00000|  0%| F|  |TAMS 0x000000077dc00000| PB 0x000000077dc00000| Untracked 
|1007|0x000000077de00000, 0x000000077de00000, 0x000000077e000000|  0%| F|  |TAMS 0x000000077de00000| PB 0x000000077de00000| Untracked 
|1008|0x000000077e000000, 0x000000077e000000, 0x000000077e200000|  0%| F|  |TAMS 0x000000077e000000| PB 0x000000077e000000| Untracked 
|1009|0x000000077e200000, 0x000000077e200000, 0x000000077e400000|  0%| F|  |TAMS 0x000000077e200000| PB 0x000000077e200000| Untracked 
|1010|0x000000077e400000, 0x000000077e400000, 0x000000077e600000|  0%| F|  |TAMS 0x000000077e400000| PB 0x000000077e400000| Untracked 
|1011|0x000000077e600000, 0x000000077e600000, 0x000000077e800000|  0%| F|  |TAMS 0x000000077e600000| PB 0x000000077e600000| Untracked 
|1012|0x000000077e800000, 0x000000077e800000, 0x000000077ea00000|  0%| F|  |TAMS 0x000000077e800000| PB 0x000000077e800000| Untracked 
|1013|0x000000077ea00000, 0x000000077ea00000, 0x000000077ec00000|  0%| F|  |TAMS 0x000000077ea00000| PB 0x000000077ea00000| Untracked 
|1014|0x000000077ec00000, 0x000000077ec00000, 0x000000077ee00000|  0%| F|  |TAMS 0x000000077ec00000| PB 0x000000077ec00000| Untracked 
|1015|0x000000077ee00000, 0x000000077ee00000, 0x000000077f000000|  0%| F|  |TAMS 0x000000077ee00000| PB 0x000000077ee00000| Untracked 
|1016|0x000000077f000000, 0x000000077f000000, 0x000000077f200000|  0%| F|  |TAMS 0x000000077f000000| PB 0x000000077f000000| Untracked 
|1017|0x000000077f200000, 0x000000077f200000, 0x000000077f400000|  0%| F|  |TAMS 0x000000077f200000| PB 0x000000077f200000| Untracked 
|1018|0x000000077f400000, 0x000000077f400000, 0x000000077f600000|  0%| F|  |TAMS 0x000000077f400000| PB 0x000000077f400000| Untracked 
|1019|0x000000077f600000, 0x000000077f600000, 0x000000077f800000|  0%| F|  |TAMS 0x000000077f600000| PB 0x000000077f600000| Untracked 
|1020|0x000000077f800000, 0x000000077f800000, 0x000000077fa00000|  0%| F|  |TAMS 0x000000077f800000| PB 0x000000077f800000| Untracked 
|1021|0x000000077fa00000, 0x000000077fa00000, 0x000000077fc00000|  0%| F|  |TAMS 0x000000077fa00000| PB 0x000000077fa00000| Untracked 
|1022|0x000000077fc00000, 0x000000077fc00000, 0x000000077fe00000|  0%| F|  |TAMS 0x000000077fc00000| PB 0x000000077fc00000| Untracked 
|1023|0x000000077fe00000, 0x000000077fe00000, 0x0000000780000000|  0%| F|  |TAMS 0x000000077fe00000| PB 0x000000077fe00000| Untracked 
|1024|0x0000000780000000, 0x0000000780000000, 0x0000000780200000|  0%| F|  |TAMS 0x0000000780000000| PB 0x0000000780000000| Untracked 
|1025|0x0000000780200000, 0x0000000780200000, 0x0000000780400000|  0%| F|  |TAMS 0x0000000780200000| PB 0x0000000780200000| Untracked 
|1026|0x0000000780400000, 0x0000000780400000, 0x0000000780600000|  0%| F|  |TAMS 0x0000000780400000| PB 0x0000000780400000| Untracked 
|1027|0x0000000780600000, 0x0000000780600000, 0x0000000780800000|  0%| F|  |TAMS 0x0000000780600000| PB 0x0000000780600000| Untracked 
|1028|0x0000000780800000, 0x0000000780800000, 0x0000000780a00000|  0%| F|  |TAMS 0x0000000780800000| PB 0x0000000780800000| Untracked 
|1029|0x0000000780a00000, 0x0000000780a00000, 0x0000000780c00000|  0%| F|  |TAMS 0x0000000780a00000| PB 0x0000000780a00000| Untracked 
|1030|0x0000000780c00000, 0x0000000780c00000, 0x0000000780e00000|  0%| F|  |TAMS 0x0000000780c00000| PB 0x0000000780c00000| Untracked 
|1031|0x0000000780e00000, 0x0000000780e00000, 0x0000000781000000|  0%| F|  |TAMS 0x0000000780e00000| PB 0x0000000780e00000| Untracked 
|1032|0x0000000781000000, 0x0000000781000000, 0x0000000781200000|  0%| F|  |TAMS 0x0000000781000000| PB 0x0000000781000000| Untracked 
|1033|0x0000000781200000, 0x0000000781200000, 0x0000000781400000|  0%| F|  |TAMS 0x0000000781200000| PB 0x0000000781200000| Untracked 
|1034|0x0000000781400000, 0x0000000781400000, 0x0000000781600000|  0%| F|  |TAMS 0x0000000781400000| PB 0x0000000781400000| Untracked 
|1035|0x0000000781600000, 0x0000000781600000, 0x0000000781800000|  0%| F|  |TAMS 0x0000000781600000| PB 0x0000000781600000| Untracked 
|1036|0x0000000781800000, 0x0000000781800000, 0x0000000781a00000|  0%| F|  |TAMS 0x0000000781800000| PB 0x0000000781800000| Untracked 
|1037|0x0000000781a00000, 0x0000000781a00000, 0x0000000781c00000|  0%| F|  |TAMS 0x0000000781a00000| PB 0x0000000781a00000| Untracked 
|1038|0x0000000781c00000, 0x0000000781c00000, 0x0000000781e00000|  0%| F|  |TAMS 0x0000000781c00000| PB 0x0000000781c00000| Untracked 
|1039|0x0000000781e00000, 0x0000000781e00000, 0x0000000782000000|  0%| F|  |TAMS 0x0000000781e00000| PB 0x0000000781e00000| Untracked 
|1040|0x0000000782000000, 0x0000000782000000, 0x0000000782200000|  0%| F|  |TAMS 0x0000000782000000| PB 0x0000000782000000| Untracked 
|1041|0x0000000782200000, 0x0000000782200000, 0x0000000782400000|  0%| F|  |TAMS 0x0000000782200000| PB 0x0000000782200000| Untracked 
|1042|0x0000000782400000, 0x0000000782400000, 0x0000000782600000|  0%| F|  |TAMS 0x0000000782400000| PB 0x0000000782400000| Untracked 
|1043|0x0000000782600000, 0x0000000782600000, 0x0000000782800000|  0%| F|  |TAMS 0x0000000782600000| PB 0x0000000782600000| Untracked 
|1044|0x0000000782800000, 0x0000000782800000, 0x0000000782a00000|  0%| F|  |TAMS 0x0000000782800000| PB 0x0000000782800000| Untracked 
|1045|0x0000000782a00000, 0x0000000782a00000, 0x0000000782c00000|  0%| F|  |TAMS 0x0000000782a00000| PB 0x0000000782a00000| Untracked 
|1046|0x0000000782c00000, 0x0000000782c00000, 0x0000000782e00000|  0%| F|  |TAMS 0x0000000782c00000| PB 0x0000000782c00000| Untracked 
|1047|0x0000000782e00000, 0x0000000782e00000, 0x0000000783000000|  0%| F|  |TAMS 0x0000000782e00000| PB 0x0000000782e00000| Untracked 
|1048|0x0000000783000000, 0x0000000783000000, 0x0000000783200000|  0%| F|  |TAMS 0x0000000783000000| PB 0x0000000783000000| Untracked 
|1049|0x0000000783200000, 0x0000000783200000, 0x0000000783400000|  0%| F|  |TAMS 0x0000000783200000| PB 0x0000000783200000| Untracked 
|1050|0x0000000783400000, 0x0000000783400000, 0x0000000783600000|  0%| F|  |TAMS 0x0000000783400000| PB 0x0000000783400000| Untracked 
|1051|0x0000000783600000, 0x0000000783600000, 0x0000000783800000|  0%| F|  |TAMS 0x0000000783600000| PB 0x0000000783600000| Untracked 
|1052|0x0000000783800000, 0x0000000783800000, 0x0000000783a00000|  0%| F|  |TAMS 0x0000000783800000| PB 0x0000000783800000| Untracked 
|1053|0x0000000783a00000, 0x0000000783a00000, 0x0000000783c00000|  0%| F|  |TAMS 0x0000000783a00000| PB 0x0000000783a00000| Untracked 
|1054|0x0000000783c00000, 0x0000000783c00000, 0x0000000783e00000|  0%| F|  |TAMS 0x0000000783c00000| PB 0x0000000783c00000| Untracked 
|1055|0x0000000783e00000, 0x0000000783e00000, 0x0000000784000000|  0%| F|  |TAMS 0x0000000783e00000| PB 0x0000000783e00000| Untracked 
|1056|0x0000000784000000, 0x0000000784000000, 0x0000000784200000|  0%| F|  |TAMS 0x0000000784000000| PB 0x0000000784000000| Untracked 
|1057|0x0000000784200000, 0x0000000784200000, 0x0000000784400000|  0%| F|  |TAMS 0x0000000784200000| PB 0x0000000784200000| Untracked 
|1058|0x0000000784400000, 0x0000000784400000, 0x0000000784600000|  0%| F|  |TAMS 0x0000000784400000| PB 0x0000000784400000| Untracked 
|1059|0x0000000784600000, 0x0000000784600000, 0x0000000784800000|  0%| F|  |TAMS 0x0000000784600000| PB 0x0000000784600000| Untracked 
|1060|0x0000000784800000, 0x0000000784800000, 0x0000000784a00000|  0%| F|  |TAMS 0x0000000784800000| PB 0x0000000784800000| Untracked 
|1061|0x0000000784a00000, 0x0000000784a00000, 0x0000000784c00000|  0%| F|  |TAMS 0x0000000784a00000| PB 0x0000000784a00000| Untracked 
|1062|0x0000000784c00000, 0x0000000784c00000, 0x0000000784e00000|  0%| F|  |TAMS 0x0000000784c00000| PB 0x0000000784c00000| Untracked 
|1063|0x0000000784e00000, 0x0000000784e00000, 0x0000000785000000|  0%| F|  |TAMS 0x0000000784e00000| PB 0x0000000784e00000| Untracked 
|1064|0x0000000785000000, 0x0000000785000000, 0x0000000785200000|  0%| F|  |TAMS 0x0000000785000000| PB 0x0000000785000000| Untracked 
|1065|0x0000000785200000, 0x0000000785200000, 0x0000000785400000|  0%| F|  |TAMS 0x0000000785200000| PB 0x0000000785200000| Untracked 
|1066|0x0000000785400000, 0x0000000785400000, 0x0000000785600000|  0%| F|  |TAMS 0x0000000785400000| PB 0x0000000785400000| Untracked 
|1067|0x0000000785600000, 0x0000000785600000, 0x0000000785800000|  0%| F|  |TAMS 0x0000000785600000| PB 0x0000000785600000| Untracked 
|1068|0x0000000785800000, 0x0000000785800000, 0x0000000785a00000|  0%| F|  |TAMS 0x0000000785800000| PB 0x0000000785800000| Untracked 
|1069|0x0000000785a00000, 0x0000000785a00000, 0x0000000785c00000|  0%| F|  |TAMS 0x0000000785a00000| PB 0x0000000785a00000| Untracked 
|1070|0x0000000785c00000, 0x0000000785c00000, 0x0000000785e00000|  0%| F|  |TAMS 0x0000000785c00000| PB 0x0000000785c00000| Untracked 
|1071|0x0000000785e00000, 0x0000000785e00000, 0x0000000786000000|  0%| F|  |TAMS 0x0000000785e00000| PB 0x0000000785e00000| Untracked 
|1072|0x0000000786000000, 0x0000000786000000, 0x0000000786200000|  0%| F|  |TAMS 0x0000000786000000| PB 0x0000000786000000| Untracked 
|1073|0x0000000786200000, 0x0000000786200000, 0x0000000786400000|  0%| F|  |TAMS 0x0000000786200000| PB 0x0000000786200000| Untracked 
|1074|0x0000000786400000, 0x0000000786400000, 0x0000000786600000|  0%| F|  |TAMS 0x0000000786400000| PB 0x0000000786400000| Untracked 
|1075|0x0000000786600000, 0x0000000786600000, 0x0000000786800000|  0%| F|  |TAMS 0x0000000786600000| PB 0x0000000786600000| Untracked 
|1076|0x0000000786800000, 0x0000000786800000, 0x0000000786a00000|  0%| F|  |TAMS 0x0000000786800000| PB 0x0000000786800000| Untracked 
|1077|0x0000000786a00000, 0x0000000786a00000, 0x0000000786c00000|  0%| F|  |TAMS 0x0000000786a00000| PB 0x0000000786a00000| Untracked 
|1078|0x0000000786c00000, 0x0000000786c00000, 0x0000000786e00000|  0%| F|  |TAMS 0x0000000786c00000| PB 0x0000000786c00000| Untracked 
|1079|0x0000000786e00000, 0x0000000786e00000, 0x0000000787000000|  0%| F|  |TAMS 0x0000000786e00000| PB 0x0000000786e00000| Untracked 
|1080|0x0000000787000000, 0x0000000787000000, 0x0000000787200000|  0%| F|  |TAMS 0x0000000787000000| PB 0x0000000787000000| Untracked 
|1081|0x0000000787200000, 0x0000000787200000, 0x0000000787400000|  0%| F|  |TAMS 0x0000000787200000| PB 0x0000000787200000| Untracked 
|1082|0x0000000787400000, 0x0000000787400000, 0x0000000787600000|  0%| F|  |TAMS 0x0000000787400000| PB 0x0000000787400000| Untracked 
|1083|0x0000000787600000, 0x0000000787600000, 0x0000000787800000|  0%| F|  |TAMS 0x0000000787600000| PB 0x0000000787600000| Untracked 
|1084|0x0000000787800000, 0x0000000787800000, 0x0000000787a00000|  0%| F|  |TAMS 0x0000000787800000| PB 0x0000000787800000| Untracked 
|1085|0x0000000787a00000, 0x0000000787a00000, 0x0000000787c00000|  0%| F|  |TAMS 0x0000000787a00000| PB 0x0000000787a00000| Untracked 
|1086|0x0000000787c00000, 0x0000000787c00000, 0x0000000787e00000|  0%| F|  |TAMS 0x0000000787c00000| PB 0x0000000787c00000| Untracked 
|1087|0x0000000787e00000, 0x0000000787e00000, 0x0000000788000000|  0%| F|  |TAMS 0x0000000787e00000| PB 0x0000000787e00000| Untracked 
|1088|0x0000000788000000, 0x0000000788000000, 0x0000000788200000|  0%| F|  |TAMS 0x0000000788000000| PB 0x0000000788000000| Untracked 
|1089|0x0000000788200000, 0x0000000788200000, 0x0000000788400000|  0%| F|  |TAMS 0x0000000788200000| PB 0x0000000788200000| Untracked 
|1090|0x0000000788400000, 0x0000000788400000, 0x0000000788600000|  0%| F|  |TAMS 0x0000000788400000| PB 0x0000000788400000| Untracked 
|1091|0x0000000788600000, 0x0000000788600000, 0x0000000788800000|  0%| F|  |TAMS 0x0000000788600000| PB 0x0000000788600000| Untracked 
|1092|0x0000000788800000, 0x0000000788800000, 0x0000000788a00000|  0%| F|  |TAMS 0x0000000788800000| PB 0x0000000788800000| Untracked 
|1093|0x0000000788a00000, 0x0000000788a00000, 0x0000000788c00000|  0%| F|  |TAMS 0x0000000788a00000| PB 0x0000000788a00000| Untracked 
|1094|0x0000000788c00000, 0x0000000788c00000, 0x0000000788e00000|  0%| F|  |TAMS 0x0000000788c00000| PB 0x0000000788c00000| Untracked 
|1095|0x0000000788e00000, 0x0000000788e00000, 0x0000000789000000|  0%| F|  |TAMS 0x0000000788e00000| PB 0x0000000788e00000| Untracked 
|1096|0x0000000789000000, 0x0000000789000000, 0x0000000789200000|  0%| F|  |TAMS 0x0000000789000000| PB 0x0000000789000000| Untracked 
|1097|0x0000000789200000, 0x0000000789200000, 0x0000000789400000|  0%| F|  |TAMS 0x0000000789200000| PB 0x0000000789200000| Untracked 
|1098|0x0000000789400000, 0x0000000789400000, 0x0000000789600000|  0%| F|  |TAMS 0x0000000789400000| PB 0x0000000789400000| Untracked 
|1099|0x0000000789600000, 0x0000000789600000, 0x0000000789800000|  0%| F|  |TAMS 0x0000000789600000| PB 0x0000000789600000| Untracked 
|1100|0x0000000789800000, 0x0000000789800000, 0x0000000789a00000|  0%| F|  |TAMS 0x0000000789800000| PB 0x0000000789800000| Untracked 
|1101|0x0000000789a00000, 0x0000000789a00000, 0x0000000789c00000|  0%| F|  |TAMS 0x0000000789a00000| PB 0x0000000789a00000| Untracked 
|1102|0x0000000789c00000, 0x0000000789c00000, 0x0000000789e00000|  0%| F|  |TAMS 0x0000000789c00000| PB 0x0000000789c00000| Untracked 
|1103|0x0000000789e00000, 0x0000000789e00000, 0x000000078a000000|  0%| F|  |TAMS 0x0000000789e00000| PB 0x0000000789e00000| Untracked 
|1104|0x000000078a000000, 0x000000078a000000, 0x000000078a200000|  0%| F|  |TAMS 0x000000078a000000| PB 0x000000078a000000| Untracked 
|1105|0x000000078a200000, 0x000000078a200000, 0x000000078a400000|  0%| F|  |TAMS 0x000000078a200000| PB 0x000000078a200000| Untracked 
|1106|0x000000078a400000, 0x000000078a400000, 0x000000078a600000|  0%| F|  |TAMS 0x000000078a400000| PB 0x000000078a400000| Untracked 
|1107|0x000000078a600000, 0x000000078a600000, 0x000000078a800000|  0%| F|  |TAMS 0x000000078a600000| PB 0x000000078a600000| Untracked 
|1108|0x000000078a800000, 0x000000078a800000, 0x000000078aa00000|  0%| F|  |TAMS 0x000000078a800000| PB 0x000000078a800000| Untracked 
|1109|0x000000078aa00000, 0x000000078aa00000, 0x000000078ac00000|  0%| F|  |TAMS 0x000000078aa00000| PB 0x000000078aa00000| Untracked 
|1110|0x000000078ac00000, 0x000000078ac00000, 0x000000078ae00000|  0%| F|  |TAMS 0x000000078ac00000| PB 0x000000078ac00000| Untracked 
|1111|0x000000078ae00000, 0x000000078ae00000, 0x000000078b000000|  0%| F|  |TAMS 0x000000078ae00000| PB 0x000000078ae00000| Untracked 
|1112|0x000000078b000000, 0x000000078b000000, 0x000000078b200000|  0%| F|  |TAMS 0x000000078b000000| PB 0x000000078b000000| Untracked 
|1113|0x000000078b200000, 0x000000078b200000, 0x000000078b400000|  0%| F|  |TAMS 0x000000078b200000| PB 0x000000078b200000| Untracked 
|1114|0x000000078b400000, 0x000000078b400000, 0x000000078b600000|  0%| F|  |TAMS 0x000000078b400000| PB 0x000000078b400000| Untracked 
|1115|0x000000078b600000, 0x000000078b600000, 0x000000078b800000|  0%| F|  |TAMS 0x000000078b600000| PB 0x000000078b600000| Untracked 
|1116|0x000000078b800000, 0x000000078b800000, 0x000000078ba00000|  0%| F|  |TAMS 0x000000078b800000| PB 0x000000078b800000| Untracked 
|1117|0x000000078ba00000, 0x000000078ba00000, 0x000000078bc00000|  0%| F|  |TAMS 0x000000078ba00000| PB 0x000000078ba00000| Untracked 
|1118|0x000000078bc00000, 0x000000078bc00000, 0x000000078be00000|  0%| F|  |TAMS 0x000000078bc00000| PB 0x000000078bc00000| Untracked 
|1119|0x000000078be00000, 0x000000078be00000, 0x000000078c000000|  0%| F|  |TAMS 0x000000078be00000| PB 0x000000078be00000| Untracked 
|1120|0x000000078c000000, 0x000000078c000000, 0x000000078c200000|  0%| F|  |TAMS 0x000000078c000000| PB 0x000000078c000000| Untracked 
|1121|0x000000078c200000, 0x000000078c200000, 0x000000078c400000|  0%| F|  |TAMS 0x000000078c200000| PB 0x000000078c200000| Untracked 
|1122|0x000000078c400000, 0x000000078c400000, 0x000000078c600000|  0%| F|  |TAMS 0x000000078c400000| PB 0x000000078c400000| Untracked 
|1123|0x000000078c600000, 0x000000078c600000, 0x000000078c800000|  0%| F|  |TAMS 0x000000078c600000| PB 0x000000078c600000| Untracked 
|1124|0x000000078c800000, 0x000000078c800000, 0x000000078ca00000|  0%| F|  |TAMS 0x000000078c800000| PB 0x000000078c800000| Untracked 
|1125|0x000000078ca00000, 0x000000078ca00000, 0x000000078cc00000|  0%| F|  |TAMS 0x000000078ca00000| PB 0x000000078ca00000| Untracked 
|1126|0x000000078cc00000, 0x000000078cc00000, 0x000000078ce00000|  0%| F|  |TAMS 0x000000078cc00000| PB 0x000000078cc00000| Untracked 
|1127|0x000000078ce00000, 0x000000078ce00000, 0x000000078d000000|  0%| F|  |TAMS 0x000000078ce00000| PB 0x000000078ce00000| Untracked 
|1128|0x000000078d000000, 0x000000078d000000, 0x000000078d200000|  0%| F|  |TAMS 0x000000078d000000| PB 0x000000078d000000| Untracked 
|1129|0x000000078d200000, 0x000000078d200000, 0x000000078d400000|  0%| F|  |TAMS 0x000000078d200000| PB 0x000000078d200000| Untracked 
|1130|0x000000078d400000, 0x000000078d400000, 0x000000078d600000|  0%| F|  |TAMS 0x000000078d400000| PB 0x000000078d400000| Untracked 
|1131|0x000000078d600000, 0x000000078d600000, 0x000000078d800000|  0%| F|  |TAMS 0x000000078d600000| PB 0x000000078d600000| Untracked 
|1132|0x000000078d800000, 0x000000078d800000, 0x000000078da00000|  0%| F|  |TAMS 0x000000078d800000| PB 0x000000078d800000| Untracked 
|1133|0x000000078da00000, 0x000000078da00000, 0x000000078dc00000|  0%| F|  |TAMS 0x000000078da00000| PB 0x000000078da00000| Untracked 
|1134|0x000000078dc00000, 0x000000078dc00000, 0x000000078de00000|  0%| F|  |TAMS 0x000000078dc00000| PB 0x000000078dc00000| Untracked 
|1135|0x000000078de00000, 0x000000078de00000, 0x000000078e000000|  0%| F|  |TAMS 0x000000078de00000| PB 0x000000078de00000| Untracked 
|1136|0x000000078e000000, 0x000000078e000000, 0x000000078e200000|  0%| F|  |TAMS 0x000000078e000000| PB 0x000000078e000000| Untracked 
|1137|0x000000078e200000, 0x000000078e200000, 0x000000078e400000|  0%| F|  |TAMS 0x000000078e200000| PB 0x000000078e200000| Untracked 
|1138|0x000000078e400000, 0x000000078e400000, 0x000000078e600000|  0%| F|  |TAMS 0x000000078e400000| PB 0x000000078e400000| Untracked 
|1139|0x000000078e600000, 0x000000078e600000, 0x000000078e800000|  0%| F|  |TAMS 0x000000078e600000| PB 0x000000078e600000| Untracked 
|1140|0x000000078e800000, 0x000000078e800000, 0x000000078ea00000|  0%| F|  |TAMS 0x000000078e800000| PB 0x000000078e800000| Untracked 
|1141|0x000000078ea00000, 0x000000078ea00000, 0x000000078ec00000|  0%| F|  |TAMS 0x000000078ea00000| PB 0x000000078ea00000| Untracked 
|1142|0x000000078ec00000, 0x000000078ec00000, 0x000000078ee00000|  0%| F|  |TAMS 0x000000078ec00000| PB 0x000000078ec00000| Untracked 
|1143|0x000000078ee00000, 0x000000078ee00000, 0x000000078f000000|  0%| F|  |TAMS 0x000000078ee00000| PB 0x000000078ee00000| Untracked 
|1144|0x000000078f000000, 0x000000078f000000, 0x000000078f200000|  0%| F|  |TAMS 0x000000078f000000| PB 0x000000078f000000| Untracked 
|1145|0x000000078f200000, 0x000000078f200000, 0x000000078f400000|  0%| F|  |TAMS 0x000000078f200000| PB 0x000000078f200000| Untracked 
|1146|0x000000078f400000, 0x000000078f400000, 0x000000078f600000|  0%| F|  |TAMS 0x000000078f400000| PB 0x000000078f400000| Untracked 
|1147|0x000000078f600000, 0x000000078f600000, 0x000000078f800000|  0%| F|  |TAMS 0x000000078f600000| PB 0x000000078f600000| Untracked 
|1148|0x000000078f800000, 0x000000078f800000, 0x000000078fa00000|  0%| F|  |TAMS 0x000000078f800000| PB 0x000000078f800000| Untracked 
|1149|0x000000078fa00000, 0x000000078fa00000, 0x000000078fc00000|  0%| F|  |TAMS 0x000000078fa00000| PB 0x000000078fa00000| Untracked 
|1150|0x000000078fc00000, 0x000000078fc00000, 0x000000078fe00000|  0%| F|  |TAMS 0x000000078fc00000| PB 0x000000078fc00000| Untracked 
|1151|0x000000078fe00000, 0x000000078fe00000, 0x0000000790000000|  0%| F|  |TAMS 0x000000078fe00000| PB 0x000000078fe00000| Untracked 
|1152|0x0000000790000000, 0x0000000790000000, 0x0000000790200000|  0%| F|  |TAMS 0x0000000790000000| PB 0x0000000790000000| Untracked 
|1153|0x0000000790200000, 0x0000000790200000, 0x0000000790400000|  0%| F|  |TAMS 0x0000000790200000| PB 0x0000000790200000| Untracked 
|1154|0x0000000790400000, 0x0000000790400000, 0x0000000790600000|  0%| F|  |TAMS 0x0000000790400000| PB 0x0000000790400000| Untracked 
|1155|0x0000000790600000, 0x0000000790600000, 0x0000000790800000|  0%| F|  |TAMS 0x0000000790600000| PB 0x0000000790600000| Untracked 
|1156|0x0000000790800000, 0x0000000790800000, 0x0000000790a00000|  0%| F|  |TAMS 0x0000000790800000| PB 0x0000000790800000| Untracked 
|1157|0x0000000790a00000, 0x0000000790a00000, 0x0000000790c00000|  0%| F|  |TAMS 0x0000000790a00000| PB 0x0000000790a00000| Untracked 
|1158|0x0000000790c00000, 0x0000000790c00000, 0x0000000790e00000|  0%| F|  |TAMS 0x0000000790c00000| PB 0x0000000790c00000| Untracked 
|1159|0x0000000790e00000, 0x0000000790e00000, 0x0000000791000000|  0%| F|  |TAMS 0x0000000790e00000| PB 0x0000000790e00000| Untracked 
|1160|0x0000000791000000, 0x0000000791000000, 0x0000000791200000|  0%| F|  |TAMS 0x0000000791000000| PB 0x0000000791000000| Untracked 
|1161|0x0000000791200000, 0x0000000791200000, 0x0000000791400000|  0%| F|  |TAMS 0x0000000791200000| PB 0x0000000791200000| Untracked 
|1162|0x0000000791400000, 0x0000000791400000, 0x0000000791600000|  0%| F|  |TAMS 0x0000000791400000| PB 0x0000000791400000| Untracked 
|1163|0x0000000791600000, 0x0000000791600000, 0x0000000791800000|  0%| F|  |TAMS 0x0000000791600000| PB 0x0000000791600000| Untracked 
|1164|0x0000000791800000, 0x0000000791800000, 0x0000000791a00000|  0%| F|  |TAMS 0x0000000791800000| PB 0x0000000791800000| Untracked 
|1165|0x0000000791a00000, 0x0000000791a00000, 0x0000000791c00000|  0%| F|  |TAMS 0x0000000791a00000| PB 0x0000000791a00000| Untracked 
|1166|0x0000000791c00000, 0x0000000791c00000, 0x0000000791e00000|  0%| F|  |TAMS 0x0000000791c00000| PB 0x0000000791c00000| Untracked 
|1167|0x0000000791e00000, 0x0000000791e00000, 0x0000000792000000|  0%| F|  |TAMS 0x0000000791e00000| PB 0x0000000791e00000| Untracked 
|1168|0x0000000792000000, 0x0000000792000000, 0x0000000792200000|  0%| F|  |TAMS 0x0000000792000000| PB 0x0000000792000000| Untracked 
|1169|0x0000000792200000, 0x0000000792200000, 0x0000000792400000|  0%| F|  |TAMS 0x0000000792200000| PB 0x0000000792200000| Untracked 
|1170|0x0000000792400000, 0x0000000792400000, 0x0000000792600000|  0%| F|  |TAMS 0x0000000792400000| PB 0x0000000792400000| Untracked 
|1171|0x0000000792600000, 0x0000000792600000, 0x0000000792800000|  0%| F|  |TAMS 0x0000000792600000| PB 0x0000000792600000| Untracked 
|1172|0x0000000792800000, 0x0000000792800000, 0x0000000792a00000|  0%| F|  |TAMS 0x0000000792800000| PB 0x0000000792800000| Untracked 
|1173|0x0000000792a00000, 0x0000000792a00000, 0x0000000792c00000|  0%| F|  |TAMS 0x0000000792a00000| PB 0x0000000792a00000| Untracked 
|1174|0x0000000792c00000, 0x0000000792c00000, 0x0000000792e00000|  0%| F|  |TAMS 0x0000000792c00000| PB 0x0000000792c00000| Untracked 
|1175|0x0000000792e00000, 0x0000000792e00000, 0x0000000793000000|  0%| F|  |TAMS 0x0000000792e00000| PB 0x0000000792e00000| Untracked 
|1176|0x0000000793000000, 0x0000000793000000, 0x0000000793200000|  0%| F|  |TAMS 0x0000000793000000| PB 0x0000000793000000| Untracked 
|1177|0x0000000793200000, 0x0000000793200000, 0x0000000793400000|  0%| F|  |TAMS 0x0000000793200000| PB 0x0000000793200000| Untracked 
|1178|0x0000000793400000, 0x0000000793400000, 0x0000000793600000|  0%| F|  |TAMS 0x0000000793400000| PB 0x0000000793400000| Untracked 
|1179|0x0000000793600000, 0x0000000793600000, 0x0000000793800000|  0%| F|  |TAMS 0x0000000793600000| PB 0x0000000793600000| Untracked 
|1180|0x0000000793800000, 0x0000000793800000, 0x0000000793a00000|  0%| F|  |TAMS 0x0000000793800000| PB 0x0000000793800000| Untracked 
|1181|0x0000000793a00000, 0x0000000793a00000, 0x0000000793c00000|  0%| F|  |TAMS 0x0000000793a00000| PB 0x0000000793a00000| Untracked 
|1182|0x0000000793c00000, 0x0000000793c00000, 0x0000000793e00000|  0%| F|  |TAMS 0x0000000793c00000| PB 0x0000000793c00000| Untracked 
|1183|0x0000000793e00000, 0x0000000793e00000, 0x0000000794000000|  0%| F|  |TAMS 0x0000000793e00000| PB 0x0000000793e00000| Untracked 
|1184|0x0000000794000000, 0x0000000794000000, 0x0000000794200000|  0%| F|  |TAMS 0x0000000794000000| PB 0x0000000794000000| Untracked 
|1185|0x0000000794200000, 0x0000000794200000, 0x0000000794400000|  0%| F|  |TAMS 0x0000000794200000| PB 0x0000000794200000| Untracked 
|1186|0x0000000794400000, 0x0000000794400000, 0x0000000794600000|  0%| F|  |TAMS 0x0000000794400000| PB 0x0000000794400000| Untracked 
|1187|0x0000000794600000, 0x0000000794600000, 0x0000000794800000|  0%| F|  |TAMS 0x0000000794600000| PB 0x0000000794600000| Untracked 
|1188|0x0000000794800000, 0x0000000794800000, 0x0000000794a00000|  0%| F|  |TAMS 0x0000000794800000| PB 0x0000000794800000| Untracked 
|1189|0x0000000794a00000, 0x0000000794a00000, 0x0000000794c00000|  0%| F|  |TAMS 0x0000000794a00000| PB 0x0000000794a00000| Untracked 
|1190|0x0000000794c00000, 0x0000000794c00000, 0x0000000794e00000|  0%| F|  |TAMS 0x0000000794c00000| PB 0x0000000794c00000| Untracked 
|1191|0x0000000794e00000, 0x0000000794e00000, 0x0000000795000000|  0%| F|  |TAMS 0x0000000794e00000| PB 0x0000000794e00000| Untracked 
|1192|0x0000000795000000, 0x0000000795000000, 0x0000000795200000|  0%| F|  |TAMS 0x0000000795000000| PB 0x0000000795000000| Untracked 
|1193|0x0000000795200000, 0x0000000795200000, 0x0000000795400000|  0%| F|  |TAMS 0x0000000795200000| PB 0x0000000795200000| Untracked 
|1194|0x0000000795400000, 0x0000000795400000, 0x0000000795600000|  0%| F|  |TAMS 0x0000000795400000| PB 0x0000000795400000| Untracked 
|1195|0x0000000795600000, 0x0000000795600000, 0x0000000795800000|  0%| F|  |TAMS 0x0000000795600000| PB 0x0000000795600000| Untracked 
|1196|0x0000000795800000, 0x0000000795800000, 0x0000000795a00000|  0%| F|  |TAMS 0x0000000795800000| PB 0x0000000795800000| Untracked 
|1197|0x0000000795a00000, 0x0000000795a00000, 0x0000000795c00000|  0%| F|  |TAMS 0x0000000795a00000| PB 0x0000000795a00000| Untracked 
|1198|0x0000000795c00000, 0x0000000795c00000, 0x0000000795e00000|  0%| F|  |TAMS 0x0000000795c00000| PB 0x0000000795c00000| Untracked 
|1199|0x0000000795e00000, 0x0000000795e00000, 0x0000000796000000|  0%| F|  |TAMS 0x0000000795e00000| PB 0x0000000795e00000| Untracked 
|1200|0x0000000796000000, 0x0000000796000000, 0x0000000796200000|  0%| F|  |TAMS 0x0000000796000000| PB 0x0000000796000000| Untracked 
|1201|0x0000000796200000, 0x0000000796200000, 0x0000000796400000|  0%| F|  |TAMS 0x0000000796200000| PB 0x0000000796200000| Untracked 
|1202|0x0000000796400000, 0x0000000796400000, 0x0000000796600000|  0%| F|  |TAMS 0x0000000796400000| PB 0x0000000796400000| Untracked 
|1203|0x0000000796600000, 0x0000000796600000, 0x0000000796800000|  0%| F|  |TAMS 0x0000000796600000| PB 0x0000000796600000| Untracked 
|1204|0x0000000796800000, 0x0000000796800000, 0x0000000796a00000|  0%| F|  |TAMS 0x0000000796800000| PB 0x0000000796800000| Untracked 
|1205|0x0000000796a00000, 0x0000000796a00000, 0x0000000796c00000|  0%| F|  |TAMS 0x0000000796a00000| PB 0x0000000796a00000| Untracked 
|1206|0x0000000796c00000, 0x0000000796c00000, 0x0000000796e00000|  0%| F|  |TAMS 0x0000000796c00000| PB 0x0000000796c00000| Untracked 
|1207|0x0000000796e00000, 0x0000000796e00000, 0x0000000797000000|  0%| F|  |TAMS 0x0000000796e00000| PB 0x0000000796e00000| Untracked 
|1208|0x0000000797000000, 0x0000000797000000, 0x0000000797200000|  0%| F|  |TAMS 0x0000000797000000| PB 0x0000000797000000| Untracked 
|1209|0x0000000797200000, 0x0000000797200000, 0x0000000797400000|  0%| F|  |TAMS 0x0000000797200000| PB 0x0000000797200000| Untracked 
|1210|0x0000000797400000, 0x0000000797400000, 0x0000000797600000|  0%| F|  |TAMS 0x0000000797400000| PB 0x0000000797400000| Untracked 
|1211|0x0000000797600000, 0x0000000797600000, 0x0000000797800000|  0%| F|  |TAMS 0x0000000797600000| PB 0x0000000797600000| Untracked 
|1212|0x0000000797800000, 0x0000000797800000, 0x0000000797a00000|  0%| F|  |TAMS 0x0000000797800000| PB 0x0000000797800000| Untracked 
|1213|0x0000000797a00000, 0x0000000797a00000, 0x0000000797c00000|  0%| F|  |TAMS 0x0000000797a00000| PB 0x0000000797a00000| Untracked 
|1214|0x0000000797c00000, 0x0000000797c00000, 0x0000000797e00000|  0%| F|  |TAMS 0x0000000797c00000| PB 0x0000000797c00000| Untracked 
|1215|0x0000000797e00000, 0x0000000797e00000, 0x0000000798000000|  0%| F|  |TAMS 0x0000000797e00000| PB 0x0000000797e00000| Untracked 
|1216|0x0000000798000000, 0x0000000798000000, 0x0000000798200000|  0%| F|  |TAMS 0x0000000798000000| PB 0x0000000798000000| Untracked 
|1217|0x0000000798200000, 0x0000000798200000, 0x0000000798400000|  0%| F|  |TAMS 0x0000000798200000| PB 0x0000000798200000| Untracked 
|1218|0x0000000798400000, 0x0000000798400000, 0x0000000798600000|  0%| F|  |TAMS 0x0000000798400000| PB 0x0000000798400000| Untracked 
|1219|0x0000000798600000, 0x0000000798600000, 0x0000000798800000|  0%| F|  |TAMS 0x0000000798600000| PB 0x0000000798600000| Untracked 
|1220|0x0000000798800000, 0x0000000798800000, 0x0000000798a00000|  0%| F|  |TAMS 0x0000000798800000| PB 0x0000000798800000| Untracked 
|1221|0x0000000798a00000, 0x0000000798a00000, 0x0000000798c00000|  0%| F|  |TAMS 0x0000000798a00000| PB 0x0000000798a00000| Untracked 
|1222|0x0000000798c00000, 0x0000000798c00000, 0x0000000798e00000|  0%| F|  |TAMS 0x0000000798c00000| PB 0x0000000798c00000| Untracked 
|1223|0x0000000798e00000, 0x0000000798e00000, 0x0000000799000000|  0%| F|  |TAMS 0x0000000798e00000| PB 0x0000000798e00000| Untracked 
|1224|0x0000000799000000, 0x0000000799000000, 0x0000000799200000|  0%| F|  |TAMS 0x0000000799000000| PB 0x0000000799000000| Untracked 
|1225|0x0000000799200000, 0x0000000799200000, 0x0000000799400000|  0%| F|  |TAMS 0x0000000799200000| PB 0x0000000799200000| Untracked 
|1226|0x0000000799400000, 0x0000000799400000, 0x0000000799600000|  0%| F|  |TAMS 0x0000000799400000| PB 0x0000000799400000| Untracked 
|1227|0x0000000799600000, 0x0000000799600000, 0x0000000799800000|  0%| F|  |TAMS 0x0000000799600000| PB 0x0000000799600000| Untracked 
|1228|0x0000000799800000, 0x0000000799800000, 0x0000000799a00000|  0%| F|  |TAMS 0x0000000799800000| PB 0x0000000799800000| Untracked 
|1229|0x0000000799a00000, 0x0000000799a00000, 0x0000000799c00000|  0%| F|  |TAMS 0x0000000799a00000| PB 0x0000000799a00000| Untracked 
|1230|0x0000000799c00000, 0x0000000799c00000, 0x0000000799e00000|  0%| F|  |TAMS 0x0000000799c00000| PB 0x0000000799c00000| Untracked 
|1231|0x0000000799e00000, 0x0000000799e00000, 0x000000079a000000|  0%| F|  |TAMS 0x0000000799e00000| PB 0x0000000799e00000| Untracked 
|1232|0x000000079a000000, 0x000000079a000000, 0x000000079a200000|  0%| F|  |TAMS 0x000000079a000000| PB 0x000000079a000000| Untracked 
|1233|0x000000079a200000, 0x000000079a200000, 0x000000079a400000|  0%| F|  |TAMS 0x000000079a200000| PB 0x000000079a200000| Untracked 
|1234|0x000000079a400000, 0x000000079a600000, 0x000000079a600000|100%| S|CS|TAMS 0x000000079a400000| PB 0x000000079a400000| Complete 
|1235|0x000000079a600000, 0x000000079a800000, 0x000000079a800000|100%| S|CS|TAMS 0x000000079a600000| PB 0x000000079a600000| Complete 
|1236|0x000000079a800000, 0x000000079a900000, 0x000000079aa00000| 50%| S|CS|TAMS 0x000000079a800000| PB 0x000000079a800000| Complete 
|2011|0x00000007fb600000, 0x00000007fb7f71d0, 0x00000007fb800000| 98%| O|  |TAMS 0x00000007fb600000| PB 0x00000007fb600000| Untracked 
|2012|0x00000007fb800000, 0x00000007fba00000, 0x00000007fba00000|100%| O|  |TAMS 0x00000007fb800000| PB 0x00000007fb800000| Untracked 
|2013|0x00000007fba00000, 0x00000007fbc00000, 0x00000007fbc00000|100%| O|  |TAMS 0x00000007fbc00000| PB 0x00000007fba00000| Untracked 
|2014|0x00000007fbc00000, 0x00000007fbe00000, 0x00000007fbe00000|100%| O|  |TAMS 0x00000007fbe00000| PB 0x00000007fbc00000| Untracked 
|2015|0x00000007fbe00000, 0x00000007fc000000, 0x00000007fc000000|100%| O|  |TAMS 0x00000007fc000000| PB 0x00000007fbe00000| Untracked 
|2016|0x00000007fc000000, 0x00000007fc200000, 0x00000007fc200000|100%| O|  |TAMS 0x00000007fc200000| PB 0x00000007fc000000| Untracked 
|2017|0x00000007fc200000, 0x00000007fc400000, 0x00000007fc400000|100%| O|  |TAMS 0x00000007fc400000| PB 0x00000007fc200000| Untracked 
|2018|0x00000007fc400000, 0x00000007fc600000, 0x00000007fc600000|100%| O|  |TAMS 0x00000007fc600000| PB 0x00000007fc400000| Untracked 
|2019|0x00000007fc600000, 0x00000007fc800000, 0x00000007fc800000|100%| O|  |TAMS 0x00000007fc800000| PB 0x00000007fc600000| Untracked 
|2020|0x00000007fc800000, 0x00000007fc800000, 0x00000007fca00000|  0%| F|  |TAMS 0x00000007fc800000| PB 0x00000007fc800000| Untracked 
|2021|0x00000007fca00000, 0x00000007fca00000, 0x00000007fcc00000|  0%| F|  |TAMS 0x00000007fca00000| PB 0x00000007fca00000| Untracked 
|2022|0x00000007fcc00000, 0x00000007fcc00000, 0x00000007fce00000|  0%| F|  |TAMS 0x00000007fcc00000| PB 0x00000007fcc00000| Untracked 
|2023|0x00000007fce00000, 0x00000007fd000000, 0x00000007fd000000|100%| O|  |TAMS 0x00000007fd000000| PB 0x00000007fce00000| Untracked 
|2024|0x00000007fd000000, 0x00000007fd000000, 0x00000007fd200000|  0%| F|  |TAMS 0x00000007fd000000| PB 0x00000007fd000000| Untracked 
|2025|0x00000007fd200000, 0x00000007fd200000, 0x00000007fd400000|  0%| F|  |TAMS 0x00000007fd200000| PB 0x00000007fd200000| Untracked 
|2026|0x00000007fd400000, 0x00000007fd400000, 0x00000007fd600000|  0%| F|  |TAMS 0x00000007fd400000| PB 0x00000007fd400000| Untracked 
|2027|0x00000007fd600000, 0x00000007fd600000, 0x00000007fd800000|  0%| F|  |TAMS 0x00000007fd600000| PB 0x00000007fd600000| Untracked 
|2028|0x00000007fd800000, 0x00000007fd800000, 0x00000007fda00000|  0%| F|  |TAMS 0x00000007fd800000| PB 0x00000007fd800000| Untracked 
|2029|0x00000007fda00000, 0x00000007fda00000, 0x00000007fdc00000|  0%| F|  |TAMS 0x00000007fda00000| PB 0x00000007fda00000| Untracked 
|2030|0x00000007fdc00000, 0x00000007fde00000, 0x00000007fde00000|100%| O|  |TAMS 0x00000007fde00000| PB 0x00000007fdc00000| Untracked 
|2031|0x00000007fde00000, 0x00000007fde00000, 0x00000007fe000000|  0%| F|  |TAMS 0x00000007fde00000| PB 0x00000007fde00000| Untracked 
|2032|0x00000007fe000000, 0x00000007fe000000, 0x00000007fe200000|  0%| F|  |TAMS 0x00000007fe000000| PB 0x00000007fe000000| Untracked 
|2033|0x00000007fe200000, 0x00000007fe200000, 0x00000007fe400000|  0%| F|  |TAMS 0x00000007fe200000| PB 0x00000007fe200000| Untracked 
|2034|0x00000007fe400000, 0x00000007fe400000, 0x00000007fe600000|  0%| F|  |TAMS 0x00000007fe400000| PB 0x00000007fe400000| Untracked 
|2035|0x00000007fe600000, 0x00000007fe600000, 0x00000007fe800000|  0%| F|  |TAMS 0x00000007fe600000| PB 0x00000007fe600000| Untracked 
|2036|0x00000007fe800000, 0x00000007fea00000, 0x00000007fea00000|100%| O|  |TAMS 0x00000007fea00000| PB 0x00000007fe800000| Untracked 
|2037|0x00000007fea00000, 0x00000007fec00000, 0x00000007fec00000|100%| O|  |TAMS 0x00000007fec00000| PB 0x00000007fea00000| Untracked 
|2038|0x00000007fec00000, 0x00000007fee00000, 0x00000007fee00000|100%| O|  |TAMS 0x00000007fee00000| PB 0x00000007fec00000| Untracked 
|2039|0x00000007fee00000, 0x00000007ff000000, 0x00000007ff000000|100%| O|  |TAMS 0x00000007ff000000| PB 0x00000007fee00000| Untracked 
|2040|0x00000007ff000000, 0x00000007ff1ecb48, 0x00000007ff200000| 96%| O|  |TAMS 0x00000007ff1ecb48| PB 0x00000007ff000000| Untracked 
|2041|0x00000007ff200000, 0x00000007ff400000, 0x00000007ff400000|100%| O|  |TAMS 0x00000007ff400000| PB 0x00000007ff200000| Untracked 
|2042|0x00000007ff400000, 0x00000007ff600000, 0x00000007ff600000|100%| O|  |TAMS 0x00000007ff600000| PB 0x00000007ff400000| Untracked 
|2043|0x00000007ff600000, 0x00000007ff600000, 0x00000007ff800000|  0%| F|  |TAMS 0x00000007ff600000| PB 0x00000007ff600000| Untracked 
|2044|0x00000007ff800000, 0x00000007ff800000, 0x00000007ffa00000|  0%| F|  |TAMS 0x00000007ff800000| PB 0x00000007ff800000| Untracked 
|2045|0x00000007ffa00000, 0x00000007ffa00000, 0x00000007ffc00000|  0%| F|  |TAMS 0x00000007ffa00000| PB 0x00000007ffa00000| Untracked 
|2046|0x00000007ffc00000, 0x00000007ffc00000, 0x00000007ffe00000|  0%| F|  |TAMS 0x00000007ffc00000| PB 0x00000007ffc00000| Untracked 
|2047|0x00000007ffe00000, 0x00000007ffe00000, 0x0000000800000000|  0%| F|  |TAMS 0x00000007ffe00000| PB 0x00000007ffe00000| Untracked 

Card table byte_map: [0x000001dc49d40000,0x000001dc4a540000] _byte_map_base: 0x000001dc46540000

Marking Bits: (CMBitMap*) 0x000001dc315e86f0
 Bits: [0x000001dc4a540000, 0x000001dc4e540000)

Polling page: 0x000001dc2f350000

Metaspace:

Usage:
  Non-class:    455.15 MB used.
      Class:     63.14 MB used.
       Both:    518.29 MB used.

Virtual space:
  Non-class space:      512.00 MB reserved,     457.06 MB ( 89%) committed,  8 nodes.
      Class space:        1.00 GB reserved,      65.25 MB (  6%) committed,  1 nodes.
             Both:        1.50 GB reserved,     522.31 MB ( 34%) committed. 

Chunk freelists:
   Non-Class:  6.28 MB
       Class:  14.73 MB
        Both:  21.02 MB

MaxMetaspaceSize: unlimited
CompressedClassSpaceSize: 1.00 GB
Initial GC threshold: 21.00 MB
Current GC threshold: 864.00 MB
CDS: on
 - commit_granule_bytes: 65536.
 - commit_granule_words: 8192.
 - virtual_space_node_default_size: 8388608.
 - enlarge_chunks_in_place: 1.
 - use_allocation_guard: 0.


Internal statistics:

num_allocs_failed_limit: 6.
num_arena_births: 12684.
num_arena_deaths: 4748.
num_vsnodes_births: 9.
num_vsnodes_deaths: 0.
num_space_committed: 8806.
num_space_uncommitted: 222.
num_chunks_returned_to_freelist: 8518.
num_chunks_taken_from_freelist: 41291.
num_chunk_merges: 2360.
num_chunk_splits: 25676.
num_chunks_enlarged: 17749.
num_inconsistent_stats: 0.

CodeHeap 'non-profiled nmethods': size=119168Kb used=20973Kb max_used=52059Kb free=98194Kb
 bounds [0x000001dc41850000, 0x000001dc44b70000, 0x000001dc48cb0000]
CodeHeap 'profiled nmethods': size=119104Kb used=27109Kb max_used=95251Kb free=91994Kb
 bounds [0x000001dc39cb0000, 0x000001dc3fa50000, 0x000001dc41100000]
CodeHeap 'non-nmethods': size=7488Kb used=4483Kb max_used=4587Kb free=3004Kb
 bounds [0x000001dc41100000, 0x000001dc41590000, 0x000001dc41850000]
CodeCache: size=245760Kb, used=52565Kb, max_used=151897Kb, free=193192Kb
 total_blobs=16593, nmethods=15047, adapters=1442, full_count=0
Compilation: enabled, stopped_count=0, restarted_count=0

Compilation events (20 events):
Event: 22858.265 Thread 0x000001dcab48e8b0 161760       4       com.android.tools.r8.internal.u91::e (4 bytes)
Event: 22858.266 Thread 0x000001dcab48e8b0 nmethod 161760 0x000001dc43273d90 code [0x000001dc43273f20, 0x000001dc43273fb0]
Event: 22858.266 Thread 0x000001dcab48e8b0 166494       4       ksp.org.jetbrains.kotlin.psi.stubs.elements.KtStubElementType::shouldCreateStub (5 bytes)
Event: 22858.270 Thread 0x000001dcab48e8b0 nmethod 166494 0x000001dc43273910 code [0x000001dc43273ac0, 0x000001dc43273c28]
Event: 22858.270 Thread 0x000001dcab48e8b0 161636       4       com.android.tools.r8.internal.me::k2 (5 bytes)
Event: 22858.271 Thread 0x000001dcab48e8b0 nmethod 161636 0x000001dc43273610 code [0x000001dc432737a0, 0x000001dc43273850]
Event: 22858.271 Thread 0x000001dcab48e8b0 158077       4       com.android.tools.r8.internal.fh1::a (27 bytes)
Event: 22858.273 Thread 0x000001dcab48e8b0 nmethod 158077 0x000001dc43273310 code [0x000001dc432734a0, 0x000001dc43273558]
Event: 22858.273 Thread 0x000001dcab48e8b0 167835       4       com.android.tools.r8.graph.i6::H0 (35 bytes)
Event: 22858.276 Thread 0x000001dcab48e8b0 nmethod 167835 0x000001dc43272d90 code [0x000001dc43272f20, 0x000001dc43273020]
Event: 22858.276 Thread 0x000001dcab48e8b0 167211       4       com.sun.org.apache.xerces.internal.dom.CoreDocumentImpl::createTextNode (10 bytes)
Event: 22858.279 Thread 0x000001dcab48e8b0 nmethod 167211 0x000001dc43cd7f90 code [0x000001dc43cd8120, 0x000001dc43cd8230]
Event: 22858.279 Thread 0x000001dcab48e8b0 164823       4       com.android.tools.r8.internal.dd2::a (13 bytes)
Event: 22858.280 Thread 0x000001dcab48e8b0 nmethod 164823 0x000001dc43cd7c90 code [0x000001dc43cd7e20, 0x000001dc43cd7eb8]
Event: 22858.280 Thread 0x000001dcab48e8b0 163518       4       com.android.tools.r8.internal.vi0::a (1 bytes)
Event: 22858.281 Thread 0x000001dcab48e8b0 nmethod 163518 0x000001dc43cd7990 code [0x000001dc43cd7b20, 0x000001dc43cd7ba8]
Event: 22858.281 Thread 0x000001dcab48e8b0 165930       4       com.android.tools.r8.graph.d6::h (16 bytes)
Event: 22858.291 Thread 0x000001dcab48e8b0 nmethod 165930 0x000001dc43cd7210 code [0x000001dc43cd73e0, 0x000001dc43cd76b8]
Event: 22858.292 Thread 0x000001dcab48e8b0 174424       4       com.android.tools.r8.internal.t81::d (143 bytes)
Event: 22858.318 Thread 0x000001dc9d58e060 nmethod 174065% 0x000001dc44336210 code [0x000001dc44337140, 0x000001dc44343640]

GC Heap History (20 events):
Event: 22848.869 GC heap after
{Heap after GC invocations=269 (full 1):
 garbage-first heap   total 2355200K, used 995524K [0x0000000700000000, 0x0000000800000000)
  region size 2048K, 65 young (133120K), 65 survivors (133120K)
 Metaspace       used 523833K, committed 527872K, reserved 1572864K
  class space    used 64010K, committed 66112K, reserved 1048576K
}
Event: 22849.561 GC heap before
{Heap before GC invocations=269 (full 1):
 garbage-first heap   total 2355200K, used 2029764K [0x0000000700000000, 0x0000000800000000)
  region size 2048K, 571 young (1169408K), 65 survivors (133120K)
 Metaspace       used 524255K, committed 528320K, reserved 1572864K
  class space    used 64044K, committed 66176K, reserved 1048576K
}
Event: 22849.636 GC heap after
{Heap after GC invocations=270 (full 1):
 garbage-first heap   total 2355200K, used 1044676K [0x0000000700000000, 0x0000000800000000)
  region size 2048K, 63 young (129024K), 63 survivors (129024K)
 Metaspace       used 524255K, committed 528320K, reserved 1572864K
  class space    used 64044K, committed 66176K, reserved 1048576K
}
Event: 22850.495 GC heap before
{Heap before GC invocations=270 (full 1):
 garbage-first heap   total 2355200K, used 2164932K [0x0000000700000000, 0x0000000800000000)
  region size 2048K, 611 young (1251328K), 63 survivors (129024K)
 Metaspace       used 524786K, committed 528832K, reserved 1572864K
  class space    used 64063K, committed 66176K, reserved 1048576K
}
Event: 22850.605 GC heap after
{Heap after GC invocations=271 (full 1):
 garbage-first heap   total 2392064K, used 1106116K [0x0000000700000000, 0x0000000800000000)
  region size 2048K, 63 young (129024K), 63 survivors (129024K)
 Metaspace       used 524786K, committed 528832K, reserved 1572864K
  class space    used 64063K, committed 66176K, reserved 1048576K
}
Event: 22851.289 GC heap before
{Heap before GC invocations=271 (full 1):
 garbage-first heap   total 2392064K, used 2191556K [0x0000000700000000, 0x0000000800000000)
  region size 2048K, 594 young (1216512K), 63 survivors (129024K)
 Metaspace       used 525790K, committed 529920K, reserved 1572864K
  class space    used 64156K, committed 66304K, reserved 1048576K
}
Event: 22851.408 GC heap after
{Heap after GC invocations=272 (full 1):
 garbage-first heap   total 2404352K, used 1169604K [0x0000000700000000, 0x0000000800000000)
  region size 2048K, 69 young (141312K), 69 survivors (141312K)
 Metaspace       used 525790K, committed 529920K, reserved 1572864K
  class space    used 64156K, committed 66304K, reserved 1048576K
}
Event: 22852.239 GC heap before
{Heap before GC invocations=272 (full 1):
 garbage-first heap   total 2404352K, used 2205892K [0x0000000700000000, 0x0000000800000000)
  region size 2048K, 576 young (1179648K), 69 survivors (141312K)
 Metaspace       used 526136K, committed 530240K, reserved 1572864K
  class space    used 64213K, committed 66368K, reserved 1048576K
}
Event: 22852.350 GC heap after
{Heap after GC invocations=273 (full 1):
 garbage-first heap   total 2580480K, used 1211475K [0x0000000700000000, 0x0000000800000000)
  region size 2048K, 54 young (110592K), 54 survivors (110592K)
 Metaspace       used 526136K, committed 530240K, reserved 1572864K
  class space    used 64213K, committed 66368K, reserved 1048576K
}
Event: 22853.693 GC heap before
{Heap before GC invocations=273 (full 1):
 garbage-first heap   total 2580480K, used 2376787K [0x0000000700000000, 0x0000000800000000)
  region size 2048K, 623 young (1275904K), 54 survivors (110592K)
 Metaspace       used 526804K, committed 530944K, reserved 1572864K
  class space    used 64286K, committed 66432K, reserved 1048576K
}
Event: 22853.813 GC heap after
{Heap after GC invocations=274 (full 1):
 garbage-first heap   total 2580480K, used 1286340K [0x0000000700000000, 0x0000000800000000)
  region size 2048K, 59 young (120832K), 59 survivors (120832K)
 Metaspace       used 526804K, committed 530944K, reserved 1572864K
  class space    used 64286K, committed 66432K, reserved 1048576K
}
Event: 22854.706 GC heap before
{Heap before GC invocations=275 (full 1):
 garbage-first heap   total 2580480K, used 2375876K [0x0000000700000000, 0x0000000800000000)
  region size 2048K, 592 young (1212416K), 59 survivors (120832K)
 Metaspace       used 527572K, committed 531712K, reserved 1572864K
  class space    used 64351K, committed 66496K, reserved 1048576K
}
Event: 22854.821 GC heap after
{Heap after GC invocations=276 (full 1):
 garbage-first heap   total 2580480K, used 1353924K [0x0000000700000000, 0x0000000800000000)
  region size 2048K, 69 young (141312K), 69 survivors (141312K)
 Metaspace       used 527572K, committed 531712K, reserved 1572864K
  class space    used 64351K, committed 66496K, reserved 1048576K
}
Event: 22855.518 GC heap before
{Heap before GC invocations=276 (full 1):
 garbage-first heap   total 2580480K, used 2379972K [0x0000000700000000, 0x0000000800000000)
  region size 2048K, 570 young (1167360K), 69 survivors (141312K)
 Metaspace       used 528651K, committed 532800K, reserved 1572864K
  class space    used 64455K, committed 66624K, reserved 1048576K
}
Event: 22855.641 GC heap after
{Heap after GC invocations=277 (full 1):
 garbage-first heap   total 2598912K, used 1322180K [0x0000000700000000, 0x0000000800000000)
  region size 2048K, 53 young (108544K), 53 survivors (108544K)
 Metaspace       used 528651K, committed 532800K, reserved 1572864K
  class space    used 64455K, committed 66624K, reserved 1048576K
}
Event: 22856.324 GC heap before
{Heap before GC invocations=277 (full 1):
 garbage-first heap   total 2598912K, used 2401476K [0x0000000700000000, 0x0000000800000000)
  region size 2048K, 581 young (1189888K), 53 survivors (108544K)
 Metaspace       used 529599K, committed 533696K, reserved 1572864K
  class space    used 64553K, committed 66688K, reserved 1048576K
}
Event: 22856.433 GC heap after
{Heap after GC invocations=278 (full 1):
 garbage-first heap   total 2598912K, used 1325252K [0x0000000700000000, 0x0000000800000000)
  region size 2048K, 34 young (69632K), 34 survivors (69632K)
 Metaspace       used 529599K, committed 533696K, reserved 1572864K
  class space    used 64553K, committed 66688K, reserved 1048576K
}
Event: 22857.264 GC heap before
{Heap before GC invocations=278 (full 1):
 garbage-first heap   total 2598912K, used 2422980K [0x0000000700000000, 0x0000000800000000)
  region size 2048K, 571 young (1169408K), 34 survivors (69632K)
 Metaspace       used 530435K, committed 534528K, reserved 1572864K
  class space    used 64627K, committed 66752K, reserved 1048576K
}
Event: 22857.345 GC heap after
{Heap after GC invocations=279 (full 1):
 garbage-first heap   total 2598912K, used 1368260K [0x0000000700000000, 0x0000000800000000)
  region size 2048K, 55 young (112640K), 55 survivors (112640K)
 Metaspace       used 530435K, committed 534528K, reserved 1572864K
  class space    used 64627K, committed 66752K, reserved 1048576K
}
Event: 22858.347 GC heap before
{Heap before GC invocations=279 (full 1):
 garbage-first heap   total 2598912K, used 2453700K [0x0000000700000000, 0x0000000800000000)
  region size 2048K, 586 young (1200128K), 55 survivors (112640K)
 Metaspace       used 530733K, committed 534848K, reserved 1572864K
  class space    used 64658K, committed 66816K, reserved 1048576K
}

Dll operation events (20 events):
Event: 16212.471 Loaded shared library C:\Users\opule\AppData\Local\Temp\sqlite-3.41.2.2-a0976034-866e-4cfe-925d-a00228db9680-sqlitejdbc.dll
Event: 19113.712 Loaded shared library C:\Users\opule\AppData\Local\Temp\sqlite-3.41.2.2-eb0d5001-d089-4e40-9885-70a02a40e8ce-sqlitejdbc.dll
Event: 19142.800 Loaded shared library C:\Users\opule\AppData\Local\Temp\sqlite-3.41.2.2-6cb0867e-d317-4a62-8a56-6bc1a44e75cd-sqlitejdbc.dll
Event: 19419.637 Unloaded dll "C:\Users\opule\AppData\Local\Temp\sqlite-3.41.2.2-a0976034-866e-4cfe-925d-a00228db9680-sqlitejdbc.dll" [0x00007ffdf1b30000]
Event: 19419.638 Unloaded dll "C:\Users\opule\AppData\Local\Temp\sqlite-3.41.2.2-4f4d52ff-cc5d-4667-981c-79a2e8616e63-sqlitejdbc.dll" [0x00007ffdf9be0000]
Event: 19419.640 Unloaded dll "C:\Users\opule\AppData\Local\Temp\sqlite-3.41.2.2-4d0cfe28-01b4-49cf-a474-b42f20dad956-sqlitejdbc.dll" [0x00007ffdba020000]
Event: 19419.698 Loaded shared library C:\Users\opule\AppData\Local\Temp\sqlite-3.41.2.2-5c846470-b233-4cf6-a660-4bec3d4d4f68-sqlitejdbc.dll
Event: 19945.079 Loaded shared library C:\Users\opule\AppData\Local\Temp\sqlite-3.41.2.2-e1362f77-f798-48c5-abbf-9a028e66c1ae-sqlitejdbc.dll
Event: 20594.795 Loaded shared library C:\Users\opule\AppData\Local\Temp\sqlite-3.41.2.2-f4138e96-9660-4601-920e-c10c0044bcb3-sqlitejdbc.dll
Event: 20903.899 Loaded shared library C:\Users\opule\AppData\Local\Temp\sqlite-3.41.2.2-3cc3e3f1-8fa6-45f0-9e6d-4913b0b86641-sqlitejdbc.dll
Event: 21334.874 Loaded shared library C:\Users\opule\AppData\Local\Temp\sqlite-3.41.2.2-ca678763-c01f-42a4-8800-a9de4be11ded-sqlitejdbc.dll
Event: 21551.671 Unloaded dll "C:\Users\opule\AppData\Local\Temp\sqlite-3.41.2.2-ca678763-c01f-42a4-8800-a9de4be11ded-sqlitejdbc.dll" [0x00007ffda6110000]
Event: 21551.673 Unloaded dll "C:\Users\opule\AppData\Local\Temp\sqlite-3.41.2.2-3cc3e3f1-8fa6-45f0-9e6d-4913b0b86641-sqlitejdbc.dll" [0x00007ffda5e60000]
Event: 21551.675 Unloaded dll "C:\Users\opule\AppData\Local\Temp\sqlite-3.41.2.2-f4138e96-9660-4601-920e-c10c0044bcb3-sqlitejdbc.dll" [0x00007ffdba020000]
Event: 21551.677 Unloaded dll "C:\Users\opule\AppData\Local\Temp\sqlite-3.41.2.2-eb0d5001-d089-4e40-9885-70a02a40e8ce-sqlitejdbc.dll" [0x00007ffd6bfc0000]
Event: 21551.679 Unloaded dll "C:\Users\opule\AppData\Local\Temp\sqlite-3.41.2.2-6cb0867e-d317-4a62-8a56-6bc1a44e75cd-sqlitejdbc.dll" [0x00007ffd54d60000]
Event: 21551.680 Unloaded dll "C:\Users\opule\AppData\Local\Temp\sqlite-3.41.2.2-5c846470-b233-4cf6-a660-4bec3d4d4f68-sqlitejdbc.dll" [0x00007ffdf9be0000]
Event: 21551.682 Unloaded dll "C:\Users\opule\AppData\Local\Temp\sqlite-3.41.2.2-e1362f77-f798-48c5-abbf-9a028e66c1ae-sqlitejdbc.dll" [0x00007ffdf1b30000]
Event: 21554.227 Loaded shared library C:\Users\opule\AppData\Local\Temp\sqlite-3.41.2.2-787d6afd-8f57-4bd7-8e6b-136f83acdbb7-sqlitejdbc.dll
Event: 21824.658 Unloaded dll "C:\Users\opule\AppData\Local\Temp\sqlite-3.41.2.2-787d6afd-8f57-4bd7-8e6b-136f83acdbb7-sqlitejdbc.dll" [0x00007ffdf9be0000]

Deoptimization events (20 events):
Event: 22857.977 Thread 0x000001dcab204540 DEOPT PACKING pc=0x000001dc43e75884 sp=0x0000002bd65fafe0
Event: 22857.977 Thread 0x000001dcab204540 DEOPT UNPACKING pc=0x000001dc41154422 sp=0x0000002bd65fafb0 mode 2
Event: 22857.982 Thread 0x000001dca49f2e10 DEOPT PACKING pc=0x000001dc3d86a3c7 sp=0x0000002bd5efaaf0
Event: 22857.982 Thread 0x000001dca49f2e10 DEOPT UNPACKING pc=0x000001dc41154bc2 sp=0x0000002bd5efa1f0 mode 0
Event: 22858.018 Thread 0x000001dcab204540 DEOPT PACKING pc=0x000001dc3d86a3c7 sp=0x0000002bd65fad90
Event: 22858.018 Thread 0x000001dcab204540 DEOPT UNPACKING pc=0x000001dc41154bc2 sp=0x0000002bd65fa490 mode 0
Event: 22858.133 Thread 0x000001dca49f4ee0 DEOPT PACKING pc=0x000001dc3d86a3c7 sp=0x0000002bd5afae90
Event: 22858.133 Thread 0x000001dca49f4ee0 DEOPT UNPACKING pc=0x000001dc41154bc2 sp=0x0000002bd5afa590 mode 0
Event: 22858.185 Thread 0x000001dca49f2e10 DEOPT PACKING pc=0x000001dc3d86a3c7 sp=0x0000002bd5efaaf0
Event: 22858.185 Thread 0x000001dca49f2e10 DEOPT UNPACKING pc=0x000001dc41154bc2 sp=0x0000002bd5efa1f0 mode 0
Event: 22858.204 Thread 0x000001dca49f5570 DEOPT PACKING pc=0x000001dc3d86a3c7 sp=0x0000002bd5cfab60
Event: 22858.204 Thread 0x000001dca49f5570 DEOPT UNPACKING pc=0x000001dc41154bc2 sp=0x0000002bd5cfa260 mode 0
Event: 22858.231 Thread 0x000001dca52cf2c0 DEOPT PACKING pc=0x000001dc3d86a3c7 sp=0x0000002bd62fac70
Event: 22858.231 Thread 0x000001dca52cf2c0 DEOPT UNPACKING pc=0x000001dc41154bc2 sp=0x0000002bd62fa370 mode 0
Event: 22858.285 Thread 0x000001dcaf1524e0 DEOPT PACKING pc=0x000001dc3d86a3c7 sp=0x0000002bd42facc0
Event: 22858.285 Thread 0x000001dcaf1524e0 DEOPT UNPACKING pc=0x000001dc41154bc2 sp=0x0000002bd42fa3c0 mode 0
Event: 22858.312 Thread 0x000001dca49f4ee0 DEOPT PACKING pc=0x000001dc3d86a3c7 sp=0x0000002bd5afae90
Event: 22858.313 Thread 0x000001dca49f4ee0 DEOPT UNPACKING pc=0x000001dc41154bc2 sp=0x0000002bd5afa590 mode 0
Event: 22858.344 Thread 0x000001dca49f5c00 DEOPT PACKING pc=0x000001dc3d86a3c7 sp=0x0000002bd60faa70
Event: 22858.344 Thread 0x000001dca49f5c00 DEOPT UNPACKING pc=0x000001dc41154bc2 sp=0x0000002bd60fa170 mode 0

Classes loaded (20 events):
Event: 22767.369 Loading class sun/security/ssl/Alert$Level
Event: 22767.369 Loading class sun/security/ssl/Alert$Level done
Event: 22773.327 Loading class com/sun/org/apache/xerces/internal/dom/AttrNSImpl
Event: 22773.327 Loading class com/sun/org/apache/xerces/internal/dom/AttrNSImpl done
Event: 22773.445 Loading class java/util/TreeMap$DescendingSubMap
Event: 22773.451 Loading class java/util/TreeMap$DescendingSubMap done
Event: 22773.560 Loading class java/util/TreeMap$DescendingSubMap$DescendingEntrySetView
Event: 22773.563 Loading class java/util/TreeMap$DescendingSubMap$DescendingEntrySetView done
Event: 22773.563 Loading class java/util/TreeMap$NavigableSubMap$DescendingSubMapEntryIterator
Event: 22773.565 Loading class java/util/TreeMap$NavigableSubMap$DescendingSubMapEntryIterator done
Event: 22832.300 Loading class java/util/Spliterators$2Adapter
Event: 22832.302 Loading class java/util/Spliterators$2Adapter done
Event: 22832.417 Loading class java/lang/StringUTF16$CodePointsSpliterator
Event: 22832.421 Loading class java/lang/StringUTF16$CodePointsSpliterator done
Event: 22835.399 Loading class com/sun/xml/internal/stream/util/ReadOnlyIterator
Event: 22835.400 Loading class com/sun/xml/internal/stream/util/ReadOnlyIterator done
Event: 22846.715 Loading class com/sun/xml/internal/stream/events/CommentEvent
Event: 22846.716 Loading class javax/xml/stream/events/Comment
Event: 22846.716 Loading class javax/xml/stream/events/Comment done
Event: 22846.716 Loading class com/sun/xml/internal/stream/events/CommentEvent done

Classes unloaded (20 events):
Event: 22765.256 Thread 0x000001dc513b7190 Unloading class 0x000001dc56538000 'java/lang/invoke/LambdaForm$MH+0x000001dc56538000'
Event: 22765.256 Thread 0x000001dc513b7190 Unloading class 0x000001dc56504400 'java/lang/invoke/LambdaForm$MH+0x000001dc56504400'
Event: 22765.256 Thread 0x000001dc513b7190 Unloading class 0x000001dc56504000 'java/lang/invoke/LambdaForm$MH+0x000001dc56504000'
Event: 22765.256 Thread 0x000001dc513b7190 Unloading class 0x000001dc56484c00 'java/lang/invoke/LambdaForm$MH+0x000001dc56484c00'
Event: 22765.256 Thread 0x000001dc513b7190 Unloading class 0x000001dc56484800 'java/lang/invoke/LambdaForm$MH+0x000001dc56484800'
Event: 22765.256 Thread 0x000001dc513b7190 Unloading class 0x000001dc56484400 'java/lang/invoke/LambdaForm$MH+0x000001dc56484400'
Event: 22765.256 Thread 0x000001dc513b7190 Unloading class 0x000001dc56340000 'java/lang/invoke/LambdaForm$MH+0x000001dc56340000'
Event: 22765.256 Thread 0x000001dc513b7190 Unloading class 0x000001dc561dc000 'java/lang/invoke/LambdaForm$MH+0x000001dc561dc000'
Event: 22765.257 Thread 0x000001dc513b7190 Unloading class 0x000001dc53ed1c00 'jdk/internal/reflect/GeneratedSerializationConstructorAccessor959'
Event: 22765.257 Thread 0x000001dc513b7190 Unloading class 0x000001dc53ed1800 'jdk/internal/reflect/GeneratedSerializationConstructorAccessor958'
Event: 22765.257 Thread 0x000001dc513b7190 Unloading class 0x000001dc53ed2400 'jdk/internal/reflect/GeneratedSerializationConstructorAccessor957'
Event: 22797.987 Thread 0x000001dc513b7190 Unloading class 0x000001dc569ac400 'jdk/internal/reflect/GeneratedSerializationConstructorAccessor1425'
Event: 22797.987 Thread 0x000001dc513b7190 Unloading class 0x000001dc56999c00 'java/lang/invoke/LambdaForm$MH+0x000001dc56999c00'
Event: 22797.987 Thread 0x000001dc513b7190 Unloading class 0x000001dc56999400 'java/lang/invoke/LambdaForm$MH+0x000001dc56999400'
Event: 22797.987 Thread 0x000001dc513b7190 Unloading class 0x000001dc56999000 'java/lang/invoke/LambdaForm$DMH+0x000001dc56999000'
Event: 22797.987 Thread 0x000001dc513b7190 Unloading class 0x000001dc56998800 'java/lang/invoke/LambdaForm$MH+0x000001dc56998800'
Event: 22797.987 Thread 0x000001dc513b7190 Unloading class 0x000001dc56996c00 'java/lang/invoke/LambdaForm$MH+0x000001dc56996c00'
Event: 22797.987 Thread 0x000001dc513b7190 Unloading class 0x000001dc56996400 'java/lang/invoke/LambdaForm$MH+0x000001dc56996400'
Event: 22797.987 Thread 0x000001dc513b7190 Unloading class 0x000001dc56995c00 'java/lang/invoke/LambdaForm$MH+0x000001dc56995c00'
Event: 22797.987 Thread 0x000001dc513b7190 Unloading class 0x000001dc56995800 'java/lang/invoke/LambdaForm$DMH+0x000001dc56995800'

Classes redefined (0 events):
No events

Internal exceptions (20 events):
Event: 22855.804 Thread 0x000001dcab204540 Exception <a 'sun/nio/fs/WindowsException'{0x00000007ffd568a0}> (0x00000007ffd568a0) 
thrown [s\src\hotspot\share\prims\jni.cpp, line 520]
Event: 22855.903 Thread 0x000001dcab204540 Exception <a 'sun/nio/fs/WindowsException'{0x00000007807f3e00}> (0x00000007807f3e00) 
thrown [s\src\hotspot\share\prims\jni.cpp, line 520]
Event: 22856.082 Thread 0x000001dcab204540 Exception <a 'sun/nio/fs/WindowsException'{0x000000077bf5b490}> (0x000000077bf5b490) 
thrown [s\src\hotspot\share\prims\jni.cpp, line 520]
Event: 22856.470 Thread 0x000001dca49f2e10 Exception <a 'sun/nio/fs/WindowsException'{0x0000000797d7a0d0}> (0x0000000797d7a0d0) 
thrown [s\src\hotspot\share\prims\jni.cpp, line 520]
Event: 22856.548 Thread 0x000001dcab204540 Exception <a 'sun/nio/fs/WindowsException'{0x000000078fcca3f0}> (0x000000078fcca3f0) 
thrown [s\src\hotspot\share\prims\jni.cpp, line 520]
Event: 22856.586 Thread 0x000001dca49f2e10 Exception <a 'sun/nio/fs/WindowsException'{0x0000000797dc5968}> (0x0000000797dc5968) 
thrown [s\src\hotspot\share\prims\jni.cpp, line 520]
Event: 22856.651 Thread 0x000001dca49f2e10 Exception <a 'sun/nio/fs/WindowsException'{0x000000078702ca20}> (0x000000078702ca20) 
thrown [s\src\hotspot\share\prims\jni.cpp, line 520]
Event: 22856.730 Thread 0x000001dcab204540 Exception <a 'sun/nio/fs/WindowsException'{0x0000000781e16088}> (0x0000000781e16088) 
thrown [s\src\hotspot\share\prims\jni.cpp, line 520]
Event: 22856.752 Thread 0x000001dca49f2e10 Exception <a 'sun/nio/fs/WindowsException'{0x00000007870782f0}> (0x00000007870782f0) 
thrown [s\src\hotspot\share\prims\jni.cpp, line 520]
Event: 22857.066 Thread 0x000001dcb0975e80 Exception <a 'sun/nio/fs/WindowsException'{0x000000076988a0c0}> (0x000000076988a0c0) 
thrown [s\src\hotspot\share\prims\jni.cpp, line 520]
Event: 22857.402 Thread 0x000001dcb0975e80 Exception <a 'sun/nio/fs/WindowsException'{0x0000000798c11428}> (0x0000000798c11428) 
thrown [s\src\hotspot\share\prims\jni.cpp, line 520]
Event: 22857.416 Thread 0x000001dcb09dfa10 Exception <a 'sun/nio/fs/WindowsException'{0x0000000796918600}> (0x0000000796918600) 
thrown [s\src\hotspot\share\prims\jni.cpp, line 520]
Event: 22857.465 Thread 0x000001dca49f5570 Exception <a 'sun/nio/fs/WindowsException'{0x000000079344fd98}> (0x000000079344fd98) 
thrown [s\src\hotspot\share\prims\jni.cpp, line 520]
Event: 22857.468 Thread 0x000001dcb0975e80 Exception <a 'sun/nio/fs/WindowsException'{0x00000007932b6f40}> (0x00000007932b6f40) 
thrown [s\src\hotspot\share\prims\jni.cpp, line 520]
Event: 22857.511 Thread 0x000001dcab204bd0 Exception <a 'sun/nio/fs/WindowsException'{0x000000079113ca78}> (0x000000079113ca78) 
thrown [s\src\hotspot\share\prims\jni.cpp, line 520]
Event: 22857.523 Thread 0x000001dcb0975e80 Exception <a 'sun/nio/fs/WindowsException'{0x000000078f902c38}> (0x000000078f902c38) 
thrown [s\src\hotspot\share\prims\jni.cpp, line 520]
Event: 22857.625 Thread 0x000001dcb0975e80 Exception <a 'sun/nio/fs/WindowsException'{0x000000078bc62fd0}> (0x000000078bc62fd0) 
thrown [s\src\hotspot\share\prims\jni.cpp, line 520]
Event: 22857.931 Thread 0x000001dcb0975e80 Exception <a 'sun/nio/fs/WindowsException'{0x000000078bcae988}> (0x000000078bcae988) 
thrown [s\src\hotspot\share\prims\jni.cpp, line 520]
Event: 22857.935 Thread 0x000001dca49f5570 Exception <a 'sun/nio/fs/WindowsException'{0x000000079349b530}> (0x000000079349b530) 
thrown [s\src\hotspot\share\prims\jni.cpp, line 520]
Event: 22857.963 Thread 0x000001dcb0975e80 Exception <a 'sun/nio/fs/WindowsException'{0x0000000776509cb8}> (0x0000000776509cb8) 
thrown [s\src\hotspot\share\prims\jni.cpp, line 520]

ZGC Phase Switch (0 events):
No events

VM Operations (20 events):
Event: 22854.301 Executing safepoint VM operation: G1PauseCleanup done
Event: 22854.703 Executing safepoint VM operation: G1CollectForAllocation (G1 Evacuation Pause)
Event: 22854.821 Executing safepoint VM operation: G1CollectForAllocation (G1 Evacuation Pause) done
Event: 22855.517 Executing safepoint VM operation: G1CollectForAllocation (G1 Evacuation Pause)
Event: 22855.642 Executing safepoint VM operation: G1CollectForAllocation (G1 Evacuation Pause) done
Event: 22856.323 Executing safepoint VM operation: G1CollectForAllocation (G1 Evacuation Pause)
Event: 22856.433 Executing safepoint VM operation: G1CollectForAllocation (G1 Evacuation Pause) done
Event: 22856.822 Executing non-safepoint VM operation: HandshakeAllThreads (Deoptimize)
Event: 22856.841 Executing non-safepoint VM operation: HandshakeAllThreads (Deoptimize) done
Event: 22857.257 Executing safepoint VM operation: G1CollectForAllocation (G1 Evacuation Pause)
Event: 22857.260 Executing safepoint VM operation: G1CollectForAllocation (G1 Evacuation Pause) done
Event: 22857.263 Executing safepoint VM operation: G1CollectForAllocation (GCLocker Initiated GC)
Event: 22857.345 Executing safepoint VM operation: G1CollectForAllocation (GCLocker Initiated GC) done
Event: 22857.727 Executing non-safepoint VM operation: HandshakeAllThreads (Deoptimize)
Event: 22857.821 Executing non-safepoint VM operation: HandshakeAllThreads (Deoptimize) done
Event: 22857.867 Executing non-safepoint VM operation: HandshakeAllThreads (Deoptimize)
Event: 22858.114 Executing non-safepoint VM operation: HandshakeAllThreads (Deoptimize) done
Event: 22858.322 Executing safepoint VM operation: G1CollectForAllocation (G1 Evacuation Pause)
Event: 22858.325 Executing safepoint VM operation: G1CollectForAllocation (G1 Evacuation Pause) done
Event: 22858.344 Executing safepoint VM operation: G1CollectForAllocation (GCLocker Initiated GC)

Memory protections (0 events):
No events

Nmethod flushes (20 events):
Event: 22853.278 Thread 0x000001dc513b7190 flushing  nmethod 0x000001dc3d9c8b10
Event: 22853.278 Thread 0x000001dc513b7190 flushing  nmethod 0x000001dc3d9ca810
Event: 22853.278 Thread 0x000001dc513b7190 flushing  nmethod 0x000001dc3d9cd810
Event: 22853.278 Thread 0x000001dc513b7190 flushing  nmethod 0x000001dc3da67d90
Event: 22853.278 Thread 0x000001dc513b7190 flushing  nmethod 0x000001dc3da68190
Event: 22853.278 Thread 0x000001dc513b7190 flushing  nmethod 0x000001dc3da68510
Event: 22853.278 Thread 0x000001dc513b7190 flushing  nmethod 0x000001dc3da8a690
Event: 22853.278 Thread 0x000001dc513b7190 flushing  nmethod 0x000001dc3dc14e90
Event: 22853.278 Thread 0x000001dc513b7190 flushing  nmethod 0x000001dc3dc15310
Event: 22853.278 Thread 0x000001dc513b7190 flushing  nmethod 0x000001dc3dc15710
Event: 22853.278 Thread 0x000001dc513b7190 flushing  nmethod 0x000001dc3dc6a090
Event: 22853.278 Thread 0x000001dc513b7190 flushing  nmethod 0x000001dc3dd19290
Event: 22853.278 Thread 0x000001dc513b7190 flushing  nmethod 0x000001dc3dd33410
Event: 22853.278 Thread 0x000001dc513b7190 flushing  nmethod 0x000001dc3dd34d90
Event: 22853.278 Thread 0x000001dc513b7190 flushing  nmethod 0x000001dc3dd61c10
Event: 22853.278 Thread 0x000001dc513b7190 flushing  nmethod 0x000001dc3dd62410
Event: 22853.278 Thread 0x000001dc513b7190 flushing  nmethod 0x000001dc3dd62c10
Event: 22853.278 Thread 0x000001dc513b7190 flushing  nmethod 0x000001dc3dd65490
Event: 22853.278 Thread 0x000001dc513b7190 flushing  nmethod 0x000001dc3dd66010
Event: 22853.278 Thread 0x000001dc513b7190 flushing  nmethod 0x000001dc3ddf4090

Events (20 events):
Event: 22811.850 Thread 0x000001dc513f7330 Thread added: 0x000001dc9d58e060
Event: 22812.364 Thread 0x000001dc513f7330 Thread added: 0x000001dc9d58cbf0
Event: 22812.820 Thread 0x000001dcaf63b950 Thread added: 0x000001dcb040db40
Event: 22812.821 Thread 0x000001dcaf63b950 Thread added: 0x000001dcb04102a0
Event: 22813.555 Thread 0x000001dcb040db40 Thread added: 0x000001dcaf02f230
Event: 22814.425 Thread 0x000001dc9d58cbf0 Thread added: 0x000001dcac6bd5d0
Event: 22816.708 Thread 0x000001dcac6bd5d0 Thread exited: 0x000001dcac6bd5d0
Event: 22821.017 Thread 0x000001dc9d58cbf0 Thread added: 0x000001dca4c65490
Event: 22823.716 Thread 0x000001dca4c65490 Thread added: 0x000001dca4c65b60
Event: 22831.173 Thread 0x000001dc9c053e50 Thread exited: 0x000001dc9c053e50
Event: 22835.611 Thread 0x000001dc9a121130 Thread added: 0x000001dcad83ef40
Event: 22839.314 Thread 0x000001dcaf63b950 Thread added: 0x000001dcb046cd30
Event: 22839.381 Thread 0x000001dcaf63b950 Thread added: 0x000001dcb046b980
Event: 22843.414 Thread 0x000001dcaf63b950 Thread added: 0x000001dcd71e6fe0
Event: 22845.792 Thread 0x000001dca4c65490 Thread added: 0x000001dcae6f2d00
Event: 22848.050 Thread 0x000001dca4c65b60 Thread exited: 0x000001dca4c65b60
Event: 22848.552 Thread 0x000001dcd71e6fe0 Thread added: 0x000001dca47b6600
Event: 22849.417 Thread 0x000001dca4c65490 Thread added: 0x000001dcd16c6ad0
Event: 22851.706 Thread 0x000001dcd16c6ad0 Thread exited: 0x000001dcd16c6ad0
Event: 22856.640 Thread 0x000001dc513f7330 Thread added: 0x000001dccd087db0


Dynamic libraries:
0x00007ff628950000 - 0x00007ff62895e000 	C:\Users\opule\AndroidStudioProjects\jdks\amazon_com_inc_-21-amd64-windows.2\bin\java.exe
0x00007ffe39500000 - 0x00007ffe39766000 	C:\WINDOWS\SYSTEM32\ntdll.dll
0x00007ffe38fc0000 - 0x00007ffe39089000 	C:\WINDOWS\System32\KERNEL32.DLL
0x00007ffe36910000 - 0x00007ffe36d0a000 	C:\WINDOWS\System32\KERNELBASE.dll
0x00007ffe37060000 - 0x00007ffe371ac000 	C:\WINDOWS\System32\ucrtbase.dll
0x00007ffe28630000 - 0x00007ffe28648000 	C:\Users\opule\AndroidStudioProjects\jdks\amazon_com_inc_-21-amd64-windows.2\bin\jli.dll
0x00007ffe2f3f0000 - 0x00007ffe2f40e000 	C:\Users\opule\AndroidStudioProjects\jdks\amazon_com_inc_-21-amd64-windows.2\bin\VCRUNTIME140.dll
0x00007ffe38df0000 - 0x00007ffe38fb7000 	C:\WINDOWS\System32\USER32.dll
0x00007ffe371b0000 - 0x00007ffe371d7000 	C:\WINDOWS\System32\win32u.dll
0x00007ffe38220000 - 0x00007ffe3824b000 	C:\WINDOWS\System32\GDI32.dll
0x00007ffe36e80000 - 0x00007ffe36fab000 	C:\WINDOWS\System32\gdi32full.dll
0x00007ffe1ab20000 - 0x00007ffe1adb2000 	C:\WINDOWS\WinSxS\amd64_microsoft.windows.common-controls_6595b64144ccf1df_6.0.26100.8521_none_3e08b75ce33403b3\COMCTL32.dll
0x00007ffe36fb0000 - 0x00007ffe37053000 	C:\WINDOWS\System32\msvcp_win.dll
0x00007ffe372b0000 - 0x00007ffe37359000 	C:\WINDOWS\System32\msvcrt.dll
0x00007ffe37270000 - 0x00007ffe372a2000 	C:\WINDOWS\System32\IMM32.DLL
0x00007ffe2f3e0000 - 0x00007ffe2f3ec000 	C:\Users\opule\AndroidStudioProjects\jdks\amazon_com_inc_-21-amd64-windows.2\bin\vcruntime140_1.dll
0x00007ffdf1700000 - 0x00007ffdf1789000 	C:\Users\opule\AndroidStudioProjects\jdks\amazon_com_inc_-21-amd64-windows.2\bin\msvcp140.dll
0x00007ffd4b720000 - 0x00007ffd4c4c8000 	C:\Users\opule\AndroidStudioProjects\jdks\amazon_com_inc_-21-amd64-windows.2\bin\server\jvm.dll
0x00007ffe38780000 - 0x00007ffe38836000 	C:\WINDOWS\System32\ADVAPI32.dll
0x00007ffe384a0000 - 0x00007ffe3854a000 	C:\WINDOWS\System32\sechost.dll
0x00007ffe39110000 - 0x00007ffe39228000 	C:\WINDOWS\System32\RPCRT4.dll
0x00007ffe39430000 - 0x00007ffe394b0000 	C:\WINDOWS\System32\WS2_32.dll
0x00007ffe365f0000 - 0x00007ffe3664e000 	C:\WINDOWS\SYSTEM32\POWRPROF.dll
0x00007ffe25a50000 - 0x00007ffe25a86000 	C:\WINDOWS\SYSTEM32\WINMM.dll
0x00007ffe2a320000 - 0x00007ffe2a32b000 	C:\WINDOWS\SYSTEM32\VERSION.dll
0x00007ffe365d0000 - 0x00007ffe365e4000 	C:\WINDOWS\SYSTEM32\UMPDC.dll
0x00007ffe35520000 - 0x00007ffe3553b000 	C:\WINDOWS\SYSTEM32\kernel.appcore.dll
0x00007ffe28620000 - 0x00007ffe2862a000 	C:\Users\opule\AndroidStudioProjects\jdks\amazon_com_inc_-21-amd64-windows.2\bin\jimage.dll
0x00007ffe33d60000 - 0x00007ffe33fa2000 	C:\WINDOWS\SYSTEM32\DBGHELP.DLL
0x00007ffe38a60000 - 0x00007ffe38de3000 	C:\WINDOWS\System32\combase.dll
0x00007ffe37cb0000 - 0x00007ffe37d89000 	C:\WINDOWS\System32\OLEAUT32.dll
0x00007ffe1a500000 - 0x00007ffe1a53b000 	C:\WINDOWS\SYSTEM32\dbgcore.DLL
0x00007ffe36dd0000 - 0x00007ffe36e78000 	C:\WINDOWS\System32\bcryptPrimitives.dll
0x00007ffe25850000 - 0x00007ffe25860000 	C:\Users\opule\AndroidStudioProjects\jdks\amazon_com_inc_-21-amd64-windows.2\bin\instrument.dll
0x00007ffe0b300000 - 0x00007ffe0b321000 	C:\Users\opule\AndroidStudioProjects\jdks\amazon_com_inc_-21-amd64-windows.2\bin\java.dll
0x00007ffe37460000 - 0x00007ffe37be4000 	C:\WINDOWS\System32\SHELL32.dll
0x00007ffe34330000 - 0x00007ffe34bb0000 	C:\WINDOWS\SYSTEM32\windows.storage.dll
0x00007ffe38610000 - 0x00007ffe38706000 	C:\WINDOWS\System32\SHCORE.dll
0x00007ffe38710000 - 0x00007ffe38777000 	C:\WINDOWS\System32\shlwapi.dll
0x00007ffe366b0000 - 0x00007ffe366d9000 	C:\WINDOWS\SYSTEM32\profapi.dll
0x00007ffdaa180000 - 0x00007ffdaa257000 	C:\Users\opule\AndroidStudioProjects\jdks\amazon_com_inc_-21-amd64-windows.2\bin\jsvml.dll
0x00007ffe08070000 - 0x00007ffe08088000 	C:\Users\opule\AndroidStudioProjects\jdks\amazon_com_inc_-21-amd64-windows.2\bin\zip.dll
0x00007ffe00200000 - 0x00007ffe00211000 	C:\Users\opule\AndroidStudioProjects\jdks\amazon_com_inc_-21-amd64-windows.2\bin\net.dll
0x00007ffe2f940000 - 0x00007ffe2fa69000 	C:\WINDOWS\SYSTEM32\WINHTTP.dll
0x00007ffe35a90000 - 0x00007ffe35afc000 	C:\WINDOWS\system32\mswsock.dll
0x00007ffe001e0000 - 0x00007ffe001f6000 	C:\Users\opule\AndroidStudioProjects\jdks\amazon_com_inc_-21-amd64-windows.2\bin\nio.dll
0x00007ffe1cbc0000 - 0x00007ffe1cbd0000 	C:\Users\opule\AndroidStudioProjects\jdks\amazon_com_inc_-21-amd64-windows.2\bin\verify.dll
0x00007ffe080d0000 - 0x00007ffe080f7000 	C:\Users\opule\AndroidStudioProjects\native\660c5614fbf4a5f2a75b1949f50a0caf5cd603558e7d8a26e50b933a0cfb79d1\windows-amd64\native-platform.dll
0x00007ffdbdcc0000 - 0x00007ffdbdd37000 	C:\Users\opule\AndroidStudioProjects\native\0.2.8\x86_64-windows-gnu\gradle-fileevents.dll
0x00007ffe2b2b0000 - 0x00007ffe2b2ba000 	C:\Users\opule\AndroidStudioProjects\jdks\amazon_com_inc_-21-amd64-windows.2\bin\management.dll
0x00007ffe28c20000 - 0x00007ffe28c2c000 	C:\Users\opule\AndroidStudioProjects\jdks\amazon_com_inc_-21-amd64-windows.2\bin\management_ext.dll
0x00007ffe38a50000 - 0x00007ffe38a58000 	C:\WINDOWS\System32\PSAPI.DLL
0x00007ffe34f40000 - 0x00007ffe34f73000 	C:\WINDOWS\SYSTEM32\IPHLPAPI.DLL
0x00007ffe39230000 - 0x00007ffe3923a000 	C:\WINDOWS\System32\NSI.dll
0x00007ffe28c10000 - 0x00007ffe28c19000 	C:\Users\opule\AndroidStudioProjects\jdks\amazon_com_inc_-21-amd64-windows.2\bin\extnet.dll
0x00007ffe35d70000 - 0x00007ffe35d8b000 	C:\WINDOWS\SYSTEM32\CRYPTSP.dll
0x00007ffe35480000 - 0x00007ffe354b9000 	C:\WINDOWS\system32\rsaenh.dll
0x00007ffe35b40000 - 0x00007ffe35b73000 	C:\WINDOWS\SYSTEM32\USERENV.dll
0x00007ffe36680000 - 0x00007ffe366aa000 	C:\WINDOWS\SYSTEM32\bcrypt.dll
0x00007ffe35d90000 - 0x00007ffe35d9c000 	C:\WINDOWS\SYSTEM32\CRYPTBASE.dll
0x00007ffe28bd0000 - 0x00007ffe28bde000 	C:\Users\opule\AndroidStudioProjects\jdks\amazon_com_inc_-21-amd64-windows.2\bin\sunmscapi.dll
0x00007ffe36790000 - 0x00007ffe36908000 	C:\WINDOWS\System32\CRYPT32.dll
0x00007ffe35f90000 - 0x00007ffe35fc0000 	C:\WINDOWS\SYSTEM32\ncrypt.dll
0x00007ffe35f40000 - 0x00007ffe35f7f000 	C:\WINDOWS\SYSTEM32\NTASN1.dll
0x00007ffdf4800000 - 0x00007ffdf4808000 	C:\WINDOWS\system32\wshunix.dll
0x00007ffe28c40000 - 0x00007ffe28c47000 	C:\Users\opule\AndroidStudioProjects\jdks\amazon_com_inc_-21-amd64-windows.2\bin\rmi.dll
0x00007ffe35640000 - 0x00007ffe35676000 	C:\WINDOWS\SYSTEM32\ntmarta.dll
0x00007ffdac600000 - 0x00007ffdac793000 	C:\Users\opule\AndroidStudioProjects\jdks\amazon_com_inc_-21-amd64-windows.2\bin\awt.dll
0x00007ffe33290000 - 0x00007ffe33330000 	C:\WINDOWS\SYSTEM32\apphelp.dll
0x00007ffe33490000 - 0x00007ffe3353a000 	C:\WINDOWS\system32\uxtheme.dll
0x00007ffe388f0000 - 0x00007ffe38a4d000 	C:\WINDOWS\System32\MSCTF.dll
0x00007ffe38300000 - 0x00007ffe38498000 	C:\WINDOWS\System32\ole32.dll
0x00007ffd66050000 - 0x00007ffd66139000 	C:\Users\opule\AppData\Local\Temp\sqlite-3.41.2.2-36f864cc-ea53-4ea1-ae3d-4cb40e5ba2f8-sqlitejdbc.dll
0x00007ffe34fe0000 - 0x00007ffe3512a000 	C:\WINDOWS\SYSTEM32\DNSAPI.dll
0x00007ffe35890000 - 0x00007ffe3589d000 	C:\WINDOWS\SYSTEM32\DSPARSE.dll
0x00007ffe2e570000 - 0x00007ffe2e57b000 	C:\Windows\System32\rasadhlp.dll
0x00007ffe2fe30000 - 0x00007ffe2feb6000 	C:\WINDOWS\System32\fwpuclnt.dll

JVMTI agents:
C:\Users\opule\AndroidStudioProjects\wrapper\dists\gradle-9.3.1-bin\23ovyewtku6u96viwx3xl3oks\gradle-9.3.1\lib\agents\gradle-instrumentation-agent-9.3.1.jar path:C:\Users\opule\AndroidStudioProjects\jdks\amazon_com_inc_-21-amd64-windows.2\bin\instrument.dll, loaded, initialized, instrumentlib options:none

dbghelp: loaded successfully - version: 4.0.5 - missing functions: none
symbol engine: initialized successfully - sym options: 0x614 - pdb path: .;C:\Users\opule\AndroidStudioProjects\jdks\amazon_com_inc_-21-amd64-windows.2\bin;C:\WINDOWS\SYSTEM32;C:\WINDOWS\WinSxS\amd64_microsoft.windows.common-controls_6595b64144ccf1df_6.0.26100.8521_none_3e08b75ce33403b3;C:\Users\opule\AndroidStudioProjects\jdks\amazon_com_inc_-21-amd64-windows.2\bin\server;C:\Users\opule\AndroidStudioProjects\native\660c5614fbf4a5f2a75b1949f50a0caf5cd603558e7d8a26e50b933a0cfb79d1\windows-amd64;C:\Users\opule\AndroidStudioProjects\native\0.2.8\x86_64-windows-gnu;C:\Users\opule\AppData\Local\Temp

VM Arguments:
jvm_args: --add-opens=java.base/java.lang=ALL-UNNAMED --add-opens=java.base/java.lang.invoke=ALL-UNNAMED --add-opens=java.base/java.util=ALL-UNNAMED --add-opens=java.prefs/java.util.prefs=ALL-UNNAMED --add-exports=jdk.compiler/com.sun.tools.javac.api=ALL-UNNAMED --add-exports=jdk.compiler/com.sun.tools.javac.util=ALL-UNNAMED --add-opens=java.base/java.util=ALL-UNNAMED --add-opens=java.prefs/java.util.prefs=ALL-UNNAMED --add-opens=java.base/java.nio.charset=ALL-UNNAMED --add-opens=java.base/java.net=ALL-UNNAMED --add-opens=java.base/java.util.concurrent=ALL-UNNAMED --add-opens=java.base/java.util.concurrent.atomic=ALL-UNNAMED --add-opens=java.xml/javax.xml.namespace=ALL-UNNAMED --add-opens=java.base/java.time=ALL-UNNAMED -Xmx4096M -Dfile.encoding=UTF-8 -Duser.country=IN -Duser.language=en -Duser.variant -javaagent:C:\Users\opule\AndroidStudioProjects\wrapper\dists\gradle-9.3.1-bin\23ovyewtku6u96viwx3xl3oks\gradle-9.3.1\lib\agents\gradle-instrumentation-agent-9.3.1.jar 
java_command: org.gradle.launcher.daemon.bootstrap.GradleDaemon 9.3.1
java_class_path (initial): C:\Users\opule\AndroidStudioProjects\wrapper\dists\gradle-9.3.1-bin\23ovyewtku6u96viwx3xl3oks\gradle-9.3.1\lib\gradle-daemon-main-9.3.1.jar
Launcher Type: SUN_STANDARD

[Global flags]
     intx CICompilerCount                          = 12                                        {product} {ergonomic}
     uint ConcGCThreads                            = 3                                         {product} {ergonomic}
     uint G1ConcRefinementThreads                  = 13                                        {product} {ergonomic}
   size_t G1HeapRegionSize                         = 2097152                                   {product} {ergonomic}
    uintx GCDrainStackTargetSize                   = 64                                        {product} {ergonomic}
   size_t InitialHeapSize                          = 264241152                                 {product} {ergonomic}
   size_t MarkStackSize                            = 4194304                                   {product} {ergonomic}
   size_t MaxHeapSize                              = 4294967296                                {product} {command line}
   size_t MaxNewSize                               = 2575302656                                {product} {ergonomic}
   size_t MinHeapDeltaBytes                        = 2097152                                   {product} {ergonomic}
   size_t MinHeapSize                              = 8388608                                   {product} {ergonomic}
    uintx NonNMethodCodeHeapSize                   = 7602480                                {pd product} {ergonomic}
    uintx NonProfiledCodeHeapSize                  = 122027880                              {pd product} {ergonomic}
    uintx ProfiledCodeHeapSize                     = 122027880                              {pd product} {ergonomic}
    uintx ReservedCodeCacheSize                    = 251658240                              {pd product} {ergonomic}
     bool SegmentedCodeCache                       = true                                      {product} {ergonomic}
   size_t SoftMaxHeapSize                          = 4294967296                             {manageable} {ergonomic}
     bool UseCompressedOops                        = true                           {product lp64_product} {ergonomic}
     bool UseG1GC                                  = true                                      {product} {ergonomic}
     bool UseLargePagesIndividualAllocation        = false                                  {pd product} {ergonomic}

Logging:
Log output configuration:
 #0: stdout all=warning uptime,level,tags foldmultilines=false
 #1: stderr all=off uptime,level,tags foldmultilines=false

Release file:
IMPLEMENTOR="Amazon.com Inc." 
IMPLEMENTOR_VERSION="Corretto-21.0.11.10.1" 
JAVA_RUNTIME_VERSION="21.0.11+10-LTS" 
JAVA_VERSION="21.0.11" 
JAVA_VERSION_DATE="2026-04-21" 
LIBC="default" 
MODULES="java.base java.compiler java.datatransfer java.xml java.prefs java.desktop java.instrument java.logging java.management java.security.sasl java.naming java.rmi java.management.rmi java.net.http java.scripting java.security.jgss java.transaction.xa java.sql java.sql.rowset java.xml.crypto java.se java.smartcardio jdk.accessibility jdk.internal.jvmstat jdk.attach jdk.charsets jdk.internal.opt jdk.zipfs jdk.compiler jdk.crypto.ec jdk.crypto.cryptoki jdk.crypto.mscapi jdk.dynalink jdk.internal.ed jdk.editpad jdk.hotspot.agent jdk.httpserver jdk.incubator.vector jdk.internal.le jdk.internal.vm.ci jdk.internal.vm.compiler jdk.internal.vm.compiler.management jdk.jartool jdk.javadoc jdk.jcmd jdk.management jdk.management.agent jdk.jconsole jdk.jdeps jdk.jdwp.agent jdk.jdi jdk.jfr jdk.jlink jdk.jpackage jdk.jshell jdk.jsobject jdk.jstatd jdk.localedata jdk.management.jfr jdk.naming.dns jdk.naming.rmi jdk.net jdk.nio.mapmode jdk.random jdk.sctp jdk.security.auth jdk.security.jgss jdk.unsupported jdk.unsupported.desktop jdk.xml.dom" 
OS_ARCH="x86_64" 
OS_NAME="Windows" 
SOURCE="" 

Environment Variables:
JAVA_HOME=C:\Program Files\Eclipse Adoptium\jdk-17.0.17.10-hotspot
PATH=C:\Program Files\Eclipse Adoptium\jdk-17.0.17.10-hotspot\bin;C:\Program Files\Eclipse Adoptium\jdk-25.0.1.8-hotspot\bin;C:\Program Files\Common Files\Oracle\Java\javapath;C:\Windows\system32;C:\Windows;C:\Windows\System32\Wbem;C:\Windows\System32\WindowsPowerShell\v1.0\;C:\Windows\System32\OpenSSH\;C:\Program Files (x86)\NVIDIA Corporation\PhysX\Common;C:\Program Files (x86)\HP\Common\HPDestPlgIn\;C:\WINDOWS\system32;C:\WINDOWS;C:\WINDOWS\System32\Wbem;C:\WINDOWS\System32\WindowsPowerShell\v1.0\;C:\WINDOWS\System32\OpenSSH\;C:\Program Files\NVIDIA Corporation\NVIDIA app\NvDLISR;C:\Program Files\nodejs\;C:\Program Files\Git\cmd;C:\Program Files\CMake\bin;C:\Users\opule\AppData\Roaming\npm;C:\MinGW\bin;C:\Program Files\Microsoft SQL Server\120\Tools\Binn\;C:\Program Files\Microsoft SQL Server\Client SDK\ODBC\170\Tools\Binn\;C:\Program Files (x86)\Microsoft SQL Server\150\Tools\Binn\;C:\Program Files\Microsoft SQL Server\150\Tools\Binn\;C:\Program Files\Microsoft SQL Server\150\DTS\Binn\;C:\Program Files\dotnet\;C:\Program Files\GitHub CLI\;C:\Users\opule\AppData\Local\Programs\Python\Python313\Scripts\;C:\Users\opule\AppData\Local\Programs\Python\Python313\;C:\Users\opule\AppData\Local\Microsoft\WindowsApps;C:\Program Files (x86)\HP\Common\HPDestPlgIn\;C:\Users\opule\AppData\Roaming\npm;C:\Program Files\JetBrains\IntelliJ IDEA 2025.2.3\bin;C:\Users\opule\AppData\Local\Programs\Ollama;C:\Users\opule\AppData\Local\Programs\Antigravity\bin;C:\Users\opule\AppData\Local\JetBrains\Toolbox\scripts;C:\Users\opule\AppData\Local\Programs\Antigravity IDE\bin
USERNAME=Gurujeet
OS=Windows_NT
PROCESSOR_IDENTIFIER=Intel64 Family 6 Model 154 Stepping 3, GenuineIntel
TMP=C:\Users\opule\AppData\Local\Temp
TEMP=C:\Users\opule\AppData\Local\Temp




Periodic native trim disabled

---------------  S Y S T E M  ---------------

OS:
 Windows 11 , 64 bit Build 26100 (10.0.26100.8521)
OS uptime: 0 days 19:20 hours
Hyper-V role detected

CPU: total 16 (initial active 16) (8 cores per cpu, 2 threads per core) family 6 model 154 stepping 3 microcode 0x432, cx8, cmov, fxsr, ht, mmx, 3dnowpref, sse, sse2, sse3, ssse3, sse4.1, sse4.2, popcnt, lzcnt, tsc, tscinvbit, avx, avx2, aes, erms, clmul, bmi1, bmi2, adx, sha, fma, vzeroupper, clflush, clflushopt, clwb, hv, serialize, rdtscp, rdpid, fsrm, f16c, cet_ibt, cet_ss
Processor Information for processor 0
  Max Mhz: 2500, Current Mhz: 2500, Mhz Limit: 2500
Processor Information for processor 1
  Max Mhz: 2500, Current Mhz: 2500, Mhz Limit: 2500
Processor Information for processor 2
  Max Mhz: 2500, Current Mhz: 2500, Mhz Limit: 2500
Processor Information for processor 3
  Max Mhz: 2500, Current Mhz: 2500, Mhz Limit: 2500
Processor Information for processor 4
  Max Mhz: 2500, Current Mhz: 2500, Mhz Limit: 2500
Processor Information for processor 5
  Max Mhz: 2500, Current Mhz: 2500, Mhz Limit: 2500
Processor Information for processor 6
  Max Mhz: 2500, Current Mhz: 2500, Mhz Limit: 2500
Processor Information for processor 7
  Max Mhz: 2500, Current Mhz: 2500, Mhz Limit: 2500
Processor Information for processor 8
  Max Mhz: 2500, Current Mhz: 1500, Mhz Limit: 1800
Processor Information for processor 9
  Max Mhz: 2500, Current Mhz: 1800, Mhz Limit: 1800
Processor Information for processor 10
  Max Mhz: 2500, Current Mhz: 1500, Mhz Limit: 1800
Processor Information for processor 11
  Max Mhz: 2500, Current Mhz: 1500, Mhz Limit: 1800
Processor Information for processor 12
  Max Mhz: 2500, Current Mhz: 1500, Mhz Limit: 1800
Processor Information for processor 13
  Max Mhz: 2500, Current Mhz: 1500, Mhz Limit: 1800
Processor Information for processor 14
  Max Mhz: 2500, Current Mhz: 1500, Mhz Limit: 1800
Processor Information for processor 15
  Max Mhz: 2500, Current Mhz: 1500, Mhz Limit: 1800

Memory: 4k page, system-wide physical 16053M (761M free)
TotalPageFile size 38984M (AvailPageFile size 132M)
current process WorkingSet (physical memory assigned to process): 3095M, peak: 3098M
current process commit charge ("private bytes"): 3813M, peak: 4106M

vm_info: OpenJDK 64-Bit Server VM (21.0.11+10-LTS) for windows-amd64 JRE (21.0.11+10-LTS), built on 2026-04-18T07:30:30Z by "Administrator" with MS VC++ 17.14 (VS2022)

END.
